sample_id,repository,bug_id,commit,id,file,function,label,probability
PySnooper_1_e21a31162f4c_pysnooper/tracer.py_write_1,PySnooper,1,e21a31162f4c54be693d8ca8260e42393b39abd3,pysnooper/tracer.py:write,pysnooper/tracer.py,write,1,0.3223432669311643
PySnooper_1_e21a31162f4c_pysnooper/tracer.py_get_source_from_frame_1,PySnooper,1,e21a31162f4c54be693d8ca8260e42393b39abd3,pysnooper/tracer.py:get_source_from_frame,pysnooper/tracer.py,get_source_from_frame,1,0.6227640237131892
PySnooper_1_e21a31162f4c_tests/utils.py__check_name_0,PySnooper,1,e21a31162f4c54be693d8ca8260e42393b39abd3,tests/utils.py:_check_name,tests/utils.py,_check_name,0,0.5409042121577364
PySnooper_1_e21a31162f4c_pysnooper/tracer.py__is_internal_frame_0,PySnooper,1,e21a31162f4c54be693d8ca8260e42393b39abd3,pysnooper/tracer.py:_is_internal_frame,pysnooper/tracer.py,_is_internal_frame,0,0.34881732865011555
PySnooper_1_e21a31162f4c_misc/generate_authors.py_print_authors_0,PySnooper,1,e21a31162f4c54be693d8ca8260e42393b39abd3,misc/generate_authors.py:print_authors,misc/generate_authors.py,print_authors,0,0.2433189073222213
PySnooper_1_e21a31162f4c_tests/utils.py_assert_sample_output_0,PySnooper,1,e21a31162f4c54be693d8ca8260e42393b39abd3,tests/utils.py:assert_sample_output,tests/utils.py,assert_sample_output,0,0.3083931278099488
PySnooper_1_e21a31162f4c_pysnooper/variables.py__get_value_0,PySnooper,1,e21a31162f4c54be693d8ca8260e42393b39abd3,pysnooper/variables.py:_get_value,pysnooper/variables.py,_get_value,0,0.3504571154952218
PySnooper_1_e21a31162f4c_pysnooper/variables.py__format_key_0,PySnooper,1,e21a31162f4c54be693d8ca8260e42393b39abd3,pysnooper/variables.py:_format_key,pysnooper/variables.py,_format_key,0,0.2811979224644403
PySnooper_2_e21a31162f4c_pysnooper/utils.py_ensure_tuple_1,PySnooper,2,e21a31162f4c54be693d8ca8260e42393b39abd3,pysnooper/utils.py:ensure_tuple,pysnooper/utils.py,ensure_tuple,1,0.31092066831260695
PySnooper_2_e21a31162f4c_pysnooper/tracer.py_get_source_from_frame_1,PySnooper,2,e21a31162f4c54be693d8ca8260e42393b39abd3,pysnooper/tracer.py:get_source_from_frame,pysnooper/tracer.py,get_source_from_frame,1,0.6227640237131892
PySnooper_2_e21a31162f4c_pysnooper/tracer.py___exit___1,PySnooper,2,e21a31162f4c54be693d8ca8260e42393b39abd3,pysnooper/tracer.py:__exit__,pysnooper/tracer.py,__exit__,1,0.4337666447051133
PySnooper_2_e21a31162f4c_pysnooper/tracer.py___enter___1,PySnooper,2,e21a31162f4c54be693d8ca8260e42393b39abd3,pysnooper/tracer.py:__enter__,pysnooper/tracer.py,__enter__,1,0.34749245513965826
PySnooper_2_e21a31162f4c_pysnooper/tracer.py_trace_1,PySnooper,2,e21a31162f4c54be693d8ca8260e42393b39abd3,pysnooper/tracer.py:trace,pysnooper/tracer.py,trace,1,0.8917330522643676
PySnooper_2_e21a31162f4c_pysnooper/variables.py__items_1,PySnooper,2,e21a31162f4c54be693d8ca8260e42393b39abd3,pysnooper/variables.py:_items,pysnooper/variables.py,_items,1,0.600115257537364
PySnooper_2_e21a31162f4c_pysnooper/tracer.py_write_1,PySnooper,2,e21a31162f4c54be693d8ca8260e42393b39abd3,pysnooper/tracer.py:write,pysnooper/tracer.py,write,1,0.3223432669311643
PySnooper_2_e21a31162f4c_pysnooper/utils.py_get_shortish_repr_1,PySnooper,2,e21a31162f4c54be693d8ca8260e42393b39abd3,pysnooper/utils.py:get_shortish_repr,pysnooper/utils.py,get_shortish_repr,1,0.31584611160338155
PySnooper_2_e21a31162f4c_pysnooper/tracer.py___call___1,PySnooper,2,e21a31162f4c54be693d8ca8260e42393b39abd3,pysnooper/tracer.py:__call__,pysnooper/tracer.py,__call__,1,0.6594919862897644
PySnooper_2_e21a31162f4c_pysnooper/tracer.py_get_local_reprs_1,PySnooper,2,e21a31162f4c54be693d8ca8260e42393b39abd3,pysnooper/tracer.py:get_local_reprs,pysnooper/tracer.py,get_local_reprs,1,0.4065716897749595
PySnooper_2_e21a31162f4c_pysnooper/tracer.py___init___1,PySnooper,2,e21a31162f4c54be693d8ca8260e42393b39abd3,pysnooper/tracer.py:__init__,pysnooper/tracer.py,__init__,1,0.6782959796923541
PySnooper_2_e21a31162f4c_pysnooper/variables.py__keys_0,PySnooper,2,e21a31162f4c54be693d8ca8260e42393b39abd3,pysnooper/variables.py:_keys,pysnooper/variables.py,_keys,0,0.28787651802755604
PySnooper_2_e21a31162f4c_pysnooper/variables.py_items_0,PySnooper,2,e21a31162f4c54be693d8ca8260e42393b39abd3,pysnooper/variables.py:items,pysnooper/variables.py,items,0,0.4072430707442591
PySnooper_2_e21a31162f4c_pysnooper/utils.py_shitcode_0,PySnooper,2,e21a31162f4c54be693d8ca8260e42393b39abd3,pysnooper/utils.py:shitcode,pysnooper/utils.py,shitcode,0,0.22978685926350495
PySnooper_2_e21a31162f4c_tests/samples/indentation.py_main_0,PySnooper,2,e21a31162f4c54be693d8ca8260e42393b39abd3,tests/samples/indentation.py:main,tests/samples/indentation.py,main,0,0.1772741832844044
PySnooper_2_e21a31162f4c_tests/utils.py__check_name_0,PySnooper,2,e21a31162f4c54be693d8ca8260e42393b39abd3,tests/utils.py:_check_name,tests/utils.py,_check_name,0,0.5409042121577364
PySnooper_2_e21a31162f4c_pysnooper/utils.py_write_0,PySnooper,2,e21a31162f4c54be693d8ca8260e42393b39abd3,pysnooper/utils.py:write,pysnooper/utils.py,write,0,0.27234806510739207
PySnooper_2_e21a31162f4c_tests/utils.py__check_value_0,PySnooper,2,e21a31162f4c54be693d8ca8260e42393b39abd3,tests/utils.py:_check_value,tests/utils.py,_check_value,0,0.5409042121577364
PySnooper_2_e21a31162f4c_tests/test_pysnooper.py_test_truncate_0,PySnooper,2,e21a31162f4c54be693d8ca8260e42393b39abd3,tests/test_pysnooper.py:test_truncate,tests/test_pysnooper.py,test_truncate,0,0.385870508226654
PySnooper_2_e21a31162f4c_pysnooper/pycompat.py___fspath___0,PySnooper,2,e21a31162f4c54be693d8ca8260e42393b39abd3,pysnooper/pycompat.py:__fspath__,pysnooper/pycompat.py,__fspath__,0,0.22708809628145132
PySnooper_2_e21a31162f4c_misc/generate_authors.py_print_authors_0,PySnooper,2,e21a31162f4c54be693d8ca8260e42393b39abd3,misc/generate_authors.py:print_authors,misc/generate_authors.py,print_authors,0,0.2433189073222213
PySnooper_2_e21a31162f4c_tests/samples/indentation.py_f3_0,PySnooper,2,e21a31162f4c54be693d8ca8260e42393b39abd3,tests/samples/indentation.py:f3,tests/samples/indentation.py,f3,0,0.2347098320468373
PySnooper_2_e21a31162f4c_pysnooper/variables.py__get_value_0,PySnooper,2,e21a31162f4c54be693d8ca8260e42393b39abd3,pysnooper/variables.py:_get_value,pysnooper/variables.py,_get_value,0,0.3536316183227552
PySnooper_2_e21a31162f4c_pysnooper/variables.py___getitem___0,PySnooper,2,e21a31162f4c54be693d8ca8260e42393b39abd3,pysnooper/variables.py:__getitem__,pysnooper/variables.py,__getitem__,0,0.28479785351027065
PySnooper_2_e21a31162f4c_tests/utils.py__check_content_0,PySnooper,2,e21a31162f4c54be693d8ca8260e42393b39abd3,tests/utils.py:_check_content,tests/utils.py,_check_content,0,0.40338894155463406
PySnooper_2_e21a31162f4c_tests/utils.py_event_name_0,PySnooper,2,e21a31162f4c54be693d8ca8260e42393b39abd3,tests/utils.py:event_name,tests/utils.py,event_name,0,0.24567958708455723
PySnooper_2_e21a31162f4c_tests/samples/exception.py_bar_0,PySnooper,2,e21a31162f4c54be693d8ca8260e42393b39abd3,tests/samples/exception.py:bar,tests/samples/exception.py,bar,0,0.26185904726814063
PySnooper_2_e21a31162f4c_tests/utils.py__check_stage_0,PySnooper,2,e21a31162f4c54be693d8ca8260e42393b39abd3,tests/utils.py:_check_stage,tests/utils.py,_check_stage,0,0.4191708512815856
PySnooper_2_e21a31162f4c_tests/samples/indentation.py_f4_0,PySnooper,2,e21a31162f4c54be693d8ca8260e42393b39abd3,tests/samples/indentation.py:f4,tests/samples/indentation.py,f4,0,0.21828449838886435
PySnooper_2_e21a31162f4c_tests/test_pysnooper.py_test_var_order_0,PySnooper,2,e21a31162f4c54be693d8ca8260e42393b39abd3,tests/test_pysnooper.py:test_var_order,tests/test_pysnooper.py,test_var_order,0,0.22216083514569737
PySnooper_2_e21a31162f4c_tests/samples/recursion.py_main_0,PySnooper,2,e21a31162f4c54be693d8ca8260e42393b39abd3,tests/samples/recursion.py:main,tests/samples/recursion.py,main,0,0.17718366684095607
PySnooper_2_e21a31162f4c_tests/test_pysnooper.py_test_generator_0,PySnooper,2,e21a31162f4c54be693d8ca8260e42393b39abd3,tests/test_pysnooper.py:test_generator,tests/test_pysnooper.py,test_generator,0,0.15703362385364314
PySnooper_2_e21a31162f4c_tests/test_pysnooper.py_test_watch_explode_0,PySnooper,2,e21a31162f4c54be693d8ca8260e42393b39abd3,tests/test_pysnooper.py:test_watch_explode,tests/test_pysnooper.py,test_watch_explode,0,0.20791150440572315
PySnooper_2_e21a31162f4c_setup.py_read_file_0,PySnooper,2,e21a31162f4c54be693d8ca8260e42393b39abd3,setup.py:read_file,setup.py,read_file,0,0.3039102698202544
PySnooper_2_e21a31162f4c_pysnooper/variables.py__format_key_0,PySnooper,2,e21a31162f4c54be693d8ca8260e42393b39abd3,pysnooper/variables.py:_format_key,pysnooper/variables.py,_format_key,0,0.2811979224644403
PySnooper_2_e21a31162f4c_tests/samples/indentation.py_f5_0,PySnooper,2,e21a31162f4c54be693d8ca8260e42393b39abd3,tests/samples/indentation.py:f5,tests/samples/indentation.py,f5,0,0.17013985254733444
PySnooper_2_e21a31162f4c_tests/test_pysnooper.py_test_confusing_decorator_lines_0,PySnooper,2,e21a31162f4c54be693d8ca8260e42393b39abd3,tests/test_pysnooper.py:test_confusing_decorator_lines,tests/test_pysnooper.py,test_confusing_decorator_lines,0,0.18774651472635795
PySnooper_2_e21a31162f4c_tests/utils.py__check_thread_info_0,PySnooper,2,e21a31162f4c54be693d8ca8260e42393b39abd3,tests/utils.py:_check_thread_info,tests/utils.py,_check_thread_info,0,0.5413569906858803
PySnooper_2_e21a31162f4c_tests/utils.py_assert_sample_output_0,PySnooper,2,e21a31162f4c54be693d8ca8260e42393b39abd3,tests/utils.py:assert_sample_output,tests/utils.py,assert_sample_output,0,0.3083931278099488
PySnooper_2_e21a31162f4c_tests/utils.py__check_preamble_0,PySnooper,2,e21a31162f4c54be693d8ca8260e42393b39abd3,tests/utils.py:_check_preamble,tests/utils.py,_check_preamble,0,0.47069551406837196
PySnooper_2_e21a31162f4c_pysnooper/tracer.py___getitem___0,PySnooper,2,e21a31162f4c54be693d8ca8260e42393b39abd3,pysnooper/tracer.py:__getitem__,pysnooper/tracer.py,__getitem__,0,0.34203452561916786
PySnooper_2_e21a31162f4c_pysnooper/pycompat.py___subclasshook___0,PySnooper,2,e21a31162f4c54be693d8ca8260e42393b39abd3,pysnooper/pycompat.py:__subclasshook__,pysnooper/pycompat.py,__subclasshook__,0,0.2806843238518304
PySnooper_3_6e3d797be3fa_pysnooper/pysnooper.py_get_write_function_1,PySnooper,3,6e3d797be3fa0a746fb5b1b7c7fea78eb926c208,pysnooper/pysnooper.py:get_write_function,pysnooper/pysnooper.py,get_write_function,1,0.5261880219910503
PySnooper_3_6e3d797be3fa_pysnooper/utils.py_write_0,PySnooper,3,6e3d797be3fa0a746fb5b1b7c7fea78eb926c208,pysnooper/utils.py:write,pysnooper/utils.py,write,0,0.2689998309173687
PySnooper_3_6e3d797be3fa_pysnooper/tracer.py_get_shortish_repr_0,PySnooper,3,6e3d797be3fa0a746fb5b1b7c7fea78eb926c208,pysnooper/tracer.py:get_shortish_repr,pysnooper/tracer.py,get_shortish_repr,0,0.31856129594265087
PySnooper_3_6e3d797be3fa_pysnooper/utils.py__check_methods_0,PySnooper,3,6e3d797be3fa0a746fb5b1b7c7fea78eb926c208,pysnooper/utils.py:_check_methods,pysnooper/utils.py,_check_methods,0,0.7018566163737047
PySnooper_3_6e3d797be3fa_tests/utils.py__check_source_0,PySnooper,3,6e3d797be3fa0a746fb5b1b7c7fea78eb926c208,tests/utils.py:_check_source,tests/utils.py,_check_source,0,0.5148858293270611
PySnooper_3_6e3d797be3fa_tests/utils.py___init___0,PySnooper,3,6e3d797be3fa0a746fb5b1b7c7fea78eb926c208,tests/utils.py:__init__,tests/utils.py,__init__,0,0.6176284598827215
PySnooper_3_6e3d797be3fa_pysnooper/tracer.py___enter___0,PySnooper,3,6e3d797be3fa0a746fb5b1b7c7fea78eb926c208,pysnooper/tracer.py:__enter__,pysnooper/tracer.py,__enter__,0,0.23001419522725242
ansible_1_25c5388fdec9_lib/ansible/galaxy/collection.py_verify_collections_1,ansible,1,25c5388fdec9e56517a93feb5e8d485680946c25,lib/ansible/galaxy/collection.py:verify_collections,lib/ansible/galaxy/collection.py,verify_collections,1,0.97157854110521
ansible_1_25c5388fdec9_lib/ansible/inventory/manager.py_add_host_0,ansible,1,25c5388fdec9e56517a93feb5e8d485680946c25,lib/ansible/inventory/manager.py:add_host,lib/ansible/inventory/manager.py,add_host,0,0.5555314503262863
ansible_1_25c5388fdec9_test/units/galaxy/test_collection_install.py_test_add_collection_requirement_with_conflict_0,ansible,1,25c5388fdec9e56517a93feb5e8d485680946c25,test/units/galaxy/test_collection_install.py:test_add_collection_requirement_with_conflict,test/units/galaxy/test_collection_install.py,test_add_collection_requirement_with_conflict,0,0.4187326121593688
ansible_1_25c5388fdec9_test/units/plugins/action/test_raw.py_test_raw_test_environment_is_None_0,ansible,1,25c5388fdec9e56517a93feb5e8d485680946c25,test/units/plugins/action/test_raw.py:test_raw_test_environment_is_None,test/units/plugins/action/test_raw.py,test_raw_test_environment_is_None,0,0.22793626495700703
ansible_10_e368f788f71c_lib/ansible/modules/system/pamd.py_remove_1,ansible,10,e368f788f71c338cd3f049d5d6bdc643a51c0514,lib/ansible/modules/system/pamd.py:remove,lib/ansible/modules/system/pamd.py,remove,1,0.7379061309902331
ansible_10_e368f788f71c_lib/ansible/modules/system/pamd.py___init___1,ansible,10,e368f788f71c338cd3f049d5d6bdc643a51c0514,lib/ansible/modules/system/pamd.py:__init__,lib/ansible/modules/system/pamd.py,__init__,1,0.6625529238928206
ansible_10_e368f788f71c_lib/ansible/modules/cloud/google/_gcp_url_map.py_update_url_map_0,ansible,10,e368f788f71c338cd3f049d5d6bdc643a51c0514,lib/ansible/modules/cloud/google/_gcp_url_map.py:update_url_map,lib/ansible/modules/cloud/google/_gcp_url_map.py,update_url_map,0,0.5911014255783847
ansible_10_e368f788f71c_lib/ansible/modules/network/fortios/fortios_system_ipv6_tunnel.py_fortios_system_0,ansible,10,e368f788f71c338cd3f049d5d6bdc643a51c0514,lib/ansible/modules/network/fortios/fortios_system_ipv6_tunnel.py:fortios_system,lib/ansible/modules/network/fortios/fortios_system_ipv6_tunnel.py,fortios_system,0,0.4277002743808159
ansible_10_e368f788f71c_lib/ansible/modules/cloud/cloudstack/cs_volume.py_main_0,ansible,10,e368f788f71c338cd3f049d5d6bdc643a51c0514,lib/ansible/modules/cloud/cloudstack/cs_volume.py:main,lib/ansible/modules/cloud/cloudstack/cs_volume.py,main,0,0.4247100576315745
ansible_10_e368f788f71c_lib/ansible/module_utils/network/junos/facts/lacp/lacp.py_populate_facts_0,ansible,10,e368f788f71c338cd3f049d5d6bdc643a51c0514,lib/ansible/module_utils/network/junos/facts/lacp/lacp.py:populate_facts,lib/ansible/module_utils/network/junos/facts/lacp/lacp.py,populate_facts,0,0.6541027431732627
ansible_10_e368f788f71c_lib/ansible/modules/network/f5/bigip_monitor_external.py_read_current_from_device_0,ansible,10,e368f788f71c338cd3f049d5d6bdc643a51c0514,lib/ansible/modules/network/f5/bigip_monitor_external.py:read_current_from_device,lib/ansible/modules/network/f5/bigip_monitor_external.py,read_current_from_device,0,0.5316233567716803
ansible_10_e368f788f71c_test/units/plugins/filter/test_mathstuff.py_test_max_0,ansible,10,e368f788f71c338cd3f049d5d6bdc643a51c0514,test/units/plugins/filter/test_mathstuff.py:test_max,test/units/plugins/filter/test_mathstuff.py,test_max,0,0.23100400404329233
ansible_11_da07b98b7a43_lib/ansible/modules/network/ios/ios_banner.py_map_obj_to_commands_1,ansible,11,da07b98b7a433493728ddb7ac7efbd20b8988776,lib/ansible/modules/network/ios/ios_banner.py:map_obj_to_commands,lib/ansible/modules/network/ios/ios_banner.py,map_obj_to_commands,1,0.5657422888402185
ansible_11_da07b98b7a43_lib/ansible/modules/network/ios/ios_banner.py_map_params_to_obj_1,ansible,11,da07b98b7a433493728ddb7ac7efbd20b8988776,lib/ansible/modules/network/ios/ios_banner.py:map_params_to_obj,lib/ansible/modules/network/ios/ios_banner.py,map_params_to_obj,1,0.32757044715637473
ansible_11_da07b98b7a43_lib/ansible/modules/network/ios/ios_banner.py_map_config_to_obj_1,ansible,11,da07b98b7a433493728ddb7ac7efbd20b8988776,lib/ansible/modules/network/ios/ios_banner.py:map_config_to_obj,lib/ansible/modules/network/ios/ios_banner.py,map_config_to_obj,1,0.41139698607074787
ansible_11_da07b98b7a43_test/units/cli/test_galaxy.py_test_parse_info_0,ansible,11,da07b98b7a433493728ddb7ac7efbd20b8988776,test/units/cli/test_galaxy.py:test_parse_info,test/units/cli/test_galaxy.py,test_parse_info,0,0.3058476788807605
ansible_11_da07b98b7a43_test/lib/ansible_test/_internal/env.py_get_timeout_0,ansible,11,da07b98b7a433493728ddb7ac7efbd20b8988776,test/lib/ansible_test/_internal/env.py:get_timeout,test/lib/ansible_test/_internal/env.py,get_timeout,0,0.3684344613112209
ansible_11_da07b98b7a43_lib/ansible/modules/network/fortios/fortios_log_syslogd2_setting.py_log_syslogd2_setting_0,ansible,11,da07b98b7a433493728ddb7ac7efbd20b8988776,lib/ansible/modules/network/fortios/fortios_log_syslogd2_setting.py:log_syslogd2_setting,lib/ansible/modules/network/fortios/fortios_log_syslogd2_setting.py,log_syslogd2_setting,0,0.3217801981312792
ansible_11_da07b98b7a43_lib/ansible/plugins/callback/mail.py_v2_runner_item_on_failed_0,ansible,11,da07b98b7a433493728ddb7ac7efbd20b8988776,lib/ansible/plugins/callback/mail.py:v2_runner_item_on_failed,lib/ansible/plugins/callback/mail.py,v2_runner_item_on_failed,0,0.3260916864101486
ansible_11_da07b98b7a43_lib/ansible/modules/monitoring/datadog/datadog_monitor.py_install_monitor_0,ansible,11,da07b98b7a433493728ddb7ac7efbd20b8988776,lib/ansible/modules/monitoring/datadog/datadog_monitor.py:install_monitor,lib/ansible/modules/monitoring/datadog/datadog_monitor.py,install_monitor,0,0.3342705366496501
ansible_11_da07b98b7a43_test/units/modules/network/fortios/test_fortios_system_autoupdate_schedule.py_test_system_autoupdate_schedule_creation_fails_0,ansible,11,da07b98b7a433493728ddb7ac7efbd20b8988776,test/units/modules/network/fortios/test_fortios_system_autoupdate_schedule.py:test_system_autoupdate_schedule_creation_fails,test/units/modules/network/fortios/test_fortios_system_autoupdate_schedule.py,test_system_autoupdate_schedule_creation_fails,0,0.20538538856307897
ansible_11_da07b98b7a43_lib/ansible/modules/cloud/centurylink/clc_firewall_policy.py__ensure_firewall_policy_is_absent_0,ansible,11,da07b98b7a433493728ddb7ac7efbd20b8988776,lib/ansible/modules/cloud/centurylink/clc_firewall_policy.py:_ensure_firewall_policy_is_absent,lib/ansible/modules/cloud/centurylink/clc_firewall_policy.py,_ensure_firewall_policy_is_absent,0,0.6608560816710946
ansible_11_da07b98b7a43_lib/ansible/modules/cloud/amazon/s3_bucket.py_put_bucket_versioning_0,ansible,11,da07b98b7a433493728ddb7ac7efbd20b8988776,lib/ansible/modules/cloud/amazon/s3_bucket.py:put_bucket_versioning,lib/ansible/modules/cloud/amazon/s3_bucket.py,put_bucket_versioning,0,0.40341372768152467
ansible_11_da07b98b7a43_test/units/modules/network/eos/test_eos_user.py_test_eos_user_update_password_always_0,ansible,11,da07b98b7a433493728ddb7ac7efbd20b8988776,test/units/modules/network/eos/test_eos_user.py:test_eos_user_update_password_always,test/units/modules/network/eos/test_eos_user.py,test_eos_user_update_password_always,0,0.23100439541306594
ansible_12_05e2e1806162_lib/ansible/plugins/lookup/env.py_run_1,ansible,12,05e2e1806162393d76542a75c2520c7d61c2d855,lib/ansible/plugins/lookup/env.py:run,lib/ansible/plugins/lookup/env.py,run,1,0.5058615761493819
ansible_12_05e2e1806162_lib/ansible/modules/network/eos/eos_command.py_main_0,ansible,12,05e2e1806162393d76542a75c2520c7d61c2d855,lib/ansible/modules/network/eos/eos_command.py:main,lib/ansible/modules/network/eos/eos_command.py,main,0,0.4189413670160012
ansible_12_05e2e1806162_test/units/modules/source_control/gitlab/test_gitlab_runner.py_test_update_runner_0,ansible,12,05e2e1806162393d76542a75c2520c7d61c2d855,test/units/modules/source_control/gitlab/test_gitlab_runner.py:test_update_runner,test/units/modules/source_control/gitlab/test_gitlab_runner.py,test_update_runner,0,0.20180430887736175
ansible_12_05e2e1806162_lib/ansible/modules/network/f5/bigip_monitor_dns.py___init___0,ansible,12,05e2e1806162393d76542a75c2520c7d61c2d855,lib/ansible/modules/network/f5/bigip_monitor_dns.py:__init__,lib/ansible/modules/network/f5/bigip_monitor_dns.py,__init__,0,0.2053068425558358
ansible_13_41472ee3878b_lib/ansible/galaxy/collection.py__get_collection_info_1,ansible,13,41472ee3878be215af8b933b2b04b4a72b9165ca,lib/ansible/galaxy/collection.py:_get_collection_info,lib/ansible/galaxy/collection.py,_get_collection_info,1,0.9409977909442713
ansible_13_41472ee3878b_lib/ansible/cli/galaxy.py_execute_install_1,ansible,13,41472ee3878be215af8b933b2b04b4a72b9165ca,lib/ansible/cli/galaxy.py:execute_install,lib/ansible/cli/galaxy.py,execute_install,1,0.8411295015111423
ansible_13_41472ee3878b_lib/ansible/modules/cloud/digital_ocean/digital_ocean_droplet.py_get_addresses_0,ansible,13,41472ee3878be215af8b933b2b04b4a72b9165ca,lib/ansible/modules/cloud/digital_ocean/digital_ocean_droplet.py:get_addresses,lib/ansible/modules/cloud/digital_ocean/digital_ocean_droplet.py,get_addresses,0,0.509670357599475
ansible_13_41472ee3878b_lib/ansible/modules/network/f5/bigip_asm_dos_application.py_ios_allowed_package_names_0,ansible,13,41472ee3878be215af8b933b2b04b4a72b9165ca,lib/ansible/modules/network/f5/bigip_asm_dos_application.py:ios_allowed_package_names,lib/ansible/modules/network/f5/bigip_asm_dos_application.py,ios_allowed_package_names,0,0.3857328229651354
ansible_13_41472ee3878b_lib/ansible/modules/cloud/google/gcp_compute_region_backend_service.py_response_to_hash_0,ansible,13,41472ee3878be215af8b933b2b04b4a72b9165ca,lib/ansible/modules/cloud/google/gcp_compute_region_backend_service.py:response_to_hash,lib/ansible/modules/cloud/google/gcp_compute_region_backend_service.py,response_to_hash,0,0.22769295728008393
ansible_13_41472ee3878b_lib/ansible/modules/network/fortios/fortios_system_vdom.py_is_successful_status_0,ansible,13,41472ee3878be215af8b933b2b04b4a72b9165ca,lib/ansible/modules/network/fortios/fortios_system_vdom.py:is_successful_status,lib/ansible/modules/network/fortios/fortios_system_vdom.py,is_successful_status,0,0.2645383896481363
ansible_13_41472ee3878b_lib/ansible/modules/network/f5/bigip_gtm_virtual_server.py_availability_requirement_type_0,ansible,13,41472ee3878be215af8b933b2b04b4a72b9165ca,lib/ansible/modules/network/f5/bigip_gtm_virtual_server.py:availability_requirement_type,lib/ansible/modules/network/f5/bigip_gtm_virtual_server.py,availability_requirement_type,0,0.6491978557425678
ansible_13_41472ee3878b_lib/ansible/modules/storage/netapp/na_ontap_autosupport.py_apply_0,ansible,13,41472ee3878be215af8b933b2b04b4a72b9165ca,lib/ansible/modules/storage/netapp/na_ontap_autosupport.py:apply,lib/ansible/modules/storage/netapp/na_ontap_autosupport.py,apply,0,0.4325403897395663
ansible_14_a1ab093ddbd3_lib/ansible/galaxy/api.py_fetch_role_related_1,ansible,14,a1ab093ddbd32f1002cbf6d6f184c7d0041d890d,lib/ansible/galaxy/api.py:fetch_role_related,lib/ansible/galaxy/api.py,fetch_role_related,1,0.6317496730485607
ansible_14_a1ab093ddbd3_test/units/modules/network/check_point/test_cp_mgmt_access_role_facts.py_module_mock_0,ansible,14,a1ab093ddbd32f1002cbf6d6f184c7d0041d890d,test/units/modules/network/check_point/test_cp_mgmt_access_role_facts.py:module_mock,test/units/modules/network/check_point/test_cp_mgmt_access_role_facts.py,module_mock,0,0.3078326703168853
ansible_14_a1ab093ddbd3_lib/ansible/modules/network/fortios/fortios_switch_controller_quarantine.py_switch_controller_quarantine_0,ansible,14,a1ab093ddbd32f1002cbf6d6f184c7d0041d890d,lib/ansible/modules/network/fortios/fortios_switch_controller_quarantine.py:switch_controller_quarantine,lib/ansible/modules/network/fortios/fortios_switch_controller_quarantine.py,switch_controller_quarantine,0,0.3217804945471163
ansible_14_a1ab093ddbd3_lib/ansible/modules/cloud/vultr/vultr_firewall_group.py__create_firewall_group_0,ansible,14,a1ab093ddbd32f1002cbf6d6f184c7d0041d890d,lib/ansible/modules/cloud/vultr/vultr_firewall_group.py:_create_firewall_group,lib/ansible/modules/cloud/vultr/vultr_firewall_group.py,_create_firewall_group,0,0.376027260033426
ansible_15_b1e8a6c1cbd2_lib/ansible/modules/network/eos/eos_eapi.py_map_obj_to_commands_1,ansible,15,b1e8a6c1cbd2a668b462995487b819ef7dd8ba4b,lib/ansible/modules/network/eos/eos_eapi.py:map_obj_to_commands,lib/ansible/modules/network/eos/eos_eapi.py,map_obj_to_commands,1,0.5916620646771293
ansible_15_b1e8a6c1cbd2_lib/ansible/modules/network/fortios/fortios_system_replacemsg_fortiguard_wf.py_filter_system_replacemsg_fortiguard_wf_data_0,ansible,15,b1e8a6c1cbd2a668b462995487b819ef7dd8ba4b,lib/ansible/modules/network/fortios/fortios_system_replacemsg_fortiguard_wf.py:filter_system_replacemsg_fortiguard_wf_data,lib/ansible/modules/network/fortios/fortios_system_replacemsg_fortiguard_wf.py,filter_system_replacemsg_fortiguard_wf_data,0,0.44633956188276863
ansible_15_b1e8a6c1cbd2_lib/ansible/modules/network/fortios/fortios_log_threat_weight.py_main_0,ansible,15,b1e8a6c1cbd2a668b462995487b819ef7dd8ba4b,lib/ansible/modules/network/fortios/fortios_log_threat_weight.py:main,lib/ansible/modules/network/fortios/fortios_log_threat_weight.py,main,0,0.20417157446775744
ansible_15_b1e8a6c1cbd2_lib/ansible/modules/network/cloudengine/ce_snmp_community.py_main_0,ansible,15,b1e8a6c1cbd2a668b462995487b819ef7dd8ba4b,lib/ansible/modules/network/cloudengine/ce_snmp_community.py:main,lib/ansible/modules/network/cloudengine/ce_snmp_community.py,main,0,0.4342714081189789
ansible_16_2a9964ede8b2_lib/ansible/module_utils/facts/hardware/linux.py_get_cpu_facts_1,ansible,16,2a9964ede8b2b77a62a005f6f5abc964b2819b0e,lib/ansible/module_utils/facts/hardware/linux.py:get_cpu_facts,lib/ansible/module_utils/facts/hardware/linux.py,get_cpu_facts,1,0.9589947442248326
ansible_16_2a9964ede8b2_test/units/parsing/vault/test_vault.py_test_encrypt_vault_id_0,ansible,16,2a9964ede8b2b77a62a005f6f5abc964b2819b0e,test/units/parsing/vault/test_vault.py:test_encrypt_vault_id,test/units/parsing/vault/test_vault.py,test_encrypt_vault_id,0,0.278565703585036
ansible_16_2a9964ede8b2_lib/ansible/modules/network/f5/bigip_monitor_tcp_echo.py_parent_0,ansible,16,2a9964ede8b2b77a62a005f6f5abc964b2819b0e,lib/ansible/modules/network/f5/bigip_monitor_tcp_echo.py:parent,lib/ansible/modules/network/f5/bigip_monitor_tcp_echo.py,parent,0,0.41440628311330757
ansible_16_2a9964ede8b2_test/units/plugins/lookup/test_password.py_test_content_written_0,ansible,16,2a9964ede8b2b77a62a005f6f5abc964b2819b0e,test/units/plugins/lookup/test_password.py:test_content_written,test/units/plugins/lookup/test_password.py,test_content_written,0,0.34801927942265254
ansible_17_9cb47832d15c_lib/ansible/module_utils/facts/hardware/linux.py_get_mount_facts_1,ansible,17,9cb47832d15c61884b30d70f9d4e0f816b064b05,lib/ansible/module_utils/facts/hardware/linux.py:get_mount_facts,lib/ansible/module_utils/facts/hardware/linux.py,get_mount_facts,1,0.7046935490815301
ansible_17_9cb47832d15c_test/units/modules/storage/netapp/test_netapp_e_host.py_test_assigned_host_ports_fail_0,ansible,17,9cb47832d15c61884b30d70f9d4e0f816b064b05,test/units/modules/storage/netapp/test_netapp_e_host.py:test_assigned_host_ports_fail,test/units/modules/storage/netapp/test_netapp_e_host.py,test_assigned_host_ports_fail,0,0.2843103615631815
ansible_17_9cb47832d15c_lib/ansible/modules/cloud/cloudstack/cs_portforward.py_present_portforwarding_rule_0,ansible,17,9cb47832d15c61884b30d70f9d4e0f816b064b05,lib/ansible/modules/cloud/cloudstack/cs_portforward.py:present_portforwarding_rule,lib/ansible/modules/cloud/cloudstack/cs_portforward.py,present_portforwarding_rule,0,0.34892298668856064
ansible_17_9cb47832d15c_test/units/modules/network/nxos/test_nxos_bgp.py_test_nxos_bgp_global_param_outside_default_0,ansible,17,9cb47832d15c61884b30d70f9d4e0f816b064b05,test/units/modules/network/nxos/test_nxos_bgp.py:test_nxos_bgp_global_param_outside_default,test/units/modules/network/nxos/test_nxos_bgp.py,test_nxos_bgp_global_param_outside_default,0,0.22137036019452347
ansible_18_bb1256ca9aa4_lib/ansible/cli/galaxy.py_execute_init_1,ansible,18,bb1256ca9aa4c22225dbeef0ef23a20fa9388b2f,lib/ansible/cli/galaxy.py:execute_init,lib/ansible/cli/galaxy.py,execute_init,1,0.5103923327134019
ansible_18_bb1256ca9aa4_lib/ansible/cli/galaxy.py_init_parser_1,ansible,18,bb1256ca9aa4c22225dbeef0ef23a20fa9388b2f,lib/ansible/cli/galaxy.py:init_parser,lib/ansible/cli/galaxy.py,init_parser,1,0.02545955273758495
ansible_18_bb1256ca9aa4_test/units/modules/storage/netapp/test_na_ontap_user_role.py_test_create_error_0,ansible,18,bb1256ca9aa4c22225dbeef0ef23a20fa9388b2f,test/units/modules/storage/netapp/test_na_ontap_user_role.py:test_create_error,test/units/modules/storage/netapp/test_na_ontap_user_role.py,test_create_error,0,0.4262727187616606
ansible_18_bb1256ca9aa4_lib/ansible/modules/monitoring/zabbix/zabbix_map.py__get_scales_0,ansible,18,bb1256ca9aa4c22225dbeef0ef23a20fa9388b2f,lib/ansible/modules/monitoring/zabbix/zabbix_map.py:_get_scales,lib/ansible/modules/monitoring/zabbix/zabbix_map.py,_get_scales,0,0.2911013900246938
ansible_18_bb1256ca9aa4_test/runner/lib/cloud/__init__.py_filter_0,ansible,18,bb1256ca9aa4c22225dbeef0ef23a20fa9388b2f,test/runner/lib/cloud/__init__.py:filter,test/runner/lib/cloud/__init__.py,filter,0,0.5123118448996605
ansible_18_bb1256ca9aa4_lib/ansible/modules/network/f5/bigip_gtm_server.py_link_discovery_0,ansible,18,bb1256ca9aa4c22225dbeef0ef23a20fa9388b2f,lib/ansible/modules/network/f5/bigip_gtm_server.py:link_discovery,lib/ansible/modules/network/f5/bigip_gtm_server.py,link_discovery,0,0.4943213298763371
ansible_18_bb1256ca9aa4_lib/ansible/modules/identity/ipa/ipa_sudocmd.py___init___0,ansible,18,bb1256ca9aa4c22225dbeef0ef23a20fa9388b2f,lib/ansible/modules/identity/ipa/ipa_sudocmd.py:__init__,lib/ansible/modules/identity/ipa/ipa_sudocmd.py,__init__,0,0.48577445208227227
ansible_18_bb1256ca9aa4_lib/ansible/module_utils/network/fortimanager/fortimanager.py_commit_changes_0,ansible,18,bb1256ca9aa4c22225dbeef0ef23a20fa9388b2f,lib/ansible/module_utils/network/fortimanager/fortimanager.py:commit_changes,lib/ansible/module_utils/network/fortimanager/fortimanager.py,commit_changes,0,0.7710413147424351
ansible_2_de59b17c7f69_lib/ansible/utils/version.py___ge___1,ansible,2,de59b17c7f69d5cfb72479b71776cc8b97e29a6b,lib/ansible/utils/version.py:__ge__,lib/ansible/utils/version.py,__ge__,1,0.33718359460296626
ansible_2_de59b17c7f69_lib/ansible/utils/version.py___gt___1,ansible,2,de59b17c7f69d5cfb72479b71776cc8b97e29a6b,lib/ansible/utils/version.py:__gt__,lib/ansible/utils/version.py,__gt__,1,0.32854994614410926
ansible_2_de59b17c7f69_test/support/integration/plugins/module_utils/compat/ipaddress.py__get_networks_key_0,ansible,2,de59b17c7f69d5cfb72479b71776cc8b97e29a6b,test/support/integration/plugins/module_utils/compat/ipaddress.py:_get_networks_key,test/support/integration/plugins/module_utils/compat/ipaddress.py,_get_networks_key,0,0.24121378102529567
ansible_2_de59b17c7f69_test/lib/ansible_test/_internal/coverage/combine.py__build_stub_groups_0,ansible,2,de59b17c7f69d5cfb72479b71776cc8b97e29a6b,test/lib/ansible_test/_internal/coverage/combine.py:_build_stub_groups,test/lib/ansible_test/_internal/coverage/combine.py,_build_stub_groups,0,0.6532419131024446
ansible_2_de59b17c7f69_test/units/utils/test_version.py_test_valid_0,ansible,2,de59b17c7f69d5cfb72479b71776cc8b97e29a6b,test/units/utils/test_version.py:test_valid,test/units/utils/test_version.py,test_valid,0,0.23675991720294573
ansible_2_de59b17c7f69_test/integration/targets/old_style_cache_plugins/plugins/cache/redis.py_set_0,ansible,2,de59b17c7f69d5cfb72479b71776cc8b97e29a6b,test/integration/targets/old_style_cache_plugins/plugins/cache/redis.py:set,test/integration/targets/old_style_cache_plugins/plugins/cache/redis.py,set,0,0.4293904884557092
ansible_2_de59b17c7f69_test/support/integration/plugins/modules/openssl_certificate.py__validate_csr_signature_0,ansible,2,de59b17c7f69d5cfb72479b71776cc8b97e29a6b,test/support/integration/plugins/modules/openssl_certificate.py:_validate_csr_signature,test/support/integration/plugins/modules/openssl_certificate.py,_validate_csr_signature,0,0.4677749575398989
ansible_2_de59b17c7f69_lib/ansible/modules/packaging/os/apt_key.py_all_keys_0,ansible,2,de59b17c7f69d5cfb72479b71776cc8b97e29a6b,lib/ansible/modules/packaging/os/apt_key.py:all_keys,lib/ansible/modules/packaging/os/apt_key.py,all_keys,0,0.5507472306747286
ansible_3_70219df9056f_lib/ansible/module_utils/facts/system/distribution.py_parse_distribution_file_Debian_1,ansible,3,70219df9056ffb1e2766f572fbe71f7a1800c9f5,lib/ansible/module_utils/facts/system/distribution.py:parse_distribution_file_Debian,lib/ansible/module_utils/facts/system/distribution.py,parse_distribution_file_Debian,1,0.9591892666024061
ansible_3_70219df9056f_test/lib/ansible_test/_data/sanity/validate-modules/validate_modules/main.py__validate_docs_0,ansible,3,70219df9056ffb1e2766f572fbe71f7a1800c9f5,test/lib/ansible_test/_data/sanity/validate-modules/validate_modules/main.py:_validate_docs,test/lib/ansible_test/_data/sanity/validate-modules/validate_modules/main.py,_validate_docs,0,0.7561121932366115
ansible_3_70219df9056f_lib/ansible/executor/play_iterator.py_is_failed_0,ansible,3,70219df9056ffb1e2766f572fbe71f7a1800c9f5,lib/ansible/executor/play_iterator.py:is_failed,lib/ansible/executor/play_iterator.py,is_failed,0,0.3448408994083666
ansible_3_70219df9056f_test/support/integration/plugins/modules/htpasswd.py_create_missing_directories_0,ansible,3,70219df9056ffb1e2766f572fbe71f7a1800c9f5,test/support/integration/plugins/modules/htpasswd.py:create_missing_directories,test/support/integration/plugins/modules/htpasswd.py,create_missing_directories,0,0.3513256768108417
ansible_4_d91658ec0c84_lib/ansible/playbook/collectionsearch.py__load_collections_1,ansible,4,d91658ec0c8434c82c3ef98bfe9eb4e1027a43a3,lib/ansible/playbook/collectionsearch.py:_load_collections,lib/ansible/playbook/collectionsearch.py,_load_collections,1,0.4837019016468219
ansible_4_d91658ec0c84_test/support/network-integration/collections/ansible_collections/ansible/netcommon/plugins/module_utils/compat/ipaddress.py__compat_bytes_to_byte_vals_0,ansible,4,d91658ec0c8434c82c3ef98bfe9eb4e1027a43a3,test/support/network-integration/collections/ansible_collections/ansible/netcommon/plugins/module_utils/compat/ipaddress.py:_compat_bytes_to_byte_vals,test/support/network-integration/collections/ansible_collections/ansible/netcommon/plugins/module_utils/compat/ipaddress.py,_compat_bytes_to_byte_vals,0,0.24390659469854198
ansible_4_d91658ec0c84_test/lib/ansible_test/_internal/cloud/__init__.py__get_cloud_config_0,ansible,4,d91658ec0c8434c82c3ef98bfe9eb4e1027a43a3,test/lib/ansible_test/_internal/cloud/__init__.py:_get_cloud_config,test/lib/ansible_test/_internal/cloud/__init__.py,_get_cloud_config,0,0.5834201269684703
ansible_4_d91658ec0c84_lib/ansible/modules/system/cron.py_add_env_0,ansible,4,d91658ec0c8434c82c3ef98bfe9eb4e1027a43a3,lib/ansible/modules/system/cron.py:add_env,lib/ansible/modules/system/cron.py,add_env,0,0.7719809866682042
ansible_5_2af76f16be8c_lib/ansible/module_utils/common/validation.py_check_required_arguments_1,ansible,5,2af76f16be8cf2239daaec4c2f31c3dcb4e3469e,lib/ansible/module_utils/common/validation.py:check_required_arguments,lib/ansible/module_utils/common/validation.py,check_required_arguments,1,0.5267659362988961
ansible_5_2af76f16be8c_test/integration/targets/collections/collections/ansible_collections/me/mycoll1/plugins/action/action1.py_run_0,ansible,5,2af76f16be8cf2239daaec4c2f31c3dcb4e3469e,test/integration/targets/collections/collections/ansible_collections/me/mycoll1/plugins/action/action1.py:run,test/integration/targets/collections/collections/ansible_collections/me/mycoll1/plugins/action/action1.py,run,0,0.4129352013758392
ansible_5_2af76f16be8c_test/support/integration/plugins/modules/iam_role.py_convert_friendly_names_to_arns_0,ansible,5,2af76f16be8cf2239daaec4c2f31c3dcb4e3469e,test/support/integration/plugins/modules/iam_role.py:convert_friendly_names_to_arns,test/support/integration/plugins/modules/iam_role.py,convert_friendly_names_to_arns,0,0.5162319978115613
ansible_5_2af76f16be8c_test/integration/targets/collections/collection_root_user/ansible_collections/testns/testcoll/plugins/filter/myfilters2.py_testfilter2_0,ansible,5,2af76f16be8cf2239daaec4c2f31c3dcb4e3469e,test/integration/targets/collections/collection_root_user/ansible_collections/testns/testcoll/plugins/filter/myfilters2.py:testfilter2,test/integration/targets/collections/collection_root_user/ansible_collections/testns/testcoll/plugins/filter/myfilters2.py,testfilter2,0,0.23027256783219444
ansible_6_90898132e456_lib/ansible/galaxy/collection.py__meets_requirements_1,ansible,6,90898132e456ee1993db99a1531379f1b98ee915,lib/ansible/galaxy/collection.py:_meets_requirements,lib/ansible/galaxy/collection.py,_meets_requirements,1,0.8818540426279395
ansible_6_90898132e456_lib/ansible/galaxy/collection.py_from_path_1,ansible,6,90898132e456ee1993db99a1531379f1b98ee915,lib/ansible/galaxy/collection.py:from_path,lib/ansible/galaxy/collection.py,from_path,1,0.7443578087131401
ansible_6_90898132e456_lib/ansible/galaxy/collection.py__get_collection_info_1,ansible,6,90898132e456ee1993db99a1531379f1b98ee915,lib/ansible/galaxy/collection.py:_get_collection_info,lib/ansible/galaxy/collection.py,_get_collection_info,1,0.9589967555885882
ansible_6_90898132e456_test/units/modules/network/check_point/test_cp_mgmt_threat_indicator.py__run_module_0,ansible,6,90898132e456ee1993db99a1531379f1b98ee915,test/units/modules/network/check_point/test_cp_mgmt_threat_indicator.py:_run_module,test/units/modules/network/check_point/test_cp_mgmt_threat_indicator.py,_run_module,0,0.41099407607853544
ansible_6_90898132e456_lib/ansible/module_utils/cloudstack.py_query_tags_0,ansible,6,90898132e456ee1993db99a1531379f1b98ee915,lib/ansible/module_utils/cloudstack.py:query_tags,lib/ansible/module_utils/cloudstack.py,query_tags,0,0.40806646387224904
ansible_6_90898132e456_lib/ansible/modules/network/fortios/fortios_wireless_controller_qos_profile.py_filter_wireless_controller_qos_profile_data_0,ansible,6,90898132e456ee1993db99a1531379f1b98ee915,lib/ansible/modules/network/fortios/fortios_wireless_controller_qos_profile.py:filter_wireless_controller_qos_profile_data,lib/ansible/modules/network/fortios/fortios_wireless_controller_qos_profile.py,filter_wireless_controller_qos_profile_data,0,0.4407038630268888
ansible_6_90898132e456_test/units/modules/cloud/amazon/test_s3_bucket_notification.py_test_apply_config_0,ansible,6,90898132e456ee1993db99a1531379f1b98ee915,test/units/modules/cloud/amazon/test_s3_bucket_notification.py:test_apply_config,test/units/modules/cloud/amazon/test_s3_bucket_notification.py,test_apply_config,0,0.223062447150403
ansible_6_90898132e456_lib/ansible/modules/storage/netapp/na_elementsw_volume.py_get_volume_0,ansible,6,90898132e456ee1993db99a1531379f1b98ee915,lib/ansible/modules/storage/netapp/na_elementsw_volume.py:get_volume,lib/ansible/modules/storage/netapp/na_elementsw_volume.py,get_volume,0,0.4428552286464236
ansible_6_90898132e456_lib/ansible/modules/cloud/openstack/os_user.py__get_default_project_id_0,ansible,6,90898132e456ee1993db99a1531379f1b98ee915,lib/ansible/modules/cloud/openstack/os_user.py:_get_default_project_id,lib/ansible/modules/cloud/openstack/os_user.py,_get_default_project_id,0,0.5263727371851927
ansible_6_90898132e456_lib/ansible/modules/network/f5/bigip_firewall_dos_profile.py___init___0,ansible,6,90898132e456ee1993db99a1531379f1b98ee915,lib/ansible/modules/network/f5/bigip_firewall_dos_profile.py:__init__,lib/ansible/modules/network/f5/bigip_firewall_dos_profile.py,__init__,0,0.4119049983662096
ansible_6_90898132e456_lib/ansible/modules/cloud/opennebula/one_image.py_get_image_info_0,ansible,6,90898132e456ee1993db99a1531379f1b98ee915,lib/ansible/modules/cloud/opennebula/one_image.py:get_image_info,lib/ansible/modules/cloud/opennebula/one_image.py,get_image_info,0,0.24974633446551806
ansible_6_90898132e456_lib/ansible/modules/network/f5/bigip_device_httpd.py_ssl_cipher_suite_list_0,ansible,6,90898132e456ee1993db99a1531379f1b98ee915,lib/ansible/modules/network/f5/bigip_device_httpd.py:ssl_cipher_suite_list,lib/ansible/modules/network/f5/bigip_device_httpd.py,ssl_cipher_suite_list,0,0.29354321075844464
ansible_7_cd146b836e03_lib/ansible/module_utils/network/eos/config/vlans/vlans.py_generate_commands_1,ansible,7,cd146b836e032df785ecd9eb711c6ef23c2228b8,lib/ansible/module_utils/network/eos/config/vlans/vlans.py:generate_commands,lib/ansible/module_utils/network/eos/config/vlans/vlans.py,generate_commands,1,0.572418293599867
ansible_7_cd146b836e03_test/units/modules/network/netvisor/test_pn_access_list_ip.py_test_access_list_ip_remove_0,ansible,7,cd146b836e032df785ecd9eb711c6ef23c2228b8,test/units/modules/network/netvisor/test_pn_access_list_ip.py:test_access_list_ip_remove,test/units/modules/network/netvisor/test_pn_access_list_ip.py,test_access_list_ip_remove,0,0.22898354742968852
ansible_7_cd146b836e03_lib/ansible/module_utils/network/voss/voss.py__diff_line_0,ansible,7,cd146b836e032df785ecd9eb711c6ef23c2228b8,lib/ansible/module_utils/network/voss/voss.py:_diff_line,lib/ansible/module_utils/network/voss/voss.py,_diff_line,0,0.6053055457270444
ansible_7_cd146b836e03_lib/ansible/module_utils/network/fortianalyzer/common.py_format_request_0,ansible,7,cd146b836e032df785ecd9eb711c6ef23c2228b8,lib/ansible/module_utils/network/fortianalyzer/common.py:format_request,lib/ansible/module_utils/network/fortianalyzer/common.py,format_request,0,0.6831643400081926
ansible_8_81378b3e744c_lib/ansible/plugins/shell/powershell.py_join_path_1,ansible,8,81378b3e744cd0d13b33d18a4f8a38aeb8a6e97a,lib/ansible/plugins/shell/powershell.py:join_path,lib/ansible/plugins/shell/powershell.py,join_path,1,0.43978184269287224
ansible_8_81378b3e744c_lib/ansible/modules/network/f5/bigip_dns_resolver.py__set_changed_options_0,ansible,8,81378b3e744cd0d13b33d18a4f8a38aeb8a6e97a,lib/ansible/modules/network/f5/bigip_dns_resolver.py:_set_changed_options,lib/ansible/modules/network/f5/bigip_dns_resolver.py,_set_changed_options,0,0.5136705031328325
ansible_8_81378b3e744c_test/units/modules/network/netvisor/test_pn_user.py_run_cli_patch_0,ansible,8,81378b3e744cd0d13b33d18a4f8a38aeb8a6e97a,test/units/modules/network/netvisor/test_pn_user.py:run_cli_patch,test/units/modules/network/netvisor/test_pn_user.py,run_cli_patch,0,0.6900477284486853
ansible_8_81378b3e744c_lib/ansible/plugins/callback/__init__.py_v2_runner_retry_0,ansible,8,81378b3e744cd0d13b33d18a4f8a38aeb8a6e97a,lib/ansible/plugins/callback/__init__.py:v2_runner_retry,lib/ansible/plugins/callback/__init__.py,v2_runner_retry,0,0.3823402221503133
ansible_9_9276dd2007a7_lib/ansible/modules/packaging/os/redhat_subscription.py_main_1,ansible,9,9276dd2007a73172ed99ab5a56cded4298d3cd2b,lib/ansible/modules/packaging/os/redhat_subscription.py:main,lib/ansible/modules/packaging/os/redhat_subscription.py,main,1,0.669056103057071
ansible_9_9276dd2007a7_lib/ansible/modules/packaging/os/redhat_subscription.py_subscribe_by_pool_ids_1,ansible,9,9276dd2007a73172ed99ab5a56cded4298d3cd2b,lib/ansible/modules/packaging/os/redhat_subscription.py:subscribe_by_pool_ids,lib/ansible/modules/packaging/os/redhat_subscription.py,subscribe_by_pool_ids,1,0.5180577862906169
ansible_9_9276dd2007a7_lib/ansible/modules/network/panos/_panos_dag_tags.py_main_0,ansible,9,9276dd2007a73172ed99ab5a56cded4298d3cd2b,lib/ansible/modules/network/panos/_panos_dag_tags.py:main,lib/ansible/modules/network/panos/_panos_dag_tags.py,main,0,0.352675290846889
ansible_9_9276dd2007a7_lib/ansible/plugins/callback/__init__.py__handle_exception_0,ansible,9,9276dd2007a73172ed99ab5a56cded4298d3cd2b,lib/ansible/plugins/callback/__init__.py:_handle_exception,lib/ansible/plugins/callback/__init__.py,_handle_exception,0,0.6239605984913772
ansible_9_9276dd2007a7_lib/ansible/modules/network/illumos/dladm_vnic.py_vnic_exists_0,ansible,9,9276dd2007a73172ed99ab5a56cded4298d3cd2b,lib/ansible/modules/network/illumos/dladm_vnic.py:vnic_exists,lib/ansible/modules/network/illumos/dladm_vnic.py,vnic_exists,0,0.31272755627273724
ansible_9_9276dd2007a7_lib/ansible/modules/network/fortios/fortios_ips_sensor.py_filter_ips_sensor_data_0,ansible,9,9276dd2007a73172ed99ab5a56cded4298d3cd2b,lib/ansible/modules/network/fortios/fortios_ips_sensor.py:filter_ips_sensor_data,lib/ansible/modules/network/fortios/fortios_ips_sensor.py,filter_ips_sensor_data,0,0.44492885981324604
ansible_9_9276dd2007a7_lib/ansible/modules/network/cloudengine/ce_snmp_community.py_check_snmp_v3_group_args_0,ansible,9,9276dd2007a73172ed99ab5a56cded4298d3cd2b,lib/ansible/modules/network/cloudengine/ce_snmp_community.py:check_snmp_v3_group_args,lib/ansible/modules/network/cloudengine/ce_snmp_community.py,check_snmp_v3_group_args,0,0.9558303142136885
ansible_9_9276dd2007a7_lib/ansible/modules/cloud/misc/xenserver_facts.py_get_vlans_0,ansible,9,9276dd2007a73172ed99ab5a56cded4298d3cd2b,lib/ansible/modules/cloud/misc/xenserver_facts.py:get_vlans,lib/ansible/modules/cloud/misc/xenserver_facts.py,get_vlans,0,0.2538863236900864
black_1_26c9465a22c7_black.py_reformat_many_1,black,1,26c9465a22c732ab1e17b0dec578fa3432e9b558,black.py:reformat_many,black.py,reformat_many,1,0.7176000952054719
black_1_26c9465a22c7_black.py_schedule_formatting_1,black,1,26c9465a22c732ab1e17b0dec578fa3432e9b558,black.py:schedule_formatting,black.py,schedule_formatting,1,0.9711296560896283
black_1_26c9465a22c7_tests/data/blackd_diff.py_abc_0,black,1,26c9465a22c732ab1e17b0dec578fa3432e9b558,tests/data/blackd_diff.py:abc,tests/data/blackd_diff.py,abc,0,0.2025897484533828
black_1_26c9465a22c7_tests/test_black.py_test_root_logger_not_used_directly_0,black,1,26c9465a22c732ab1e17b0dec578fa3432e9b558,tests/test_black.py:test_root_logger_not_used_directly,tests/test_black.py,test_root_logger_not_used_directly,0,0.39281312861559686
black_1_26c9465a22c7_black.py__get_key_0,black,1,26c9465a22c732ab1e17b0dec578fa3432e9b558,black.py:_get_key,black.py,_get_key,0,0.39978348098778155
black_1_26c9465a22c7_tests/data/remove_parens.py_example7_0,black,1,26c9465a22c732ab1e17b0dec578fa3432e9b558,tests/data/remove_parens.py:example7,tests/data/remove_parens.py,example7,0,0.2021939631854098
black_1_26c9465a22c7_black.py_is_triple_quoted_string_0,black,1,26c9465a22c732ab1e17b0dec578fa3432e9b558,black.py:is_triple_quoted_string,black.py,is_triple_quoted_string,0,0.3821335413600296
black_1_26c9465a22c7_black.py___normalize_f_string_0,black,1,26c9465a22c732ab1e17b0dec578fa3432e9b558,black.py:__normalize_f_string,black.py,__normalize_f_string,0,0.6740976735257749
black_10_f6643c4f0cfb_blib2to3/pgen2/driver.py__partially_consume_prefix_1,black,10,f6643c4f0cfbae1f2493fdfce46cfbae3d26f46b,blib2to3/pgen2/driver.py:_partially_consume_prefix,blib2to3/pgen2/driver.py,_partially_consume_prefix,1,0.8979046051313998
black_10_f6643c4f0cfb_blib2to3/pytree.py___init___0,black,10,f6643c4f0cfbae1f2493fdfce46cfbae3d26f46b,blib2to3/pytree.py:__init__,blib2to3/pytree.py,__init__,0,0.6430275722108229
black_10_f6643c4f0cfb_blib2to3/pytree.py_prefix_0,black,10,f6643c4f0cfbae1f2493fdfce46cfbae3d26f46b,blib2to3/pytree.py:prefix,blib2to3/pytree.py,prefix,0,0.4269810821586379
black_10_f6643c4f0cfb_tests/data/comments5.py_decorated1_0,black,10,f6643c4f0cfbae1f2493fdfce46cfbae3d26f46b,tests/data/comments5.py:decorated1,tests/data/comments5.py,decorated1,0,0.1806222147010629
black_11_283a5d53a8d5_black.py_should_explode_1,black,11,283a5d53a8d57e8e186a08c9fbf249e1fbe7bc94,black.py:should_explode,black.py,should_explode,1,0.6219364555784042
black_11_283a5d53a8d5_black.py_split_line_1,black,11,283a5d53a8d57e8e186a08c9fbf249e1fbe7bc94,black.py:split_line,black.py,split_line,1,0.9997379108303441
black_11_283a5d53a8d5_black.py_is_import_1,black,11,283a5d53a8d57e8e186a08c9fbf249e1fbe7bc94,black.py:is_import,black.py,is_import,1,0.3551619151046415
black_11_283a5d53a8d5_black.py_is_split_before_delimiter_0,black,11,283a5d53a8d57e8e186a08c9fbf249e1fbe7bc94,black.py:is_split_before_delimiter,black.py,is_split_before_delimiter,0,0.9472076945670301
black_11_283a5d53a8d5_tests/data/class_methods_new_line.py___init___0,black,11,283a5d53a8d57e8e186a08c9fbf249e1fbe7bc94,tests/data/class_methods_new_line.py:__init__,tests/data/class_methods_new_line.py,__init__,0,0.2186656047596194
black_11_283a5d53a8d5_tests/data/force_pyi.py_f_0,black,11,283a5d53a8d57e8e186a08c9fbf249e1fbe7bc94,tests/data/force_pyi.py:f,tests/data/force_pyi.py,f,0,0.17814687239324856
black_11_283a5d53a8d5_blib2to3/pgen2/pgen.py_generate_grammar_0,black,11,283a5d53a8d57e8e186a08c9fbf249e1fbe7bc94,blib2to3/pgen2/pgen.py:generate_grammar,blib2to3/pgen2/pgen.py,generate_grammar,0,0.2516265026714926
black_11_283a5d53a8d5_black.py_lib2to3_parse_0,black,11,283a5d53a8d57e8e186a08c9fbf249e1fbe7bc94,black.py:lib2to3_parse,black.py,lib2to3_parse,0,0.6993526751400935
black_11_283a5d53a8d5_black.py_can_be_split_0,black,11,283a5d53a8d57e8e186a08c9fbf249e1fbe7bc94,black.py:can_be_split,black.py,can_be_split,0,0.9647781109042963
black_11_283a5d53a8d5_blib2to3/pgen2/tokenize.py_detect_encoding_0,black,11,283a5d53a8d57e8e186a08c9fbf249e1fbe7bc94,blib2to3/pgen2/tokenize.py:detect_encoding,blib2to3/pgen2/tokenize.py,detect_encoding,0,0.7754481309263659
black_11_283a5d53a8d5_tests/test_black.py_test_read_cache_line_lengths_0,black,11,283a5d53a8d57e8e186a08c9fbf249e1fbe7bc94,tests/test_black.py:test_read_cache_line_lengths,tests/test_black.py,test_read_cache_line_lengths,0,0.36652824699568
black_12_8b340e210271_black.py_maybe_decrement_after_lambda_arguments_1,black,12,8b340e210271a8108995fd479c55dbc0a34466bd,black.py:maybe_decrement_after_lambda_arguments,black.py,maybe_decrement_after_lambda_arguments,1,0.588843220086886
black_12_8b340e210271_black.py_maybe_decrement_after_for_loop_variable_1,black,12,8b340e210271a8108995fd479c55dbc0a34466bd,black.py:maybe_decrement_after_for_loop_variable,black.py,maybe_decrement_after_for_loop_variable,1,0.588843220086886
black_12_8b340e210271_black.py_maybe_increment_for_loop_variable_1,black,12,8b340e210271a8108995fd479c55dbc0a34466bd,black.py:maybe_increment_for_loop_variable,black.py,maybe_increment_for_loop_variable,1,0.5898896842263367
black_12_8b340e210271_black.py_maybe_increment_lambda_arguments_1,black,12,8b340e210271a8108995fd479c55dbc0a34466bd,black.py:maybe_increment_lambda_arguments,black.py,maybe_increment_lambda_arguments,1,0.5898896842263367
black_12_8b340e210271_black.py_whitespace_0,black,12,8b340e210271a8108995fd479c55dbc0a34466bd,black.py:whitespace,black.py,whitespace,0,0.9999999700806144
black_12_8b340e210271_blib2to3/pytree.py_post_order_0,black,12,8b340e210271a8108995fd479c55dbc0a34466bd,blib2to3/pytree.py:post_order,blib2to3/pytree.py,post_order,0,0.330780672372573
black_12_8b340e210271_blib2to3/pgen2/parse.py_addtoken_0,black,12,8b340e210271a8108995fd479c55dbc0a34466bd,blib2to3/pgen2/parse.py:addtoken,blib2to3/pgen2/parse.py,addtoken,0,0.9267971502521588
black_12_8b340e210271_black.py_normalize_invisible_parens_0,black,12,8b340e210271a8108995fd479c55dbc0a34466bd,black.py:normalize_invisible_parens,black.py,normalize_invisible_parens,0,0.9522869417034993
black_12_8b340e210271_blib2to3/pgen2/pgen.py_calcfirst_0,black,12,8b340e210271a8108995fd479c55dbc0a34466bd,blib2to3/pgen2/pgen.py:calcfirst,blib2to3/pgen2/pgen.py,calcfirst,0,0.7193584889265944
black_12_8b340e210271_black.py_from_configuration_0,black,12,8b340e210271a8108995fd479c55dbc0a34466bd,black.py:from_configuration,black.py,from_configuration,0,0.6647862163531544
black_12_8b340e210271_tests/data/python37.py_f_0,black,12,8b340e210271a8108995fd479c55dbc0a34466bd,tests/data/python37.py:f,tests/data/python37.py,f,0,0.19902008055030532
black_12_8b340e210271_tests/data/class_methods_new_line.py___init___0,black,12,8b340e210271a8108995fd479c55dbc0a34466bd,tests/data/class_methods_new_line.py:__init__,tests/data/class_methods_new_line.py,__init__,0,0.21869346212606078
black_12_8b340e210271_tests/data/fmtonoff2.py_test_fader_0,black,12,8b340e210271a8108995fd479c55dbc0a34466bd,tests/data/fmtonoff2.py:test_fader,tests/data/fmtonoff2.py,test_fader,0,0.22154661538394957
black_12_8b340e210271_blib2to3/pytree.py_pre_order_0,black,12,8b340e210271a8108995fd479c55dbc0a34466bd,blib2to3/pytree.py:pre_order,blib2to3/pytree.py,pre_order,0,0.230867188489849
black_12_8b340e210271_blib2to3/pgen2/tokenize.py_any_0,black,12,8b340e210271a8108995fd479c55dbc0a34466bd,blib2to3/pgen2/tokenize.py:any,blib2to3/pgen2/tokenize.py,any,0,0.2680793290070009
black_13_b719d85ccc33_blib2to3/pgen2/tokenize.py_generate_tokens_1,black,13,b719d85ccc330170e40b2617307a7e3b2a0bab14,blib2to3/pgen2/tokenize.py:generate_tokens,blib2to3/pgen2/tokenize.py,generate_tokens,1,0.9859142168888008
black_13_b719d85ccc33_tests/data/class_methods_new_line.py___init___0,black,13,b719d85ccc330170e40b2617307a7e3b2a0bab14,tests/data/class_methods_new_line.py:__init__,tests/data/class_methods_new_line.py,__init__,0,0.21869663138089382
black_13_b719d85ccc33_black.py_is_yield_0,black,13,b719d85ccc330170e40b2617307a7e3b2a0bab14,black.py:is_yield,black.py,is_yield,0,0.6538081610247252
black_13_b719d85ccc33_blib2to3/pgen2/tokenize.py_group_0,black,13,b719d85ccc330170e40b2617307a7e3b2a0bab14,blib2to3/pgen2/tokenize.py:group,blib2to3/pgen2/tokenize.py,group,0,0.2643869580804327
black_14_3bdd42389128_black.py_get_future_imports_1,black,14,3bdd42389128bbbe8b64a8e050563f09bff99979,black.py:get_future_imports,black.py,get_future_imports,1,0.9464080322558613
black_14_3bdd42389128_tests/data/function.py_trailing_comma_0,black,14,3bdd42389128bbbe8b64a8e050563f09bff99979,tests/data/function.py:trailing_comma,tests/data/function.py,trailing_comma,0,0.19875398526334268
black_14_3bdd42389128_black.py_visit_simple_stmt_0,black,14,3bdd42389128bbbe8b64a8e050563f09bff99979,black.py:visit_simple_stmt,black.py,visit_simple_stmt,0,0.6561918371752886
black_14_3bdd42389128_tests/data/force_pyi.py_g_0,black,14,3bdd42389128bbbe8b64a8e050563f09bff99979,tests/data/force_pyi.py:g,tests/data/force_pyi.py,g,0,0.17819494576664033
black_15_8a8c58252cc0_black.py___init___1,black,15,8a8c58252cc023ae250d6febd24f50a8166450d4,black.py:__init__,black.py,__init__,1,0.35917871302819593
black_15_8a8c58252cc0_black.py_trim_prefix_1,black,15,8a8c58252cc023ae250d6febd24f50a8166450d4,black.py:trim_prefix,black.py,trim_prefix,1,0.37762113541115155
black_15_8a8c58252cc0_black.py_append_1,black,15,8a8c58252cc023ae250d6febd24f50a8166450d4,black.py:append,black.py,append,1,0.9999999999997111
black_15_8a8c58252cc0_black.py_maybe_increment_for_loop_variable_1,black,15,8a8c58252cc023ae250d6febd24f50a8166450d4,black.py:maybe_increment_for_loop_variable,black.py,maybe_increment_for_loop_variable,1,0.4111466506094064
black_15_8a8c58252cc0_black.py___str___1,black,15,8a8c58252cc023ae250d6febd24f50a8166450d4,black.py:__str__,black.py,__str__,1,0.4404154129018509
black_15_8a8c58252cc0_black.py_split_line_1,black,15,8a8c58252cc023ae250d6febd24f50a8166450d4,black.py:split_line,black.py,split_line,1,0.9985571328926647
black_15_8a8c58252cc0_black.py_visit_default_1,black,15,8a8c58252cc023ae250d6febd24f50a8166450d4,black.py:visit_default,black.py,visit_default,1,0.9995548186616339
black_15_8a8c58252cc0_black.py_hide_fmt_off_1,black,15,8a8c58252cc023ae250d6febd24f50a8166450d4,black.py:hide_fmt_off,black.py,hide_fmt_off,1,0.9859711798398317
black_15_8a8c58252cc0_black.py_generate_ignored_nodes_1,black,15,8a8c58252cc023ae250d6febd24f50a8166450d4,black.py:generate_ignored_nodes,black.py,generate_ignored_nodes,1,0.7768880201746151
black_15_8a8c58252cc0_black.py_leaf_from_consumed_1,black,15,8a8c58252cc023ae250d6febd24f50a8166450d4,black.py:leaf_from_consumed,black.py,leaf_from_consumed,1,0.40623463974111534
black_15_8a8c58252cc0_black.py_normalize_fmt_off_1,black,15,8a8c58252cc023ae250d6febd24f50a8166450d4,black.py:normalize_fmt_off,black.py,normalize_fmt_off,1,0.8908662994672489
black_15_8a8c58252cc0_black.py_show_1,black,15,8a8c58252cc023ae250d6febd24f50a8166450d4,black.py:show,black.py,show,1,0.3827729416172633
black_15_8a8c58252cc0_black.py_maybe_remove_trailing_comma_1,black,15,8a8c58252cc023ae250d6febd24f50a8166450d4,black.py:maybe_remove_trailing_comma,black.py,maybe_remove_trailing_comma,1,0.7684860026903226
black_15_8a8c58252cc0_black.py_visit_1,black,15,8a8c58252cc023ae250d6febd24f50a8166450d4,black.py:visit,black.py,visit,1,0.9984826183011012
black_15_8a8c58252cc0_black.py_generate_comments_1,black,15,8a8c58252cc023ae250d6febd24f50a8166450d4,black.py:generate_comments,black.py,generate_comments,1,0.9799039550861329
black_15_8a8c58252cc0_black.py_line_1,black,15,8a8c58252cc023ae250d6febd24f50a8166450d4,black.py:line,black.py,line,1,0.7437029476481688
black_15_8a8c58252cc0_black.py_container_of_1,black,15,8a8c58252cc023ae250d6febd24f50a8166450d4,black.py:container_of,black.py,container_of,1,0.6038396018952616
black_15_8a8c58252cc0_black.py_visit_unformatted_1,black,15,8a8c58252cc023ae250d6febd24f50a8166450d4,black.py:visit_unformatted,black.py,visit_unformatted,1,0.9999817459351918
black_15_8a8c58252cc0_black.py_maybe_empty_lines_1,black,15,8a8c58252cc023ae250d6febd24f50a8166450d4,black.py:maybe_empty_lines,black.py,maybe_empty_lines,1,0.6747947305398879
black_15_8a8c58252cc0_black.py_append_comment_1,black,15,8a8c58252cc023ae250d6febd24f50a8166450d4,black.py:append_comment,black.py,append_comment,1,0.71205852258108
black_15_8a8c58252cc0_tests/test_black.py_test_multi_file_force_py36_0,black,15,8a8c58252cc023ae250d6febd24f50a8166450d4,tests/test_black.py:test_multi_file_force_py36,tests/test_black.py,test_multi_file_force_py36,0,0.5888903523123722
black_15_8a8c58252cc0_blib2to3/pytree.py_optimize_0,black,15,8a8c58252cc023ae250d6febd24f50a8166450d4,blib2to3/pytree.py:optimize,blib2to3/pytree.py,optimize,0,0.2599326125436559
black_15_8a8c58252cc0_tests/data/function.py_function_signature_stress_test_0,black,15,8a8c58252cc023ae250d6febd24f50a8166450d4,tests/data/function.py:function_signature_stress_test,tests/data/function.py,function_signature_stress_test,0,0.51056477060256
black_15_8a8c58252cc0_tests/test_black.py_test_assert_equivalent_different_asts_0,black,15,8a8c58252cc023ae250d6febd24f50a8166450d4,tests/test_black.py:test_assert_equivalent_different_asts,tests/test_black.py,test_assert_equivalent_different_asts,0,0.3690648734863572
black_15_8a8c58252cc0_tests/test_black.py_isolation_0,black,15,8a8c58252cc023ae250d6febd24f50a8166450d4,tests/test_black.py:isolation,tests/test_black.py,isolation,0,0.6179771096854801
black_15_8a8c58252cc0_tests/test_black.py_test_write_cache_write_fail_0,black,15,8a8c58252cc023ae250d6febd24f50a8166450d4,tests/test_black.py:test_write_cache_write_fail,tests/test_black.py,test_write_cache_write_fail,0,0.38091582443415734
black_15_8a8c58252cc0_black.py_get_cache_info_0,black,15,8a8c58252cc023ae250d6febd24f50a8166450d4,black.py:get_cache_info,black.py,get_cache_info,0,0.3538447736374885
black_15_8a8c58252cc0_black.py_generate_trailers_to_omit_0,black,15,8a8c58252cc023ae250d6febd24f50a8166450d4,black.py:generate_trailers_to_omit,black.py,generate_trailers_to_omit,0,0.8275670349175125
black_15_8a8c58252cc0_blib2to3/pgen2/grammar.py_dump_0,black,15,8a8c58252cc023ae250d6febd24f50a8166450d4,blib2to3/pgen2/grammar.py:dump,blib2to3/pgen2/grammar.py,dump,0,0.3763166346188773
black_15_8a8c58252cc0_tests/data/empty_lines.py_g_0,black,15,8a8c58252cc023ae250d6febd24f50a8166450d4,tests/data/empty_lines.py:g,tests/data/empty_lines.py,g,0,0.618678228967695
black_15_8a8c58252cc0_black.py_done_0,black,15,8a8c58252cc023ae250d6febd24f50a8166450d4,black.py:done,black.py,done,0,0.7822646164591044
black_15_8a8c58252cc0_tests/test_black.py_test_comments_0,black,15,8a8c58252cc023ae250d6febd24f50a8166450d4,tests/test_black.py:test_comments,tests/test_black.py,test_comments,0,0.27227342391429354
black_15_8a8c58252cc0_tests/data/fmtonoff.py_spaces2_0,black,15,8a8c58252cc023ae250d6febd24f50a8166450d4,tests/data/fmtonoff.py:spaces2,tests/data/fmtonoff.py,spaces2,0,0.24328071914616214
black_15_8a8c58252cc0_tests/test_black.py_test_expression_ff_0,black,15,8a8c58252cc023ae250d6febd24f50a8166450d4,tests/test_black.py:test_expression_ff,tests/test_black.py,test_expression_ff,0,0.47398542423901874
black_15_8a8c58252cc0_black.py_from_configuration_0,black,15,8a8c58252cc023ae250d6febd24f50a8166450d4,black.py:from_configuration,black.py,from_configuration,0,0.6371558747067135
black_15_8a8c58252cc0_tests/test_black.py_test_read_cache_no_cachefile_0,black,15,8a8c58252cc023ae250d6febd24f50a8166450d4,tests/test_black.py:test_read_cache_no_cachefile,tests/test_black.py,test_read_cache_no_cachefile,0,0.38066093755574393
black_15_8a8c58252cc0_blib2to3/pytree.py_generate_matches_0,black,15,8a8c58252cc023ae250d6febd24f50a8166450d4,blib2to3/pytree.py:generate_matches,blib2to3/pytree.py,generate_matches,0,0.8532265890554825
black_15_8a8c58252cc0_docs/conf.py_get_version_0,black,15,8a8c58252cc023ae250d6febd24f50a8166450d4,docs/conf.py:get_version,docs/conf.py,get_version,0,0.28289380490195315
black_15_8a8c58252cc0_black.py_format_str_0,black,15,8a8c58252cc023ae250d6febd24f50a8166450d4,black.py:format_str,black.py,format_str,0,0.7400064643112932
black_15_8a8c58252cc0_black.py_bracket_split_succeeded_or_raise_0,black,15,8a8c58252cc023ae250d6febd24f50a8166450d4,black.py:bracket_split_succeeded_or_raise,black.py,bracket_split_succeeded_or_raise,0,0.774470056346504
black_15_8a8c58252cc0_blib2to3/pgen2/driver.py__generate_pickle_name_0,black,15,8a8c58252cc023ae250d6febd24f50a8166450d4,blib2to3/pgen2/driver.py:_generate_pickle_name,blib2to3/pgen2/driver.py,_generate_pickle_name,0,0.4574033434708614
black_15_8a8c58252cc0_tests/data/function.py_trailing_comma_0,black,15,8a8c58252cc023ae250d6febd24f50a8166450d4,tests/data/function.py:trailing_comma,tests/data/function.py,trailing_comma,0,0.1987529607780033
black_15_8a8c58252cc0_tests/data/force_pyi.py_f_0,black,15,8a8c58252cc023ae250d6febd24f50a8166450d4,tests/data/force_pyi.py:f,tests/data/force_pyi.py,f,0,0.17819379066455396
black_15_8a8c58252cc0_blib2to3/pytree.py_match_0,black,15,8a8c58252cc023ae250d6febd24f50a8166450d4,blib2to3/pytree.py:match,blib2to3/pytree.py,match,0,0.5782891623257144
black_15_8a8c58252cc0_blib2to3/pytree.py_depth_0,black,15,8a8c58252cc023ae250d6febd24f50a8166450d4,blib2to3/pytree.py:depth,blib2to3/pytree.py,depth,0,0.40333231823673793
black_15_8a8c58252cc0_black.py_is_triple_quoted_string_0,black,15,8a8c58252cc023ae250d6febd24f50a8166450d4,black.py:is_triple_quoted_string,black.py,is_triple_quoted_string,0,0.337824112325435
black_15_8a8c58252cc0_blib2to3/pytree.py_get_suffix_0,black,15,8a8c58252cc023ae250d6febd24f50a8166450d4,blib2to3/pytree.py:get_suffix,blib2to3/pytree.py,get_suffix,0,0.4101884027562595
black_15_8a8c58252cc0_tests/test_black.py_test_remove_empty_parentheses_after_class_0,black,15,8a8c58252cc023ae250d6febd24f50a8166450d4,tests/test_black.py:test_remove_empty_parentheses_after_class,tests/test_black.py,test_remove_empty_parentheses_after_class,0,0.27227342391429354
black_15_8a8c58252cc0_black.py_visit_stmt_0,black,15,8a8c58252cc023ae250d6febd24f50a8166450d4,black.py:visit_stmt,black.py,visit_stmt,0,0.7666370698257674
black_15_8a8c58252cc0_black.py_visit_async_stmt_0,black,15,8a8c58252cc023ae250d6febd24f50a8166450d4,black.py:visit_async_stmt,black.py,visit_async_stmt,0,0.6316306452639813
black_15_8a8c58252cc0_tests/data/comments3.py_func_0,black,15,8a8c58252cc023ae250d6febd24f50a8166450d4,tests/data/comments3.py:func,tests/data/comments3.py,func,0,0.47590996801188595
black_15_8a8c58252cc0_blib2to3/pgen2/tokenize.py_untokenize_0,black,15,8a8c58252cc023ae250d6febd24f50a8166450d4,blib2to3/pgen2/tokenize.py:untokenize,blib2to3/pgen2/tokenize.py,untokenize,0,0.2818353214942563
black_15_8a8c58252cc0_tests/data/function.py_func_no_args_0,black,15,8a8c58252cc023ae250d6febd24f50a8166450d4,tests/data/function.py:func_no_args,tests/data/function.py,func_no_args,0,0.30771418715575877
black_15_8a8c58252cc0_black.py___bool___0,black,15,8a8c58252cc023ae250d6febd24f50a8166450d4,black.py:__bool__,black.py,__bool__,0,0.3420162655337575
black_15_8a8c58252cc0_tests/data/empty_lines.py_f_0,black,15,8a8c58252cc023ae250d6febd24f50a8166450d4,tests/data/empty_lines.py:f,tests/data/empty_lines.py,f,0,0.761192099582747
black_15_8a8c58252cc0_tests/test_black.py_test_expression_diff_0,black,15,8a8c58252cc023ae250d6febd24f50a8166450d4,tests/test_black.py:test_expression_diff,tests/test_black.py,test_expression_diff,0,0.31015254492828204
black_15_8a8c58252cc0_black.py_normalize_string_quotes_0,black,15,8a8c58252cc023ae250d6febd24f50a8166450d4,black.py:normalize_string_quotes,black.py,normalize_string_quotes,0,0.8206435176177727
black_15_8a8c58252cc0_black.py_normalize_invisible_parens_0,black,15,8a8c58252cc023ae250d6febd24f50a8166450d4,black.py:normalize_invisible_parens,black.py,normalize_invisible_parens,0,0.9563790657459663
black_15_8a8c58252cc0_tests/data/class_blank_parentheses.py_class_under_the_func_with_blank_parentheses_0,black,15,8a8c58252cc023ae250d6febd24f50a8166450d4,tests/data/class_blank_parentheses.py:class_under_the_func_with_blank_parentheses,tests/data/class_blank_parentheses.py,class_under_the_func_with_blank_parentheses,0,0.17836782112149932
black_15_8a8c58252cc0_blib2to3/pgen2/tokenize.py_add_whitespace_0,black,15,8a8c58252cc023ae250d6febd24f50a8166450d4,blib2to3/pgen2/tokenize.py:add_whitespace,blib2to3/pgen2/tokenize.py,add_whitespace,0,0.3938144325393331
black_15_8a8c58252cc0_tests/test_black.py_test_cantfit_0,black,15,8a8c58252cc023ae250d6febd24f50a8166450d4,tests/test_black.py:test_cantfit,tests/test_black.py,test_cantfit,0,0.27227342391429354
black_15_8a8c58252cc0_black.py_path_ignored_0,black,15,8a8c58252cc023ae250d6febd24f50a8166450d4,black.py:path_ignored,black.py,path_ignored,0,0.560106063183188
black_15_8a8c58252cc0_blib2to3/pytree.py_insert_child_0,black,15,8a8c58252cc023ae250d6febd24f50a8166450d4,blib2to3/pytree.py:insert_child,blib2to3/pytree.py,insert_child,0,0.35057356097453196
black_15_8a8c58252cc0_tests/test_black.py_test_expression_0,black,15,8a8c58252cc023ae250d6febd24f50a8166450d4,tests/test_black.py:test_expression,tests/test_black.py,test_expression,0,0.27227342391429354
black_15_8a8c58252cc0_tests/test_black.py_test_failed_formatting_does_not_get_cached_0,black,15,8a8c58252cc023ae250d6febd24f50a8166450d4,tests/test_black.py:test_failed_formatting_does_not_get_cached,tests/test_black.py,test_failed_formatting_does_not_get_cached,0,0.45761867070978823
black_15_8a8c58252cc0_blib2to3/pgen2/pgen.py_dump_dfa_0,black,15,8a8c58252cc023ae250d6febd24f50a8166450d4,blib2to3/pgen2/pgen.py:dump_dfa,blib2to3/pgen2/pgen.py,dump_dfa,0,0.5321472818582663
black_15_8a8c58252cc0_blib2to3/pytree.py_type_repr_0,black,15,8a8c58252cc023ae250d6febd24f50a8166450d4,blib2to3/pytree.py:type_repr,blib2to3/pytree.py,type_repr,0,0.6169261968737713
black_15_8a8c58252cc0_tests/data/composition.py_tricky_asserts_0,black,15,8a8c58252cc023ae250d6febd24f50a8166450d4,tests/data/composition.py:tricky_asserts,tests/data/composition.py,tricky_asserts,0,0.22614264205050993
black_15_8a8c58252cc0_tests/data/comments2.py_inline_comments_in_brackets_ruin_everything_0,black,15,8a8c58252cc023ae250d6febd24f50a8166450d4,tests/data/comments2.py:inline_comments_in_brackets_ruin_everything,tests/data/comments2.py,inline_comments_in_brackets_ruin_everything,0,0.3891412657491719
black_15_8a8c58252cc0_tests/data/class_methods_new_line.py___init___0,black,15,8a8c58252cc023ae250d6febd24f50a8166450d4,tests/data/class_methods_new_line.py:__init__,tests/data/class_methods_new_line.py,__init__,0,0.2187050455109242
black_15_8a8c58252cc0_black.py_filter_cached_0,black,15,8a8c58252cc023ae250d6febd24f50a8166450d4,black.py:filter_cached,black.py,filter_cached,0,0.6479663394583653
black_15_8a8c58252cc0_blib2to3/pytree.py___init___0,black,15,8a8c58252cc023ae250d6febd24f50a8166450d4,blib2to3/pytree.py:__init__,blib2to3/pytree.py,__init__,0,0.7456237533197901
black_15_8a8c58252cc0_blib2to3/pgen2/parse.py_shift_0,black,15,8a8c58252cc023ae250d6febd24f50a8166450d4,blib2to3/pgen2/parse.py:shift,blib2to3/pgen2/parse.py,shift,0,0.561970399672978
black_15_8a8c58252cc0_blib2to3/pgen2/pgen.py_raise_error_0,black,15,8a8c58252cc023ae250d6febd24f50a8166450d4,blib2to3/pgen2/pgen.py:raise_error,blib2to3/pgen2/pgen.py,raise_error,0,0.5543175027954128
black_15_8a8c58252cc0_tests/test_black.py_test_black_0,black,15,8a8c58252cc023ae250d6febd24f50a8166450d4,tests/test_black.py:test_black,tests/test_black.py,test_black,0,0.26346166517248937
black_15_8a8c58252cc0_blib2to3/pgen2/pgen.py_generate_grammar_0,black,15,8a8c58252cc023ae250d6febd24f50a8166450d4,blib2to3/pgen2/pgen.py:generate_grammar,blib2to3/pgen2/pgen.py,generate_grammar,0,0.2516697882181393
black_16_fb34c9e19589_black.py_gen_python_files_in_dir_1,black,16,fb34c9e19589d05f92084a28940837151251ebd6,black.py:gen_python_files_in_dir,black.py,gen_python_files_in_dir,1,0.892311534175429
black_16_fb34c9e19589_black.py_visit_suite_0,black,16,fb34c9e19589d05f92084a28940837151251ebd6,black.py:visit_suite,black.py,visit_suite,0,0.5348334879236292
black_16_fb34c9e19589_setup.py_get_long_description_0,black,16,fb34c9e19589d05f92084a28940837151251ebd6,setup.py:get_long_description,setup.py,get_long_description,0,0.30795935380528333
black_16_fb34c9e19589_black.py_re_compile_maybe_verbose_0,black,16,fb34c9e19589d05f92084a28940837151251ebd6,black.py:re_compile_maybe_verbose,black.py,re_compile_maybe_verbose,0,0.4727456846295122
black_17_bbc09a4f013f_black.py_decode_bytes_1,black,17,bbc09a4f013f2a584f143f3f5e3f76f6082367d4,black.py:decode_bytes,black.py,decode_bytes,1,0.4473873169289313
black_17_bbc09a4f013f_black.py_lib2to3_parse_1,black,17,bbc09a4f013f2a584f143f3f5e3f76f6082367d4,black.py:lib2to3_parse,black.py,lib2to3_parse,1,0.6860197269813371
black_17_bbc09a4f013f_black.py_is_stub_class_0,black,17,bbc09a4f013f2a584f143f3f5e3f76f6082367d4,black.py:is_stub_class,black.py,is_stub_class,0,0.3337861044977173
black_17_bbc09a4f013f_blib2to3/pytree.py__submatch_0,black,17,bbc09a4f013f2a584f143f3f5e3f76f6082367d4,blib2to3/pytree.py:_submatch,blib2to3/pytree.py,_submatch,0,0.4100540931192903
black_17_bbc09a4f013f_black.py_format_file_contents_0,black,17,bbc09a4f013f2a584f143f3f5e3f76f6082367d4,black.py:format_file_contents,black.py,format_file_contents,0,0.6878051860573648
black_17_bbc09a4f013f_tests/class_methods_new_line.py___init___0,black,17,bbc09a4f013f2a584f143f3f5e3f76f6082367d4,tests/class_methods_new_line.py:__init__,tests/class_methods_new_line.py,__init__,0,0.21873771274327541
black_17_bbc09a4f013f_black.py_read_cache_0,black,17,bbc09a4f013f2a584f143f3f5e3f76f6082367d4,black.py:read_cache,black.py,read_cache,0,0.7240167903167688
black_18_dbe26161fa68_black.py_format_stdin_to_stdout_1,black,18,dbe26161fa68632d608a440666a0960a32630902,black.py:format_stdin_to_stdout,black.py,format_stdin_to_stdout,1,0.8665578543534895
black_18_dbe26161fa68_black.py_lib2to3_parse_1,black,18,dbe26161fa68632d608a440666a0960a32630902,black.py:lib2to3_parse,black.py,lib2to3_parse,1,0.6759096870877541
black_18_dbe26161fa68_black.py_format_file_in_place_1,black,18,dbe26161fa68632d608a440666a0960a32630902,black.py:format_file_in_place,black.py,format_file_in_place,1,0.9398258190901586
black_18_dbe26161fa68_tests/class_methods_new_line.py___init___0,black,18,dbe26161fa68632d608a440666a0960a32630902,tests/class_methods_new_line.py:__init__,tests/class_methods_new_line.py,__init__,0,0.21873785560098827
black_18_dbe26161fa68_black.py_is_line_short_enough_0,black,18,dbe26161fa68632d608a440666a0960a32630902,black.py:is_line_short_enough,black.py,is_line_short_enough,0,0.589259168663798
black_18_dbe26161fa68_black.py_from_configuration_0,black,18,dbe26161fa68632d608a440666a0960a32630902,black.py:from_configuration,black.py,from_configuration,0,0.625945883855554
black_18_dbe26161fa68_black.py_append_comment_0,black,18,dbe26161fa68632d608a440666a0960a32630902,black.py:append_comment,black.py,append_comment,0,0.8627043169725019
black_18_dbe26161fa68_tests/function.py_long_lines_0,black,18,dbe26161fa68632d608a440666a0960a32630902,tests/function.py:long_lines,tests/function.py,long_lines,0,0.27728141537326256
black_18_dbe26161fa68_tests/composition.py_easy_asserts_0,black,18,dbe26161fa68632d608a440666a0960a32630902,tests/composition.py:easy_asserts,tests/composition.py,easy_asserts,0,0.22515455002584597
black_18_dbe26161fa68_black.py_is_stub_class_0,black,18,dbe26161fa68632d608a440666a0960a32630902,black.py:is_stub_class,black.py,is_stub_class,0,0.3266516157301289
black_18_dbe26161fa68_black.py_filter_cached_0,black,18,dbe26161fa68632d608a440666a0960a32630902,black.py:filter_cached,black.py,filter_cached,0,0.6640807192040541
black_18_dbe26161fa68_black.py_contains_standalone_comments_0,black,18,dbe26161fa68632d608a440666a0960a32630902,black.py:contains_standalone_comments,black.py,contains_standalone_comments,0,0.7959151115258098
black_19_337a4199f90c_black.py__maybe_empty_lines_1,black,19,337a4199f90ca48a19cf26511e0cec330b13bd4e,black.py:_maybe_empty_lines,black.py,_maybe_empty_lines,1,0.8122503983284997
black_19_337a4199f90c_black.py_mark_0,black,19,337a4199f90ca48a19cf26511e0cec330b13bd4e,black.py:mark,black.py,mark,0,0.9999096669978396
black_19_337a4199f90c_blib2to3/pgen2/driver.py___init___0,black,19,337a4199f90ca48a19cf26511e0cec330b13bd4e,blib2to3/pgen2/driver.py:__init__,blib2to3/pgen2/driver.py,__init__,0,0.5240288894068887
black_19_337a4199f90c_black.py_remove_trailing_comma_0,black,19,337a4199f90ca48a19cf26511e0cec330b13bd4e,black.py:remove_trailing_comma,black.py,remove_trailing_comma,0,0.5368504206771465
black_2_c8ca6b2b9ff3_black.py_generate_ignored_nodes_1,black,2,c8ca6b2b9ff3510bee12129824cebfc2fc51e5b2,black.py:generate_ignored_nodes,black.py,generate_ignored_nodes,1,0.8465636543969481
black_2_c8ca6b2b9ff3_tests/data/composition.py_omitting_trailers_0,black,2,c8ca6b2b9ff3510bee12129824cebfc2fc51e5b2,tests/data/composition.py:omitting_trailers,tests/data/composition.py,omitting_trailers,0,0.20901121737800663
black_2_c8ca6b2b9ff3_blib2to3/pgen2/grammar.py__update_0,black,2,c8ca6b2b9ff3510bee12129824cebfc2fc51e5b2,blib2to3/pgen2/grammar.py:_update,blib2to3/pgen2/grammar.py,_update,0,0.39555842771449445
black_2_c8ca6b2b9ff3_blib2to3/pgen2/token.py_ISTERMINAL_0,black,2,c8ca6b2b9ff3510bee12129824cebfc2fc51e5b2,blib2to3/pgen2/token.py:ISTERMINAL,blib2to3/pgen2/token.py,ISTERMINAL,0,0.25270988688651275
black_20_2e52a2b3ecc0_black.py_format_file_in_place_1,black,20,2e52a2b3ecc0fe025439c3db05a4457ab14f167b,black.py:format_file_in_place,black.py,format_file_in_place,1,0.9246472662345222
black_20_2e52a2b3ecc0_tests/comments2.py_inline_comments_in_brackets_ruin_everything_0,black,20,2e52a2b3ecc0fe025439c3db05a4457ab14f167b,tests/comments2.py:inline_comments_in_brackets_ruin_everything,tests/comments2.py,inline_comments_in_brackets_ruin_everything,0,0.39007674643025453
black_20_2e52a2b3ecc0_blib2to3/pytree.py_get_lineno_0,black,20,2e52a2b3ecc0fe025439c3db05a4457ab14f167b,blib2to3/pytree.py:get_lineno,blib2to3/pytree.py,get_lineno,0,0.5343687786805773
black_20_2e52a2b3ecc0_tests/fmtonoff.py_single_literal_yapf_disable_0,black,20,2e52a2b3ecc0fe025439c3db05a4457ab14f167b,tests/fmtonoff.py:single_literal_yapf_disable,tests/fmtonoff.py,single_literal_yapf_disable,0,0.19824720963339784
black_21_c071af761e15_black.py_dump_to_file_1,black,21,c071af761e1550c6e4ebab8e5af747d2d8fdd48e,black.py:dump_to_file,black.py,dump_to_file,1,0.6978954911108896
black_21_c071af761e15_black.py_bracket_split_succeeded_or_raise_0,black,21,c071af761e1550c6e4ebab8e5af747d2d8fdd48e,black.py:bracket_split_succeeded_or_raise,black.py,bracket_split_succeeded_or_raise,0,0.7604173675714763
black_21_c071af761e15_tests/test_black.py_test_setup_0,black,21,c071af761e1550c6e4ebab8e5af747d2d8fdd48e,tests/test_black.py:test_setup,tests/test_black.py,test_setup,0,0.24537475560817315
black_21_c071af761e15_tests/test_black.py_test_expression_ff_0,black,21,c071af761e1550c6e4ebab8e5af747d2d8fdd48e,tests/test_black.py:test_expression_ff,tests/test_black.py,test_expression_ff,0,0.4502814604012294
black_22_728c56c986bc_black.py_maybe_remove_trailing_comma_1,black,22,728c56c986bc5aea4d9897d3fce3159f89991b8e,black.py:maybe_remove_trailing_comma,black.py,maybe_remove_trailing_comma,1,0.37360326064001226
black_22_728c56c986bc_black.py_is_comment_1,black,22,728c56c986bc5aea4d9897d3fce3159f89991b8e,black.py:is_comment,black.py,is_comment,1,0.3070709110816921
black_22_728c56c986bc_black.py_maybe_adapt_standalone_comment_1,black,22,728c56c986bc5aea4d9897d3fce3159f89991b8e,black.py:maybe_adapt_standalone_comment,black.py,maybe_adapt_standalone_comment,1,0.6385807077951524
black_22_728c56c986bc_black.py_append_1,black,22,728c56c986bc5aea4d9897d3fce3159f89991b8e,black.py:append,black.py,append,1,0.9999999999844584
black_22_728c56c986bc_black.py_last_non_delimiter_1,black,22,728c56c986bc5aea4d9897d3fce3159f89991b8e,black.py:last_non_delimiter,black.py,last_non_delimiter,1,0.566237697497013
black_22_728c56c986bc_black.py_left_hand_split_1,black,22,728c56c986bc5aea4d9897d3fce3159f89991b8e,black.py:left_hand_split,black.py,left_hand_split,1,0.686189721184344
black_22_728c56c986bc_black.py_maybe_increment_for_loop_variable_1,black,22,728c56c986bc5aea4d9897d3fce3159f89991b8e,black.py:maybe_increment_for_loop_variable,black.py,maybe_increment_for_loop_variable,1,0.37360326064001226
black_22_728c56c986bc_black.py_right_hand_split_1,black,22,728c56c986bc5aea4d9897d3fce3159f89991b8e,black.py:right_hand_split,black.py,right_hand_split,1,0.6616364349520337
black_22_728c56c986bc_black.py___str___1,black,22,728c56c986bc5aea4d9897d3fce3159f89991b8e,black.py:__str__,black.py,__str__,1,0.4015518192730501
black_22_728c56c986bc_black.py_split_line_1,black,22,728c56c986bc5aea4d9897d3fce3159f89991b8e,black.py:split_line,black.py,split_line,1,0.8835532928341416
black_22_728c56c986bc_black.py_delimiter_split_1,black,22,728c56c986bc5aea4d9897d3fce3159f89991b8e,black.py:delimiter_split,black.py,delimiter_split,1,0.5264810892168283
black_22_728c56c986bc_black.py_append_comment_1,black,22,728c56c986bc5aea4d9897d3fce3159f89991b8e,black.py:append_comment,black.py,append_comment,1,0.7823760115356946
black_22_728c56c986bc_tests/function.py_function_signature_stress_test_0,black,22,728c56c986bc5aea4d9897d3fce3159f89991b8e,tests/function.py:function_signature_stress_test,tests/function.py,function_signature_stress_test,0,0.5110634407343875
black_22_728c56c986bc_blib2to3/pytree.py_generate_matches_0,black,22,728c56c986bc5aea4d9897d3fce3159f89991b8e,blib2to3/pytree.py:generate_matches,blib2to3/pytree.py,generate_matches,0,0.9926877539444839
black_22_728c56c986bc_tests/test_black.py_test_debug_visitor_0,black,22,728c56c986bc5aea4d9897d3fce3159f89991b8e,tests/test_black.py:test_debug_visitor,tests/test_black.py,test_debug_visitor,0,0.3235337756872249
black_22_728c56c986bc_tests/comments2.py_inline_comments_in_brackets_ruin_everything_0,black,22,728c56c986bc5aea4d9897d3fce3159f89991b8e,tests/comments2.py:inline_comments_in_brackets_ruin_everything,tests/comments2.py,inline_comments_in_brackets_ruin_everything,0,0.3904014446081647
black_22_728c56c986bc_blib2to3/pytree.py_pre_order_0,black,22,728c56c986bc5aea4d9897d3fce3159f89991b8e,blib2to3/pytree.py:pre_order,blib2to3/pytree.py,pre_order,0,0.23042676030072665
black_22_728c56c986bc_black.py_normalize_prefix_0,black,22,728c56c986bc5aea4d9897d3fce3159f89991b8e,black.py:normalize_prefix,black.py,normalize_prefix,0,0.7404402624585328
black_22_728c56c986bc_black.py_is_python36_0,black,22,728c56c986bc5aea4d9897d3fce3159f89991b8e,black.py:is_python36,black.py,is_python36,0,0.8950514859408629
black_22_728c56c986bc_tests/fmtonoff.py_spaces_types_0,black,22,728c56c986bc5aea4d9897d3fce3159f89991b8e,tests/fmtonoff.py:spaces_types,tests/fmtonoff.py,spaces_types,0,0.707837058043526
black_22_728c56c986bc_blib2to3/pgen2/pgen.py___eq___0,black,22,728c56c986bc5aea4d9897d3fce3159f89991b8e,blib2to3/pgen2/pgen.py:__eq__,blib2to3/pgen2/pgen.py,__eq__,0,0.6285541993671597
black_22_728c56c986bc_tests/fmtonoff.py_func_no_args_0,black,22,728c56c986bc5aea4d9897d3fce3159f89991b8e,tests/fmtonoff.py:func_no_args,tests/fmtonoff.py,func_no_args,0,0.3081394682493147
black_22_728c56c986bc_tests/debug_visitor.py_visit_default_0,black,22,728c56c986bc5aea4d9897d3fce3159f89991b8e,tests/debug_visitor.py:visit_default,tests/debug_visitor.py,visit_default,0,0.45161895505809907
black_22_728c56c986bc_tests/function.py_long_lines_0,black,22,728c56c986bc5aea4d9897d3fce3159f89991b8e,tests/function.py:long_lines,tests/function.py,long_lines,0,0.2856386926958256
black_22_728c56c986bc_black.py__maybe_empty_lines_0,black,22,728c56c986bc5aea4d9897d3fce3159f89991b8e,black.py:_maybe_empty_lines,black.py,_maybe_empty_lines,0,0.7947483293537921
black_22_728c56c986bc_black.py_gen_python_files_in_dir_0,black,22,728c56c986bc5aea4d9897d3fce3159f89991b8e,black.py:gen_python_files_in_dir,black.py,gen_python_files_in_dir,0,0.6379021269203116
black_22_728c56c986bc_black.py_mark_0,black,22,728c56c986bc5aea4d9897d3fce3159f89991b8e,black.py:mark,black.py,mark,0,0.9930105612450483
black_22_728c56c986bc_blib2to3/pytree.py_optimize_0,black,22,728c56c986bc5aea4d9897d3fce3159f89991b8e,blib2to3/pytree.py:optimize,blib2to3/pytree.py,optimize,0,0.2602742822585587
black_22_728c56c986bc_blib2to3/pgen2/tokenize.py_group_0,black,22,728c56c986bc5aea4d9897d3fce3159f89991b8e,blib2to3/pgen2/tokenize.py:group,blib2to3/pgen2/tokenize.py,group,0,0.26865774467649134
black_22_728c56c986bc_blib2to3/pytree.py_prefix_0,black,22,728c56c986bc5aea4d9897d3fce3159f89991b8e,blib2to3/pytree.py:prefix,blib2to3/pytree.py,prefix,0,0.4121414253606681
black_22_728c56c986bc_tests/comments.py_function_0,black,22,728c56c986bc5aea4d9897d3fce3159f89991b8e,tests/comments.py:function,tests/comments.py,function,0,0.4076677019196488
black_22_728c56c986bc_tests/test_black.py_test_import_spacing_0,black,22,728c56c986bc5aea4d9897d3fce3159f89991b8e,tests/test_black.py:test_import_spacing,tests/test_black.py,test_import_spacing,0,0.2538803833311487
black_22_728c56c986bc_tests/test_black.py_test_expression_0,black,22,728c56c986bc5aea4d9897d3fce3159f89991b8e,tests/test_black.py:test_expression,tests/test_black.py,test_expression,0,0.2538803833311487
black_22_728c56c986bc_blib2to3/pytree.py___eq___0,black,22,728c56c986bc5aea4d9897d3fce3159f89991b8e,blib2to3/pytree.py:__eq__,blib2to3/pytree.py,__eq__,0,0.48561133744947965
black_22_728c56c986bc_tests/test_black.py_test_composition_0,black,22,728c56c986bc5aea4d9897d3fce3159f89991b8e,tests/test_black.py:test_composition,tests/test_black.py,test_composition,0,0.2538803833311487
black_22_728c56c986bc_tests/test_black.py_test_empty_lines_0,black,22,728c56c986bc5aea4d9897d3fce3159f89991b8e,tests/test_black.py:test_empty_lines,tests/test_black.py,test_empty_lines,0,0.2538803833311487
black_22_728c56c986bc_blib2to3/pgen2/driver.py__newer_0,black,22,728c56c986bc5aea4d9897d3fce3159f89991b8e,blib2to3/pgen2/driver.py:_newer,blib2to3/pgen2/driver.py,_newer,0,0.4985281049823154
black_22_728c56c986bc_blib2to3/pytree.py_match_0,black,22,728c56c986bc5aea4d9897d3fce3159f89991b8e,blib2to3/pytree.py:match,blib2to3/pytree.py,match,0,0.7164712656458381
black_22_728c56c986bc_black.py_visit_async_stmt_0,black,22,728c56c986bc5aea4d9897d3fce3159f89991b8e,black.py:visit_async_stmt,black.py,visit_async_stmt,0,0.5937987264006639
black_22_728c56c986bc_black.py_bracket_split_succeeded_or_raise_0,black,22,728c56c986bc5aea4d9897d3fce3159f89991b8e,black.py:bracket_split_succeeded_or_raise,black.py,bracket_split_succeeded_or_raise,0,0.7457131172587678
black_22_728c56c986bc_blib2to3/pytree.py_remove_0,black,22,728c56c986bc5aea4d9897d3fce3159f89991b8e,blib2to3/pytree.py:remove,blib2to3/pytree.py,remove,0,0.636004313976742
black_22_728c56c986bc_blib2to3/pytree.py__bare_name_matches_0,black,22,728c56c986bc5aea4d9897d3fce3159f89991b8e,blib2to3/pytree.py:_bare_name_matches,blib2to3/pytree.py,_bare_name_matches,0,0.6982107232727208
black_22_728c56c986bc_tests/fmtonoff.py_long_lines_0,black,22,728c56c986bc5aea4d9897d3fce3159f89991b8e,tests/fmtonoff.py:long_lines,tests/fmtonoff.py,long_lines,0,0.2856386926958256
black_22_728c56c986bc_black.py_is_import_0,black,22,728c56c986bc5aea4d9897d3fce3159f89991b8e,black.py:is_import,black.py,is_import,0,0.30219717574102894
black_22_728c56c986bc_tests/comments.py_wat_0,black,22,728c56c986bc5aea4d9897d3fce3159f89991b8e,tests/comments.py:wat,tests/comments.py,wat,0,0.27087413964833434
black_23_8de552eb4f0f_black.py_assert_equivalent_1,black,23,8de552eb4f0fbf1ad84812cde71489cc00d3ed1f,black.py:assert_equivalent,black.py,assert_equivalent,1,0.7984052942023873
black_23_8de552eb4f0f_black.py_whitespace_1,black,23,8de552eb4f0fbf1ad84812cde71489cc00d3ed1f,black.py:whitespace,black.py,whitespace,1,0.9999999289833471
black_23_8de552eb4f0f_black.py_lib2to3_parse_1,black,23,8de552eb4f0fbf1ad84812cde71489cc00d3ed1f,black.py:lib2to3_parse,black.py,lib2to3_parse,1,0.5198590927015873
black_23_8de552eb4f0f_tests/function.py_func_no_args_0,black,23,8de552eb4f0fbf1ad84812cde71489cc00d3ed1f,tests/function.py:func_no_args,tests/function.py,func_no_args,0,0.3143790626725221
black_23_8de552eb4f0f_tests/function.py_long_lines_0,black,23,8de552eb4f0fbf1ad84812cde71489cc00d3ed1f,tests/function.py:long_lines,tests/function.py,long_lines,0,0.28578023375596934
black_23_8de552eb4f0f_blib2to3/pgen2/driver.py_load_grammar_0,black,23,8de552eb4f0fbf1ad84812cde71489cc00d3ed1f,blib2to3/pgen2/driver.py:load_grammar,blib2to3/pgen2/driver.py,load_grammar,0,0.8174742344098758
black_23_8de552eb4f0f_black.py_append_comment_0,black,23,8de552eb4f0fbf1ad84812cde71489cc00d3ed1f,black.py:append_comment,black.py,append_comment,0,0.9328938695578642
black_23_8de552eb4f0f_black.py_max_priority_0,black,23,8de552eb4f0fbf1ad84812cde71489cc00d3ed1f,black.py:max_priority,black.py,max_priority,0,0.36337687472218383
black_23_8de552eb4f0f_blib2to3/pgen2/pgen.py_addfirstsets_0,black,23,8de552eb4f0fbf1ad84812cde71489cc00d3ed1f,blib2to3/pgen2/pgen.py:addfirstsets,blib2to3/pgen2/pgen.py,addfirstsets,0,0.5333233900870984
black_23_8de552eb4f0f_blib2to3/pgen2/driver.py_parse_string_0,black,23,8de552eb4f0fbf1ad84812cde71489cc00d3ed1f,blib2to3/pgen2/driver.py:parse_string,blib2to3/pgen2/driver.py,parse_string,0,0.37720096720907137
black_23_8de552eb4f0f_tests/function.py_coroutine_0,black,23,8de552eb4f0fbf1ad84812cde71489cc00d3ed1f,tests/function.py:coroutine,tests/function.py,coroutine,0,0.3355399633405198
black_23_8de552eb4f0f_black.py_format_stdin_to_stdout_0,black,23,8de552eb4f0fbf1ad84812cde71489cc00d3ed1f,black.py:format_stdin_to_stdout,black.py,format_stdin_to_stdout,0,0.9559262864296798
black_4_65ea568e3301_black.py_maybe_empty_lines_1,black,4,65ea568e3301951f26e0e3b98f6d5dc80132e917,black.py:maybe_empty_lines,black.py,maybe_empty_lines,1,0.5170907862864005
black_4_65ea568e3301_black.py_maybe_make_parens_invisible_in_atom_0,black,4,65ea568e3301951f26e0e3b98f6d5dc80132e917,black.py:maybe_make_parens_invisible_in_atom,black.py,maybe_make_parens_invisible_in_atom,0,0.6728365242054504
black_4_65ea568e3301_blib2to3/pgen2/parse.py___init___0,black,4,65ea568e3301951f26e0e3b98f6d5dc80132e917,blib2to3/pgen2/parse.py:__init__,blib2to3/pgen2/parse.py,__init__,0,0.43303459725743476
black_4_65ea568e3301_blib2to3/pytree.py___unicode___0,black,4,65ea568e3301951f26e0e3b98f6d5dc80132e917,blib2to3/pytree.py:__unicode__,blib2to3/pytree.py,__unicode__,0,0.25108176816447564
black_5_1bbb01b854d1_black.py_bracket_split_build_line_1,black,5,1bbb01b854d168d76ebe4bf78961c2152ae075d9,black.py:bracket_split_build_line,black.py,bracket_split_build_line,1,0.978116234085892
black_5_1bbb01b854d1_black.py_maybe_remove_trailing_comma_1,black,5,1bbb01b854d168d76ebe4bf78961c2152ae075d9,black.py:maybe_remove_trailing_comma,black.py,maybe_remove_trailing_comma,1,0.9606122661176957
black_5_1bbb01b854d1_tests/data/class_methods_new_line.py___init___0,black,5,1bbb01b854d168d76ebe4bf78961c2152ae075d9,tests/data/class_methods_new_line.py:__init__,tests/data/class_methods_new_line.py,__init__,0,0.21863482149799343
black_5_1bbb01b854d1_tests/data/fmtonoff.py_off_and_on_without_data_0,black,5,1bbb01b854d168d76ebe4bf78961c2152ae075d9,tests/data/fmtonoff.py:off_and_on_without_data,tests/data/fmtonoff.py,off_and_on_without_data,0,0.20986447136669673
black_5_1bbb01b854d1_tests/data/fmtonoff.py_subscriptlist_0,black,5,1bbb01b854d168d76ebe4bf78961c2152ae075d9,tests/data/fmtonoff.py:subscriptlist,tests/data/fmtonoff.py,subscriptlist,0,0.20950619124817146
black_5_1bbb01b854d1_blib2to3/pgen2/driver.py_parse_stream_0,black,5,1bbb01b854d168d76ebe4bf78961c2152ae075d9,blib2to3/pgen2/driver.py:parse_stream,blib2to3/pgen2/driver.py,parse_stream,0,0.3913197653837999
black_5_1bbb01b854d1_black.py_visit_async_stmt_0,black,5,1bbb01b854d168d76ebe4bf78961c2152ae075d9,black.py:visit_async_stmt,black.py,visit_async_stmt,0,0.6427245842494982
black_6_8c8adedc2a74_blib2to3/pgen2/tokenize.py_generate_tokens_1,black,6,8c8adedc2a74a494c24f93e405b6418ac32f54cd,blib2to3/pgen2/tokenize.py:generate_tokens,blib2to3/pgen2/tokenize.py,generate_tokens,1,0.985701727628097
black_6_8c8adedc2a74_black.py_get_grammars_1,black,6,8c8adedc2a74a494c24f93e405b6418ac32f54cd,black.py:get_grammars,black.py,get_grammars,1,0.7334248977375241
black_6_8c8adedc2a74_blib2to3/pgen2/driver.py___init___1,black,6,8c8adedc2a74a494c24f93e405b6418ac32f54cd,blib2to3/pgen2/driver.py:__init__,blib2to3/pgen2/driver.py,__init__,1,0.5236813617349562
black_6_8c8adedc2a74_blib2to3/pgen2/driver.py_parse_string_1,black,6,8c8adedc2a74a494c24f93e405b6418ac32f54cd,blib2to3/pgen2/driver.py:parse_string,blib2to3/pgen2/driver.py,parse_string,1,0.3765302955021437
black_6_8c8adedc2a74_blib2to3/pgen2/driver.py_parse_stream_raw_1,black,6,8c8adedc2a74a494c24f93e405b6418ac32f54cd,blib2to3/pgen2/driver.py:parse_stream_raw,blib2to3/pgen2/driver.py,parse_stream_raw,1,0.46519929564766244
black_6_8c8adedc2a74_black.py_lib2to3_parse_1,black,6,8c8adedc2a74a494c24f93e405b6418ac32f54cd,black.py:lib2to3_parse,black.py,lib2to3_parse,1,0.8121995699570081
black_6_8c8adedc2a74_blib2to3/pytree.py_prefix_0,black,6,8c8adedc2a74a494c24f93e405b6418ac32f54cd,blib2to3/pytree.py:prefix,blib2to3/pytree.py,prefix,0,0.42694982932542735
black_6_8c8adedc2a74_tests/test_black.py_test_blackd_invalid_line_length_0,black,6,8c8adedc2a74a494c24f93e405b6418ac32f54cd,tests/test_black.py:test_blackd_invalid_line_length,tests/test_black.py,test_blackd_invalid_line_length,0,0.3732038543428631
black_6_8c8adedc2a74_black.py_get_cache_key_0,black,6,8c8adedc2a74a494c24f93e405b6418ac32f54cd,black.py:get_cache_key,black.py,get_cache_key,0,0.4461482347035672
black_6_8c8adedc2a74_tests/data/class_blank_parentheses.py_func_for_testing_0,black,6,8c8adedc2a74a494c24f93e405b6418ac32f54cd,tests/data/class_blank_parentheses.py:func_for_testing,tests/data/class_blank_parentheses.py,func_for_testing,0,0.3533145652004825
black_6_8c8adedc2a74_blib2to3/pgen2/tokenize.py__combinations_0,black,6,8c8adedc2a74a494c24f93e405b6418ac32f54cd,blib2to3/pgen2/tokenize.py:_combinations,blib2to3/pgen2/tokenize.py,_combinations,0,0.24621734328247544
black_6_8c8adedc2a74_tests/data/fmtonoff.py_coroutine_0,black,6,8c8adedc2a74a494c24f93e405b6418ac32f54cd,tests/data/fmtonoff.py:coroutine,tests/data/fmtonoff.py,coroutine,0,0.4094076806650552
black_6_8c8adedc2a74_tests/test_black.py_isolation_0,black,6,8c8adedc2a74a494c24f93e405b6418ac32f54cd,tests/test_black.py:isolation,tests/test_black.py,isolation,0,0.6265369890510253
black_6_8c8adedc2a74_tests/data/comments2.py_inline_comments_in_brackets_ruin_everything_0,black,6,8c8adedc2a74a494c24f93e405b6418ac32f54cd,tests/data/comments2.py:inline_comments_in_brackets_ruin_everything,tests/data/comments2.py,inline_comments_in_brackets_ruin_everything,0,0.40598112718375573
black_6_8c8adedc2a74_tests/data/fmtonoff2.py_test_calculate_fades_0,black,6,8c8adedc2a74a494c24f93e405b6418ac32f54cd,tests/data/fmtonoff2.py:test_calculate_fades,tests/data/fmtonoff2.py,test_calculate_fades,0,0.18121285818577168
black_6_8c8adedc2a74_blib2to3/pytree.py_depth_0,black,6,8c8adedc2a74a494c24f93e405b6418ac32f54cd,blib2to3/pytree.py:depth,blib2to3/pytree.py,depth,0,0.40324283010697176
black_6_8c8adedc2a74_blib2to3/pytree.py__submatch_0,black,6,8c8adedc2a74a494c24f93e405b6418ac32f54cd,blib2to3/pytree.py:_submatch,blib2to3/pytree.py,_submatch,0,0.4096621613933743
black_6_8c8adedc2a74_tests/test_black.py_test_function2_0,black,6,8c8adedc2a74a494c24f93e405b6418ac32f54cd,tests/test_black.py:test_function2,tests/test_black.py,test_function2,0,0.283766456021097
black_6_8c8adedc2a74_blib2to3/pgen2/driver.py_main_0,black,6,8c8adedc2a74a494c24f93e405b6418ac32f54cd,blib2to3/pgen2/driver.py:main,blib2to3/pgen2/driver.py,main,0,0.38343453601088895
black_6_8c8adedc2a74_black.py_visit_decorators_0,black,6,8c8adedc2a74a494c24f93e405b6418ac32f54cd,black.py:visit_decorators,black.py,visit_decorators,0,0.5384602549986442
black_6_8c8adedc2a74_black.py_visit_STANDALONE_COMMENT_0,black,6,8c8adedc2a74a494c24f93e405b6418ac32f54cd,black.py:visit_STANDALONE_COMMENT,black.py,visit_STANDALONE_COMMENT,0,0.5501978941073478
black_6_8c8adedc2a74_tests/test_black.py_test_empty_lines_0,black,6,8c8adedc2a74a494c24f93e405b6418ac32f54cd,tests/test_black.py:test_empty_lines,tests/test_black.py,test_empty_lines,0,0.283766456021097
black_6_8c8adedc2a74_black.py_visit_async_stmt_0,black,6,8c8adedc2a74a494c24f93e405b6418ac32f54cd,black.py:visit_async_stmt,black.py,visit_async_stmt,0,0.6464270977917724
black_6_8c8adedc2a74_black.py_line_0,black,6,8c8adedc2a74a494c24f93e405b6418ac32f54cd,black.py:line,black.py,line,0,0.5905967138445783
black_7_18119d384666_black.py_normalize_invisible_parens_1,black,7,18119d38466652ae818436cb497f601294ed4558,black.py:normalize_invisible_parens,black.py,normalize_invisible_parens,1,0.9537163230959186
black_7_18119d384666_tests/data/fmtonoff.py_off_and_on_without_data_0,black,7,18119d38466652ae818436cb497f601294ed4558,tests/data/fmtonoff.py:off_and_on_without_data,tests/data/fmtonoff.py,off_and_on_without_data,0,0.20987607182223586
black_7_18119d384666_tests/data/function.py_func_no_args_0,black,7,18119d38466652ae818436cb497f601294ed4558,tests/data/function.py:func_no_args,tests/data/function.py,func_no_args,0,0.30856008018805664
black_7_18119d384666_blib2to3/pytree.py___repr___0,black,7,18119d38466652ae818436cb497f601294ed4558,blib2to3/pytree.py:__repr__,blib2to3/pytree.py,__repr__,0,0.2688605168810862
black_8_e6ddb68c7862_black.py_bracket_split_build_line_1,black,8,e6ddb68c786256e1cb0c76b42d10c212ef34cb2a,black.py:bracket_split_build_line,black.py,bracket_split_build_line,1,0.9436254220167262
black_8_e6ddb68c7862_black.py_visit_simple_stmt_0,black,8,e6ddb68c786256e1cb0c76b42d10c212ef34cb2a,black.py:visit_simple_stmt,black.py,visit_simple_stmt,0,0.663359002822217
black_8_e6ddb68c7862_tests/data/function.py_long_lines_0,black,8,e6ddb68c786256e1cb0c76b42d10c212ef34cb2a,tests/data/function.py:long_lines,tests/data/function.py,long_lines,0,0.2791253244633327
black_8_e6ddb68c7862_black.py_is_type_comment_0,black,8,e6ddb68c786256e1cb0c76b42d10c212ef34cb2a,black.py:is_type_comment,black.py,is_type_comment,0,0.36151319735982307
black_9_026c81b83454_black.py_get_grammars_1,black,9,026c81b83454f176a9f9253cbfb70be2c159d822,black.py:get_grammars,black.py,get_grammars,1,0.7335096446328083
black_9_026c81b83454_blib2to3/pytree.py_generate_matches_0,black,9,026c81b83454f176a9f9253cbfb70be2c159d822,blib2to3/pytree.py:generate_matches,blib2to3/pytree.py,generate_matches,0,0.5611757489202231
black_9_026c81b83454_black.py_generate_comments_0,black,9,026c81b83454f176a9f9253cbfb70be2c159d822,black.py:generate_comments,black.py,generate_comments,0,0.46524880360242565
black_9_026c81b83454_black.py_is_split_before_delimiter_0,black,9,026c81b83454f176a9f9253cbfb70be2c159d822,black.py:is_split_before_delimiter,black.py,is_split_before_delimiter,0,0.9477374444258806
cookiecutter_1_c15633745df6_cookiecutter/generate.py_generate_context_1,cookiecutter,1,c15633745df6abdb24e02746b82aadb20b8cdf8c,cookiecutter/generate.py:generate_context,cookiecutter/generate.py,generate_context,1,0.5778059193928061
cookiecutter_1_c15633745df6_tests/vcs/test_identify_repo.py_unknown_repo_type_url_0,cookiecutter,1,c15633745df6abdb24e02746b82aadb20b8cdf8c,tests/vcs/test_identify_repo.py:unknown_repo_type_url,tests/vcs/test_identify_repo.py,unknown_repo_type_url,0,0.23138438584774404
cookiecutter_1_c15633745df6_tests/test_custom_extensions_in_hooks.py_test_hook_with_extension_0,cookiecutter,1,c15633745df6abdb24e02746b82aadb20b8cdf8c,tests/test_custom_extensions_in_hooks.py:test_hook_with_extension,tests/test_custom_extensions_in_hooks.py,test_hook_with_extension,0,0.34458080624835674
cookiecutter_1_c15633745df6_tests/test_hooks.py_test_unknown_hooks_dir_0,cookiecutter,1,c15633745df6abdb24e02746b82aadb20b8cdf8c,tests/test_hooks.py:test_unknown_hooks_dir,tests/test_hooks.py,test_unknown_hooks_dir,0,0.3222395958994732
cookiecutter_2_d7e7b28811e4_cookiecutter/hooks.py_find_hook_1,cookiecutter,2,d7e7b28811e474e14d1bed747115e47dcdd15ba3,cookiecutter/hooks.py:find_hook,cookiecutter/hooks.py,find_hook,1,0.5401490404483508
cookiecutter_2_d7e7b28811e4_cookiecutter/hooks.py_run_hook_1,cookiecutter,2,d7e7b28811e474e14d1bed747115e47dcdd15ba3,cookiecutter/hooks.py:run_hook,cookiecutter/hooks.py,run_hook,1,0.4901511991748832
cookiecutter_2_d7e7b28811e4_docs/conf.py___call___0,cookiecutter,2,d7e7b28811e474e14d1bed747115e47dcdd15ba3,docs/conf.py:__call__,docs/conf.py,__call__,0,0.34485267376635237
cookiecutter_2_d7e7b28811e4_tests/replay/test_dump.py_mock_ensure_failure_0,cookiecutter,2,d7e7b28811e474e14d1bed747115e47dcdd15ba3,tests/replay/test_dump.py:mock_ensure_failure,tests/replay/test_dump.py,mock_ensure_failure,0,0.23638540239488684
cookiecutter_2_d7e7b28811e4_tests/test_find.py_test_find_template_0,cookiecutter,2,d7e7b28811e474e14d1bed747115e47dcdd15ba3,tests/test_find.py:test_find_template,tests/test_find.py,test_find_template,0,0.2213856385651318
cookiecutter_2_d7e7b28811e4_tests/replay/test_load.py_replay_file_0,cookiecutter,2,d7e7b28811e474e14d1bed747115e47dcdd15ba3,tests/replay/test_load.py:replay_file,tests/replay/test_load.py,replay_file,0,0.288498721690844
cookiecutter_2_d7e7b28811e4_tests/replay/test_replay.py_test_main_does_not_invoke_load_but_dump_0,cookiecutter,2,d7e7b28811e474e14d1bed747115e47dcdd15ba3,tests/replay/test_replay.py:test_main_does_not_invoke_load_but_dump,tests/replay/test_replay.py,test_main_does_not_invoke_load_but_dump,0,0.2055728987670304
cookiecutter_2_d7e7b28811e4_cookiecutter/generate.py_render_and_create_dir_0,cookiecutter,2,d7e7b28811e474e14d1bed747115e47dcdd15ba3,cookiecutter/generate.py:render_and_create_dir,cookiecutter/generate.py,render_and_create_dir,0,0.6991777558252428
cookiecutter_3_5c282f020a8d_cookiecutter/prompt.py_read_user_choice_1,cookiecutter,3,5c282f020a8db7e5e7c4e7b51b010556ca31fb7f,cookiecutter/prompt.py:read_user_choice,cookiecutter/prompt.py,read_user_choice,1,0.3518759895480285
cookiecutter_3_5c282f020a8d_tests/repository/test_determine_repo_dir_clones_repo.py_test_repository_url_with_no_context_file_0,cookiecutter,3,5c282f020a8db7e5e7c4e7b51b010556ca31fb7f,tests/repository/test_determine_repo_dir_clones_repo.py:test_repository_url_with_no_context_file,tests/repository/test_determine_repo_dir_clones_repo.py,test_repository_url_with_no_context_file,0,0.3946875212010493
cookiecutter_3_5c282f020a8d_cookiecutter/repository.py_is_zip_file_0,cookiecutter,3,5c282f020a8db7e5e7c4e7b51b010556ca31fb7f,cookiecutter/repository.py:is_zip_file,cookiecutter/repository.py,is_zip_file,0,0.2521602943909913
cookiecutter_3_5c282f020a8d_tests/test_log.py_debug_file_0,cookiecutter,3,5c282f020a8db7e5e7c4e7b51b010556ca31fb7f,tests/test_log.py:debug_file,tests/test_log.py,debug_file,0,0.23749647648904457
cookiecutter_4_9568ab6ecd2d_cookiecutter/generate.py_generate_files_1,cookiecutter,4,9568ab6ecd2d6836646006c59473c4a4ac0dee04,cookiecutter/generate.py:generate_files,cookiecutter/generate.py,generate_files,1,0.7466917644743416
cookiecutter_4_9568ab6ecd2d_cookiecutter/hooks.py_run_script_with_context_1,cookiecutter,4,9568ab6ecd2d6836646006c59473c4a4ac0dee04,cookiecutter/hooks.py:run_script_with_context,cookiecutter/hooks.py,run_script_with_context,1,0.4569069938623856
cookiecutter_4_9568ab6ecd2d_cookiecutter/hooks.py_run_script_1,cookiecutter,4,9568ab6ecd2d6836646006c59473c4a4ac0dee04,cookiecutter/hooks.py:run_script,cookiecutter/hooks.py,run_script,1,0.38987960112841824
cookiecutter_4_9568ab6ecd2d_cookiecutter/hooks.py_run_hook_1,cookiecutter,4,9568ab6ecd2d6836646006c59473c4a4ac0dee04,cookiecutter/hooks.py:run_hook,cookiecutter/hooks.py,run_hook,1,0.4969586263975191
cookiecutter_4_9568ab6ecd2d_tests/test_prompt.py_test_should_not_invoke_read_user_variable_0,cookiecutter,4,9568ab6ecd2d6836646006c59473c4a4ac0dee04,tests/test_prompt.py:test_should_not_invoke_read_user_variable,tests/test_prompt.py,test_should_not_invoke_read_user_variable,0,0.270747611022713
cookiecutter_4_9568ab6ecd2d_tests/test_is_vcs_installed.py_test_non_existing_repo_type_0,cookiecutter,4,9568ab6ecd2d6836646006c59473c4a4ac0dee04,tests/test_is_vcs_installed.py:test_non_existing_repo_type,tests/test_is_vcs_installed.py,test_non_existing_repo_type,0,0.17506979795809913
cookiecutter_4_9568ab6ecd2d_tests/test_identify_repo.py_test_identify_git_github_no_extension_0,cookiecutter,4,9568ab6ecd2d6836646006c59473c4a4ac0dee04,tests/test_identify_repo.py:test_identify_git_github_no_extension,tests/test_identify_repo.py,test_identify_git_github_no_extension,0,0.17856810549948415
cookiecutter_4_9568ab6ecd2d_tests/test_hooks.py_setup_method_0,cookiecutter,4,9568ab6ecd2d6836646006c59473c4a4ac0dee04,tests/test_hooks.py:setup_method,tests/test_hooks.py,setup_method,0,0.2943152648037271
cookiecutter_4_9568ab6ecd2d_tests/test_cookiecutter_local_with_input.py_test_cookiecutter_input_extra_context_0,cookiecutter,4,9568ab6ecd2d6836646006c59473c4a4ac0dee04,tests/test_cookiecutter_local_with_input.py:test_cookiecutter_input_extra_context,tests/test_cookiecutter_local_with_input.py,test_cookiecutter_input_extra_context,0,0.2135484638397528
cookiecutter_4_9568ab6ecd2d_tests/test_cookiecutters.py_remove_additional_dirs_0,cookiecutter,4,9568ab6ecd2d6836646006c59473c4a4ac0dee04,tests/test_cookiecutters.py:remove_additional_dirs,tests/test_cookiecutters.py,remove_additional_dirs,0,0.41018937401784594
cookiecutter_4_9568ab6ecd2d_tests/test_cli.py_version_cli_flag_0,cookiecutter,4,9568ab6ecd2d6836646006c59473c4a4ac0dee04,tests/test_cli.py:version_cli_flag,tests/test_cli.py,version_cli_flag,0,0.2549361368691286
cookiecutter_4_9568ab6ecd2d_tests/test_prompt.py_context_0,cookiecutter,4,9568ab6ecd2d6836646006c59473c4a4ac0dee04,tests/test_prompt.py:context,tests/test_prompt.py,context,0,0.3052285565243781
cookiecutter_4_9568ab6ecd2d_tests/test_specify_output_dir.py_mock_replay_0,cookiecutter,4,9568ab6ecd2d6836646006c59473c4a4ac0dee04,tests/test_specify_output_dir.py:mock_replay,tests/test_specify_output_dir.py,mock_replay,0,0.22212103919899698
cookiecutter_4_9568ab6ecd2d_tests/test_cli.py_test_cli_overwrite_if_exists_when_output_dir_does_not_exist_0,cookiecutter,4,9568ab6ecd2d6836646006c59473c4a4ac0dee04,tests/test_cli.py:test_cli_overwrite_if_exists_when_output_dir_does_not_exist,tests/test_cli.py,test_cli_overwrite_if_exists_when_output_dir_does_not_exist,0,0.23610532299351827
cookiecutter_4_9568ab6ecd2d_tests/test_cookiecutters.py_bake_data_0,cookiecutter,4,9568ab6ecd2d6836646006c59473c4a4ac0dee04,tests/test_cookiecutters.py:bake_data,tests/test_cookiecutters.py,bake_data,0,0.19301250550572727
cookiecutter_4_9568ab6ecd2d_tests/test_generate_file.py_env_0,cookiecutter,4,9568ab6ecd2d6836646006c59473c4a4ac0dee04,tests/test_generate_file.py:env,tests/test_generate_file.py,env,0,0.20663090920758995
fastapi_1_766157bfb4e7_fastapi/routing.py___init___1,fastapi,1,766157bfb4e7dfccba09ab398e8ec444d14e947c,fastapi/routing.py:__init__,fastapi/routing.py,__init__,1,0.8249755021155732
fastapi_1_766157bfb4e7_fastapi/applications.py_add_api_route_1,fastapi,1,766157bfb4e7dfccba09ab398e8ec444d14e947c,fastapi/applications.py:add_api_route,fastapi/applications.py,add_api_route,1,0.9918999797438433
fastapi_1_766157bfb4e7_fastapi/applications.py_options_1,fastapi,1,766157bfb4e7dfccba09ab398e8ec444d14e947c,fastapi/applications.py:options,fastapi/applications.py,options,1,0.9899502267865896
fastapi_1_766157bfb4e7_fastapi/routing.py_trace_1,fastapi,1,766157bfb4e7dfccba09ab398e8ec444d14e947c,fastapi/routing.py:trace,fastapi/routing.py,trace,1,0.9920168034478787
fastapi_1_766157bfb4e7_fastapi/applications.py_delete_1,fastapi,1,766157bfb4e7dfccba09ab398e8ec444d14e947c,fastapi/applications.py:delete,fastapi/applications.py,delete,1,0.9899502267865896
fastapi_1_766157bfb4e7_fastapi/routing.py_head_1,fastapi,1,766157bfb4e7dfccba09ab398e8ec444d14e947c,fastapi/routing.py:head,fastapi/routing.py,head,1,0.9920168034478787
fastapi_1_766157bfb4e7_fastapi/routing.py_patch_1,fastapi,1,766157bfb4e7dfccba09ab398e8ec444d14e947c,fastapi/routing.py:patch,fastapi/routing.py,patch,1,0.9920168034478787
fastapi_1_766157bfb4e7_fastapi/routing.py_post_1,fastapi,1,766157bfb4e7dfccba09ab398e8ec444d14e947c,fastapi/routing.py:post,fastapi/routing.py,post,1,0.9920168034478787
fastapi_1_766157bfb4e7_fastapi/applications.py_trace_1,fastapi,1,766157bfb4e7dfccba09ab398e8ec444d14e947c,fastapi/applications.py:trace,fastapi/applications.py,trace,1,0.9899502267865896
fastapi_1_766157bfb4e7_fastapi/routing.py__prepare_response_content_1,fastapi,1,766157bfb4e7dfccba09ab398e8ec444d14e947c,fastapi/routing.py:_prepare_response_content,fastapi/routing.py,_prepare_response_content,1,0.7756933846973201
fastapi_1_766157bfb4e7_fastapi/openapi/utils.py_get_openapi_1,fastapi,1,766157bfb4e7dfccba09ab398e8ec444d14e947c,fastapi/openapi/utils.py:get_openapi,fastapi/openapi/utils.py,get_openapi,1,0.8821318709912753
fastapi_1_766157bfb4e7_fastapi/applications.py_head_1,fastapi,1,766157bfb4e7dfccba09ab398e8ec444d14e947c,fastapi/applications.py:head,fastapi/applications.py,head,1,0.9899502267865896
fastapi_1_766157bfb4e7_fastapi/routing.py_get_request_handler_1,fastapi,1,766157bfb4e7dfccba09ab398e8ec444d14e947c,fastapi/routing.py:get_request_handler,fastapi/routing.py,get_request_handler,1,0.9618193678888086
fastapi_1_766157bfb4e7_fastapi/routing.py_get_route_handler_1,fastapi,1,766157bfb4e7dfccba09ab398e8ec444d14e947c,fastapi/routing.py:get_route_handler,fastapi/routing.py,get_route_handler,1,0.3776170261925587
fastapi_1_766157bfb4e7_fastapi/routing.py_get_1,fastapi,1,766157bfb4e7dfccba09ab398e8ec444d14e947c,fastapi/routing.py:get,fastapi/routing.py,get,1,0.9921283491677455
fastapi_1_766157bfb4e7_fastapi/routing.py_put_1,fastapi,1,766157bfb4e7dfccba09ab398e8ec444d14e947c,fastapi/routing.py:put,fastapi/routing.py,put,1,0.9920168034478787
fastapi_1_766157bfb4e7_fastapi/routing.py_serialize_response_1,fastapi,1,766157bfb4e7dfccba09ab398e8ec444d14e947c,fastapi/routing.py:serialize_response,fastapi/routing.py,serialize_response,1,0.8906837991955421
fastapi_1_766157bfb4e7_fastapi/applications.py_patch_1,fastapi,1,766157bfb4e7dfccba09ab398e8ec444d14e947c,fastapi/applications.py:patch,fastapi/applications.py,patch,1,0.9899502267865896
fastapi_1_766157bfb4e7_fastapi/applications.py_post_1,fastapi,1,766157bfb4e7dfccba09ab398e8ec444d14e947c,fastapi/applications.py:post,fastapi/applications.py,post,1,0.9899502267865896
fastapi_1_766157bfb4e7_fastapi/routing.py_api_route_1,fastapi,1,766157bfb4e7dfccba09ab398e8ec444d14e947c,fastapi/routing.py:api_route,fastapi/routing.py,api_route,1,0.9945989046895647
fastapi_1_766157bfb4e7_fastapi/routing.py_add_api_route_1,fastapi,1,766157bfb4e7dfccba09ab398e8ec444d14e947c,fastapi/routing.py:add_api_route,fastapi/routing.py,add_api_route,1,0.9958566453464361
fastapi_1_766157bfb4e7_fastapi/openapi/utils.py_get_openapi_security_definitions_1,fastapi,1,766157bfb4e7dfccba09ab398e8ec444d14e947c,fastapi/openapi/utils.py:get_openapi_security_definitions,fastapi/openapi/utils.py,get_openapi_security_definitions,1,0.41304222886602615
fastapi_1_766157bfb4e7_fastapi/encoders.py_jsonable_encoder_1,fastapi,1,766157bfb4e7dfccba09ab398e8ec444d14e947c,fastapi/encoders.py:jsonable_encoder,fastapi/encoders.py,jsonable_encoder,1,0.9247191024293501
fastapi_1_766157bfb4e7_fastapi/routing.py_options_1,fastapi,1,766157bfb4e7dfccba09ab398e8ec444d14e947c,fastapi/routing.py:options,fastapi/routing.py,options,1,0.9920168034478787
fastapi_1_766157bfb4e7_fastapi/applications.py_get_1,fastapi,1,766157bfb4e7dfccba09ab398e8ec444d14e947c,fastapi/applications.py:get,fastapi/applications.py,get,1,0.9899502267865896
fastapi_1_766157bfb4e7_fastapi/applications.py_put_1,fastapi,1,766157bfb4e7dfccba09ab398e8ec444d14e947c,fastapi/applications.py:put,fastapi/applications.py,put,1,0.9899502267865896
fastapi_1_766157bfb4e7_fastapi/routing.py_include_router_1,fastapi,1,766157bfb4e7dfccba09ab398e8ec444d14e947c,fastapi/routing.py:include_router,fastapi/routing.py,include_router,1,0.9351786844857517
fastapi_1_766157bfb4e7_fastapi/routing.py_delete_1,fastapi,1,766157bfb4e7dfccba09ab398e8ec444d14e947c,fastapi/routing.py:delete,fastapi/routing.py,delete,1,0.9920168034478787
fastapi_1_766157bfb4e7_fastapi/applications.py_api_route_1,fastapi,1,766157bfb4e7dfccba09ab398e8ec444d14e947c,fastapi/applications.py:api_route,fastapi/applications.py,api_route,1,0.9906455894043582
fastapi_1_766157bfb4e7_docs_src/security/tutorial003.py_login_0,fastapi,1,766157bfb4e7dfccba09ab398e8ec444d14e947c,docs_src/security/tutorial003.py:login,docs_src/security/tutorial003.py,login,0,0.3369159054820653
fastapi_1_766157bfb4e7_tests/test_tutorial/test_testing/test_tutorial002.py_test_ws_0,fastapi,1,766157bfb4e7dfccba09ab398e8ec444d14e947c,tests/test_tutorial/test_testing/test_tutorial002.py:test_ws,tests/test_tutorial/test_testing/test_tutorial002.py,test_ws,0,0.19805289280441551
fastapi_1_766157bfb4e7_tests/test_default_response_class_router.py_test_router_a_a_0,fastapi,1,766157bfb4e7dfccba09ab398e8ec444d14e947c,tests/test_default_response_class_router.py:test_router_a_a,tests/test_default_response_class_router.py,test_router_a_a,0,0.2727796959634013
fastapi_1_766157bfb4e7_tests/test_security_oauth2.py_test_security_oauth2_password_other_header_0,fastapi,1,766157bfb4e7dfccba09ab398e8ec444d14e947c,tests/test_security_oauth2.py:test_security_oauth2_password_other_header,tests/test_security_oauth2.py,test_security_oauth2_password_other_header,0,0.21335715615559914
fastapi_1_766157bfb4e7_tests/test_dependency_contextmanager.py_context_b_0,fastapi,1,766157bfb4e7dfccba09ab398e8ec444d14e947c,tests/test_dependency_contextmanager.py:context_b,tests/test_dependency_contextmanager.py,context_b,0,0.33353371840900875
fastapi_1_766157bfb4e7_docs_src/first_steps/tutorial003.py_root_0,fastapi,1,766157bfb4e7dfccba09ab398e8ec444d14e947c,docs_src/first_steps/tutorial003.py:root,docs_src/first_steps/tutorial003.py,root,0,0.20750373144420256
fastapi_1_766157bfb4e7_docs_src/app_testing/tutorial001.py_test_read_main_0,fastapi,1,766157bfb4e7dfccba09ab398e8ec444d14e947c,docs_src/app_testing/tutorial001.py:test_read_main,docs_src/app_testing/tutorial001.py,test_read_main,0,0.1983034360507698
fastapi_1_766157bfb4e7_tests/test_security_oauth2.py_test_strict_login_0,fastapi,1,766157bfb4e7dfccba09ab398e8ec444d14e947c,tests/test_security_oauth2.py:test_strict_login,tests/test_security_oauth2.py,test_strict_login,0,0.3693249733097033
fastapi_1_766157bfb4e7_tests/test_tutorial/test_security/test_tutorial005.py_test_token_no_username_0,fastapi,1,766157bfb4e7dfccba09ab398e8ec444d14e947c,tests/test_tutorial/test_security/test_tutorial005.py:test_token_no_username,tests/test_tutorial/test_security/test_tutorial005.py,test_token_no_username,0,0.19431721195788265
fastapi_1_766157bfb4e7_tests/test_tutorial/test_handling_errors/test_tutorial001.py_test_get_item_not_found_0,fastapi,1,766157bfb4e7dfccba09ab398e8ec444d14e947c,tests/test_tutorial/test_handling_errors/test_tutorial001.py:test_get_item_not_found,tests/test_tutorial/test_handling_errors/test_tutorial001.py,test_get_item_not_found,0,0.19561166246177214
fastapi_1_766157bfb4e7_docs_src/python_types/tutorial003.py_get_name_with_age_0,fastapi,1,766157bfb4e7dfccba09ab398e8ec444d14e947c,docs_src/python_types/tutorial003.py:get_name_with_age,docs_src/python_types/tutorial003.py,get_name_with_age,0,0.2986951247704121
fastapi_1_766157bfb4e7_docs_src/handling_errors/tutorial001.py_read_item_0,fastapi,1,766157bfb4e7dfccba09ab398e8ec444d14e947c,docs_src/handling_errors/tutorial001.py:read_item,docs_src/handling_errors/tutorial001.py,read_item,0,0.33027760479927876
fastapi_1_766157bfb4e7_tests/test_tutorial/test_body_nested_models/test_tutorial009.py_test_post_invalid_body_0,fastapi,1,766157bfb4e7dfccba09ab398e8ec444d14e947c,tests/test_tutorial/test_body_nested_models/test_tutorial009.py:test_post_invalid_body,tests/test_tutorial/test_body_nested_models/test_tutorial009.py,test_post_invalid_body,0,0.19240767972600786
fastapi_1_766157bfb4e7_fastapi/openapi/utils.py_get_openapi_operation_metadata_0,fastapi,1,766157bfb4e7dfccba09ab398e8ec444d14e947c,fastapi/openapi/utils.py:get_openapi_operation_metadata,fastapi/openapi/utils.py,get_openapi_operation_metadata,0,0.5151096485608195
fastapi_1_766157bfb4e7_tests/test_validate_response_dataclass.py_get_innerinvalid_0,fastapi,1,766157bfb4e7dfccba09ab398e8ec444d14e947c,tests/test_validate_response_dataclass.py:get_innerinvalid,tests/test_validate_response_dataclass.py,get_innerinvalid,0,0.22703766929237884
fastapi_1_766157bfb4e7_tests/test_additional_responses_router.py_test_a_0,fastapi,1,766157bfb4e7dfccba09ab398e8ec444d14e947c,tests/test_additional_responses_router.py:test_a,tests/test_additional_responses_router.py,test_a,0,0.19827504080863728
fastapi_1_766157bfb4e7_docs_src/security/tutorial004.py_get_password_hash_0,fastapi,1,766157bfb4e7dfccba09ab398e8ec444d14e947c,docs_src/security/tutorial004.py:get_password_hash,docs_src/security/tutorial004.py,get_password_hash,0,0.27720286724950766
fastapi_1_766157bfb4e7_tests/test_extra_routes.py_options_item_0,fastapi,1,766157bfb4e7dfccba09ab398e8ec444d14e947c,tests/test_extra_routes.py:options_item,tests/test_extra_routes.py,options_item,0,0.26354068851180273
fastapi_1_766157bfb4e7_docs_src/extra_models/tutorial002.py_fake_password_hasher_0,fastapi,1,766157bfb4e7dfccba09ab398e8ec444d14e947c,docs_src/extra_models/tutorial002.py:fake_password_hasher,docs_src/extra_models/tutorial002.py,fake_password_hasher,0,0.2600265325631637
fastapi_1_766157bfb4e7_tests/main.py_get_path_param_id_0,fastapi,1,766157bfb4e7dfccba09ab398e8ec444d14e947c,tests/main.py:get_path_param_id,tests/main.py,get_path_param_id,0,0.25031524193855276
fastapi_1_766157bfb4e7_tests/test_inherited_custom_class.py___str___0,fastapi,1,766157bfb4e7dfccba09ab398e8ec444d14e947c,tests/test_inherited_custom_class.py:__str__,tests/test_inherited_custom_class.py,__str__,0,0.2705822278421861
fastapi_1_766157bfb4e7_tests/test_default_response_class.py_test_app_override_0,fastapi,1,766157bfb4e7dfccba09ab398e8ec444d14e947c,tests/test_default_response_class.py:test_app_override,tests/test_default_response_class.py,test_app_override,0,0.28464291790849267
fastapi_1_766157bfb4e7_docs_src/sql_databases_peewee/sql_app/crud.py_get_user_0,fastapi,1,766157bfb4e7dfccba09ab398e8ec444d14e947c,docs_src/sql_databases_peewee/sql_app/crud.py:get_user,docs_src/sql_databases_peewee/sql_app/crud.py,get_user,0,0.243664969998551
fastapi_1_766157bfb4e7_tests/test_security_http_base_optional.py_test_security_http_base_0,fastapi,1,766157bfb4e7dfccba09ab398e8ec444d14e947c,tests/test_security_http_base_optional.py:test_security_http_base,tests/test_security_http_base_optional.py,test_security_http_base,0,0.2057232848506896
fastapi_1_766157bfb4e7_tests/test_tutorial/test_custom_request_and_route/test_tutorial003.py_test_get_0,fastapi,1,766157bfb4e7dfccba09ab398e8ec444d14e947c,tests/test_tutorial/test_custom_request_and_route/test_tutorial003.py:test_get,tests/test_tutorial/test_custom_request_and_route/test_tutorial003.py,test_get,0,0.19832047466510583
fastapi_1_766157bfb4e7_tests/test_default_response_class_router.py_test_router_b_override_0,fastapi,1,766157bfb4e7dfccba09ab398e8ec444d14e947c,tests/test_default_response_class_router.py:test_router_b_override,tests/test_default_response_class_router.py,test_router_b_override,0,0.27533644661070217
fastapi_1_766157bfb4e7_tests/test_tutorial/test_security/test_tutorial003.py_test_login_incorrect_password_0,fastapi,1,766157bfb4e7dfccba09ab398e8ec444d14e947c,tests/test_tutorial/test_security/test_tutorial003.py:test_login_incorrect_password,tests/test_tutorial/test_security/test_tutorial003.py,test_login_incorrect_password,0,0.19695110718433576
fastapi_1_766157bfb4e7_tests/test_tutorial/test_wsgi/test_tutorial001.py_test_app_0,fastapi,1,766157bfb4e7dfccba09ab398e8ec444d14e947c,tests/test_tutorial/test_wsgi/test_tutorial001.py:test_app,tests/test_tutorial/test_wsgi/test_tutorial001.py,test_app,0,0.19832047466510583
fastapi_1_766157bfb4e7_tests/test_tutorial/test_background_tasks/test_tutorial001.py_test_0,fastapi,1,766157bfb4e7dfccba09ab398e8ec444d14e947c,tests/test_tutorial/test_background_tasks/test_tutorial001.py:test,tests/test_tutorial/test_background_tasks/test_tutorial001.py,test,0,0.26578468822830703
fastapi_1_766157bfb4e7_docs_src/app_testing/test_main_b.py_test_create_item_bad_token_0,fastapi,1,766157bfb4e7dfccba09ab398e8ec444d14e947c,docs_src/app_testing/test_main_b.py:test_create_item_bad_token,docs_src/app_testing/test_main_b.py,test_create_item_bad_token,0,0.1956447787536874
fastapi_1_766157bfb4e7_tests/test_tutorial/test_extending_openapi/test_tutorial001.py_test_0,fastapi,1,766157bfb4e7dfccba09ab398e8ec444d14e947c,tests/test_tutorial/test_extending_openapi/test_tutorial001.py:test,tests/test_tutorial/test_extending_openapi/test_tutorial001.py,test,0,0.19832047466510583
fastapi_1_766157bfb4e7_tests/test_default_response_class_router.py_test_router_a_override_0,fastapi,1,766157bfb4e7dfccba09ab398e8ec444d14e947c,tests/test_default_response_class_router.py:test_router_a_override,tests/test_default_response_class_router.py,test_router_a_override,0,0.27533644661070217
fastapi_1_766157bfb4e7_docs_src/query_params/tutorial001.py_read_item_0,fastapi,1,766157bfb4e7dfccba09ab398e8ec444d14e947c,docs_src/query_params/tutorial001.py:read_item,docs_src/query_params/tutorial001.py,read_item,0,0.3042988712941822
fastapi_1_766157bfb4e7_docs_src/security/tutorial004.py_get_current_user_0,fastapi,1,766157bfb4e7dfccba09ab398e8ec444d14e947c,docs_src/security/tutorial004.py:get_current_user,docs_src/security/tutorial004.py,get_current_user,0,0.45049090821939003
fastapi_1_766157bfb4e7_tests/test_additional_responses_router.py_c_0,fastapi,1,766157bfb4e7dfccba09ab398e8ec444d14e947c,tests/test_additional_responses_router.py:c,tests/test_additional_responses_router.py,c,0,0.2112422331973045
fastapi_1_766157bfb4e7_docs_src/request_files/tutorial002.py_main_0,fastapi,1,766157bfb4e7dfccba09ab398e8ec444d14e947c,docs_src/request_files/tutorial002.py:main,docs_src/request_files/tutorial002.py,main,0,0.20470910083560803
fastapi_1_766157bfb4e7_docs_src/query_params_str_validations/tutorial001.py_read_items_0,fastapi,1,766157bfb4e7dfccba09ab398e8ec444d14e947c,docs_src/query_params_str_validations/tutorial001.py:read_items,docs_src/query_params_str_validations/tutorial001.py,read_items,0,0.3293563911458743
fastapi_1_766157bfb4e7_tests/test_tutorial/test_events/test_tutorial002.py_test_events_0,fastapi,1,766157bfb4e7dfccba09ab398e8ec444d14e947c,tests/test_tutorial/test_events/test_tutorial002.py:test_events,tests/test_tutorial/test_events/test_tutorial002.py,test_events,0,0.25607817969094443
fastapi_1_766157bfb4e7_docs_src/sql_databases/sql_app/main.py_read_user_0,fastapi,1,766157bfb4e7dfccba09ab398e8ec444d14e947c,docs_src/sql_databases/sql_app/main.py:read_user,docs_src/sql_databases/sql_app/main.py,read_user,0,0.39856678448932564
fastapi_1_766157bfb4e7_tests/test_custom_route_class.py_get_c_0,fastapi,1,766157bfb4e7dfccba09ab398e8ec444d14e947c,tests/test_custom_route_class.py:get_c,tests/test_custom_route_class.py,get_c,0,0.21903307633608884
fastapi_1_766157bfb4e7_tests/test_default_response_class.py_get_b_path_override_0,fastapi,1,766157bfb4e7dfccba09ab398e8ec444d14e947c,tests/test_default_response_class.py:get_b_path_override,tests/test_default_response_class.py,get_b_path_override,0,0.2229938129149703
fastapi_1_766157bfb4e7_tests/test_tutorial/test_response_model/test_tutorial004.py_test_openapi_schema_0,fastapi,1,766157bfb4e7dfccba09ab398e8ec444d14e947c,tests/test_tutorial/test_response_model/test_tutorial004.py:test_openapi_schema,tests/test_tutorial/test_response_model/test_tutorial004.py,test_openapi_schema,0,0.20201629671931642
fastapi_1_766157bfb4e7_fastapi/openapi/utils.py_get_openapi_params_0,fastapi,1,766157bfb4e7dfccba09ab398e8ec444d14e947c,fastapi/openapi/utils.py:get_openapi_params,fastapi/openapi/utils.py,get_openapi_params,0,0.32839694819291054
fastapi_1_766157bfb4e7_tests/test_dependency_overrides.py_overrider_dependency_with_sub_0,fastapi,1,766157bfb4e7dfccba09ab398e8ec444d14e947c,tests/test_dependency_overrides.py:overrider_dependency_with_sub,tests/test_dependency_overrides.py,overrider_dependency_with_sub,0,0.25909073789102044
fastapi_1_766157bfb4e7_fastapi/dependencies/utils.py_get_param_field_0,fastapi,1,766157bfb4e7dfccba09ab398e8ec444d14e947c,fastapi/dependencies/utils.py:get_param_field,fastapi/dependencies/utils.py,get_param_field,0,0.7916687104035619
fastapi_1_766157bfb4e7_tests/test_tutorial/test_sql_databases/test_sql_databases_middleware.py_test_get_users_0,fastapi,1,766157bfb4e7dfccba09ab398e8ec444d14e947c,tests/test_tutorial/test_sql_databases/test_sql_databases_middleware.py:test_get_users,tests/test_tutorial/test_sql_databases/test_sql_databases_middleware.py,test_get_users,0,0.24923213544908973
fastapi_1_766157bfb4e7_tests/test_additional_responses_router.py_b_0,fastapi,1,766157bfb4e7dfccba09ab398e8ec444d14e947c,tests/test_additional_responses_router.py:b,tests/test_additional_responses_router.py,b,0,0.2112422331973045
fastapi_1_766157bfb4e7_tests/test_validate_response_dataclass.py_get_invalid_0,fastapi,1,766157bfb4e7dfccba09ab398e8ec444d14e947c,tests/test_validate_response_dataclass.py:get_invalid,tests/test_validate_response_dataclass.py,get_invalid,0,0.22703766929237884
fastapi_1_766157bfb4e7_tests/test_starlette_exception.py_create_item_0,fastapi,1,766157bfb4e7dfccba09ab398e8ec444d14e947c,tests/test_starlette_exception.py:create_item,tests/test_starlette_exception.py,create_item,0,0.34046059243111626
fastapi_1_766157bfb4e7_tests/main.py_get_path_param_gt_int_0,fastapi,1,766157bfb4e7dfccba09ab398e8ec444d14e947c,tests/main.py:get_path_param_gt_int,tests/main.py,get_path_param_gt_int,0,0.25031524193855276
fastapi_1_766157bfb4e7_docs_src/dependencies/tutorial007.py_get_db_0,fastapi,1,766157bfb4e7dfccba09ab398e8ec444d14e947c,docs_src/dependencies/tutorial007.py:get_db,docs_src/dependencies/tutorial007.py,get_db,0,0.25869903964875873
fastapi_1_766157bfb4e7_docs_src/path_operation_configuration/tutorial006.py_read_elements_0,fastapi,1,766157bfb4e7dfccba09ab398e8ec444d14e947c,docs_src/path_operation_configuration/tutorial006.py:read_elements,docs_src/path_operation_configuration/tutorial006.py,read_elements,0,0.20745086458411885
fastapi_1_766157bfb4e7_tests/test_tutorial/test_sql_databases/test_sql_databases_middleware.py_test_create_item_0,fastapi,1,766157bfb4e7dfccba09ab398e8ec444d14e947c,tests/test_tutorial/test_sql_databases/test_sql_databases_middleware.py:test_create_item,tests/test_tutorial/test_sql_databases/test_sql_databases_middleware.py,test_create_item,0,0.2285296908606306
fastapi_1_766157bfb4e7_tests/test_security_api_key_cookie_optional.py_read_current_user_0,fastapi,1,766157bfb4e7dfccba09ab398e8ec444d14e947c,tests/test_security_api_key_cookie_optional.py:read_current_user,tests/test_security_api_key_cookie_optional.py,read_current_user,0,0.36039747449116155
fastapi_1_766157bfb4e7_tests/test_datetime_custom_encoder.py_test_dt_0,fastapi,1,766157bfb4e7dfccba09ab398e8ec444d14e947c,tests/test_datetime_custom_encoder.py:test_dt,tests/test_datetime_custom_encoder.py,test_dt,0,0.27825412498714286
fastapi_1_766157bfb4e7_docs_src/dependencies/tutorial001.py_read_items_0,fastapi,1,766157bfb4e7dfccba09ab398e8ec444d14e947c,docs_src/dependencies/tutorial001.py:read_items,docs_src/dependencies/tutorial001.py,read_items,0,0.2503686850491072
fastapi_1_766157bfb4e7_docs_src/advanced_middleware/tutorial003.py_main_0,fastapi,1,766157bfb4e7dfccba09ab398e8ec444d14e947c,docs_src/advanced_middleware/tutorial003.py:main,docs_src/advanced_middleware/tutorial003.py,main,0,0.21128985534074168
fastapi_1_766157bfb4e7_tests/test_dependency_contextmanager.py_test_sync_background_tasks_0,fastapi,1,766157bfb4e7dfccba09ab398e8ec444d14e947c,tests/test_dependency_contextmanager.py:test_sync_background_tasks,tests/test_dependency_contextmanager.py,test_sync_background_tasks,0,0.20231381466831877
fastapi_1_766157bfb4e7_docs_src/security/tutorial003.py_get_current_active_user_0,fastapi,1,766157bfb4e7dfccba09ab398e8ec444d14e947c,docs_src/security/tutorial003.py:get_current_active_user,docs_src/security/tutorial003.py,get_current_active_user,0,0.33757101421085617
fastapi_1_766157bfb4e7_tests/test_tutorial/test_sql_databases_peewee/test_sql_databases_peewee.py_test_create_user_0,fastapi,1,766157bfb4e7dfccba09ab398e8ec444d14e947c,tests/test_tutorial/test_sql_databases_peewee/test_sql_databases_peewee.py:test_create_user,tests/test_tutorial/test_sql_databases_peewee/test_sql_databases_peewee.py,test_create_user,0,0.2575339049805233
fastapi_1_766157bfb4e7_tests/test_additional_responses_response_class.py_a_0,fastapi,1,766157bfb4e7dfccba09ab398e8ec444d14e947c,tests/test_additional_responses_response_class.py:a,tests/test_additional_responses_response_class.py,a,0,0.21520727781743096
fastapi_1_766157bfb4e7_docs_src/sql_databases_peewee/sql_app/database.py___setattr___0,fastapi,1,766157bfb4e7dfccba09ab398e8ec444d14e947c,docs_src/sql_databases_peewee/sql_app/database.py:__setattr__,docs_src/sql_databases_peewee/sql_app/database.py,__setattr__,0,0.3564028531259462
fastapi_1_766157bfb4e7_tests/test_security_http_basic_optional.py_test_security_http_basic_non_basic_credentials_0,fastapi,1,766157bfb4e7dfccba09ab398e8ec444d14e947c,tests/test_security_http_basic_optional.py:test_security_http_basic_non_basic_credentials,tests/test_security_http_basic_optional.py,test_security_http_basic_non_basic_credentials,0,0.20702097746245868
fastapi_1_766157bfb4e7_tests/test_tutorial/test_dependencies/test_tutorial006.py_test_get_invalid_one_header_0,fastapi,1,766157bfb4e7dfccba09ab398e8ec444d14e947c,tests/test_tutorial/test_dependencies/test_tutorial006.py:test_get_invalid_one_header,tests/test_tutorial/test_dependencies/test_tutorial006.py,test_get_invalid_one_header,0,0.19828639853822816
fastapi_1_766157bfb4e7_tests/test_security_api_key_header.py_test_security_api_key_no_key_0,fastapi,1,766157bfb4e7dfccba09ab398e8ec444d14e947c,tests/test_security_api_key_header.py:test_security_api_key_no_key,tests/test_security_api_key_header.py,test_security_api_key_no_key,0,0.20571661370039576
fastapi_1_766157bfb4e7_tests/test_tutorial/test_extra_models/test_tutorial005.py_test_openapi_schema_0,fastapi,1,766157bfb4e7dfccba09ab398e8ec444d14e947c,tests/test_tutorial/test_extra_models/test_tutorial005.py:test_openapi_schema,tests/test_tutorial/test_extra_models/test_tutorial005.py,test_openapi_schema,0,0.19832047466510583
fastapi_1_766157bfb4e7_docs_src/query_params_str_validations/tutorial011.py_read_items_0,fastapi,1,766157bfb4e7dfccba09ab398e8ec444d14e947c,docs_src/query_params_str_validations/tutorial011.py:read_items,docs_src/query_params_str_validations/tutorial011.py,read_items,0,0.25399679483144916
fastapi_1_766157bfb4e7_docs_src/handling_errors/tutorial003.py_read_unicorn_0,fastapi,1,766157bfb4e7dfccba09ab398e8ec444d14e947c,docs_src/handling_errors/tutorial003.py:read_unicorn,docs_src/handling_errors/tutorial003.py,read_unicorn,0,0.33530814734045755
fastapi_1_766157bfb4e7_docs_src/sql_databases/sql_app/alt_main.py_read_users_0,fastapi,1,766157bfb4e7dfccba09ab398e8ec444d14e947c,docs_src/sql_databases/sql_app/alt_main.py:read_users,docs_src/sql_databases/sql_app/alt_main.py,read_users,0,0.37018029271791475
fastapi_1_766157bfb4e7_tests/test_tutorial/test_custom_response/test_tutorial004.py_test_get_custom_response_0,fastapi,1,766157bfb4e7dfccba09ab398e8ec444d14e947c,tests/test_tutorial/test_custom_response/test_tutorial004.py:test_get_custom_response,tests/test_tutorial/test_custom_response/test_tutorial004.py,test_get_custom_response,0,0.20037161638884052
fastapi_1_766157bfb4e7_docs_src/custom_request_and_route/tutorial003.py_get_route_handler_0,fastapi,1,766157bfb4e7dfccba09ab398e8ec444d14e947c,docs_src/custom_request_and_route/tutorial003.py:get_route_handler,docs_src/custom_request_and_route/tutorial003.py,get_route_handler,0,0.24329419705333255
fastapi_1_766157bfb4e7_tests/test_tutorial/test_path_params/test_tutorial005.py_test_openapi_0,fastapi,1,766157bfb4e7dfccba09ab398e8ec444d14e947c,tests/test_tutorial/test_path_params/test_tutorial005.py:test_openapi,tests/test_tutorial/test_path_params/test_tutorial005.py,test_openapi,0,0.20201629671931642
fastapi_1_766157bfb4e7_tests/test_tutorial/test_dependencies/test_tutorial006.py_test_get_valid_headers_0,fastapi,1,766157bfb4e7dfccba09ab398e8ec444d14e947c,tests/test_tutorial/test_dependencies/test_tutorial006.py:test_get_valid_headers,tests/test_tutorial/test_dependencies/test_tutorial006.py,test_get_valid_headers,0,0.1943411824864514
fastapi_1_766157bfb4e7_docs_src/sql_databases/sql_app/alt_main.py_get_db_0,fastapi,1,766157bfb4e7dfccba09ab398e8ec444d14e947c,docs_src/sql_databases/sql_app/alt_main.py:get_db,docs_src/sql_databases/sql_app/alt_main.py,get_db,0,0.2660606961416565
fastapi_1_766157bfb4e7_tests/test_security_api_key_header_optional.py_test_security_api_key_no_key_0,fastapi,1,766157bfb4e7dfccba09ab398e8ec444d14e947c,tests/test_security_api_key_header_optional.py:test_security_api_key_no_key,tests/test_security_api_key_header_optional.py,test_security_api_key_no_key,0,0.20951424581940978
fastapi_1_766157bfb4e7_docs_src/security/tutorial002.py_get_current_user_0,fastapi,1,766157bfb4e7dfccba09ab398e8ec444d14e947c,docs_src/security/tutorial002.py:get_current_user,docs_src/security/tutorial002.py,get_current_user,0,0.27037379428186253
fastapi_1_766157bfb4e7_docs_src/custom_response/tutorial007.py_main_0,fastapi,1,766157bfb4e7dfccba09ab398e8ec444d14e947c,docs_src/custom_response/tutorial007.py:main,docs_src/custom_response/tutorial007.py,main,0,0.2156521167582237
fastapi_1_766157bfb4e7_tests/test_dependency_cache.py_test_sub_counter_no_cache_0,fastapi,1,766157bfb4e7dfccba09ab398e8ec444d14e947c,tests/test_dependency_cache.py:test_sub_counter_no_cache,tests/test_dependency_cache.py,test_sub_counter_no_cache,0,0.19162309823906978
fastapi_1_766157bfb4e7_tests/test_infer_param_optionality.py_test_get_user_0,fastapi,1,766157bfb4e7dfccba09ab398e8ec444d14e947c,tests/test_infer_param_optionality.py:test_get_user,tests/test_infer_param_optionality.py,test_get_user,0,0.1976034585883984
fastapi_1_766157bfb4e7_docs_src/custom_response/tutorial004.py_read_items_0,fastapi,1,766157bfb4e7dfccba09ab398e8ec444d14e947c,docs_src/custom_response/tutorial004.py:read_items,docs_src/custom_response/tutorial004.py,read_items,0,0.21783380495319343
fastapi_1_766157bfb4e7_tests/test_filter_pydantic_sub_model.py_test_validator_is_cloned_0,fastapi,1,766157bfb4e7dfccba09ab398e8ec444d14e947c,tests/test_filter_pydantic_sub_model.py:test_validator_is_cloned,tests/test_filter_pydantic_sub_model.py,test_validator_is_cloned,0,0.2706962315892174
fastapi_1_766157bfb4e7_fastapi/openapi/models.py_validate_0,fastapi,1,766157bfb4e7dfccba09ab398e8ec444d14e947c,fastapi/openapi/models.py:validate,fastapi/openapi/models.py,validate,0,0.3402602860642879
fastapi_1_766157bfb4e7_tests/main.py_get_path_param_lt_gt_0,fastapi,1,766157bfb4e7dfccba09ab398e8ec444d14e947c,tests/main.py:get_path_param_lt_gt,tests/main.py,get_path_param_lt_gt,0,0.25031524193855276
fastapi_1_766157bfb4e7_docs_src/python_types/tutorial009.py___init___0,fastapi,1,766157bfb4e7dfccba09ab398e8ec444d14e947c,docs_src/python_types/tutorial009.py:__init__,docs_src/python_types/tutorial009.py,__init__,0,0.28990864580534187
fastapi_1_766157bfb4e7_tests/test_extra_routes.py_test_trace_0,fastapi,1,766157bfb4e7dfccba09ab398e8ec444d14e947c,tests/test_extra_routes.py:test_trace,tests/test_extra_routes.py,test_trace,0,0.20781203865274495
fastapi_1_766157bfb4e7_tests/test_tutorial/test_extra_models/test_tutorial004.py_test_openapi_schema_0,fastapi,1,766157bfb4e7dfccba09ab398e8ec444d14e947c,tests/test_tutorial/test_extra_models/test_tutorial004.py:test_openapi_schema,tests/test_tutorial/test_extra_models/test_tutorial004.py,test_openapi_schema,0,0.19832047466510583
fastapi_1_766157bfb4e7_tests/test_response_change_status_code.py_parent_dep_0,fastapi,1,766157bfb4e7dfccba09ab398e8ec444d14e947c,tests/test_response_change_status_code.py:parent_dep,tests/test_response_change_status_code.py,parent_dep,0,0.2547059193602314
fastapi_1_766157bfb4e7_tests/test_tutorial/test_security/test_tutorial005.py_test_token_no_sub_0,fastapi,1,766157bfb4e7dfccba09ab398e8ec444d14e947c,tests/test_tutorial/test_security/test_tutorial005.py:test_token_no_sub,tests/test_tutorial/test_security/test_tutorial005.py,test_token_no_sub,0,0.19431721195788265
fastapi_1_766157bfb4e7_docs_src/sql_databases/sql_app/main.py_create_user_0,fastapi,1,766157bfb4e7dfccba09ab398e8ec444d14e947c,docs_src/sql_databases/sql_app/main.py:create_user,docs_src/sql_databases/sql_app/main.py,create_user,0,0.39549024074298494
fastapi_1_766157bfb4e7_scripts/docs.py_get_text_with_translate_missing_0,fastapi,1,766157bfb4e7dfccba09ab398e8ec444d14e947c,scripts/docs.py:get_text_with_translate_missing,scripts/docs.py,get_text_with_translate_missing,0,0.2910773610781197
fastapi_1_766157bfb4e7_docs_src/sql_databases_peewee/sql_app/main.py_reset_db_state_0,fastapi,1,766157bfb4e7dfccba09ab398e8ec444d14e947c,docs_src/sql_databases_peewee/sql_app/main.py:reset_db_state,docs_src/sql_databases_peewee/sql_app/main.py,reset_db_state,0,0.20430136251010403
fastapi_1_766157bfb4e7_fastapi/datastructures.py_validate_0,fastapi,1,766157bfb4e7dfccba09ab398e8ec444d14e947c,fastapi/datastructures.py:validate,fastapi/datastructures.py,validate,0,0.3886008059620702
fastapi_1_766157bfb4e7_tests/test_response_model_invalid.py_test_invalid_response_model_sub_type_in_responses_raises_0,fastapi,1,766157bfb4e7dfccba09ab398e8ec444d14e947c,tests/test_response_model_invalid.py:test_invalid_response_model_sub_type_in_responses_raises,tests/test_response_model_invalid.py,test_invalid_response_model_sub_type_in_responses_raises,0,0.2731849073595051
fastapi_1_766157bfb4e7_docs_src/body_multiple_params/tutorial003.py_update_item_0,fastapi,1,766157bfb4e7dfccba09ab398e8ec444d14e947c,docs_src/body_multiple_params/tutorial003.py:update_item,docs_src/body_multiple_params/tutorial003.py,update_item,0,0.421560144008674
fastapi_1_766157bfb4e7_fastapi/exception_handlers.py_http_exception_handler_0,fastapi,1,766157bfb4e7dfccba09ab398e8ec444d14e947c,fastapi/exception_handlers.py:http_exception_handler,fastapi/exception_handlers.py,http_exception_handler,0,0.41774988874492247
fastapi_1_766157bfb4e7_tests/test_dependency_contextmanager.py_test_sync_sync_raise_0,fastapi,1,766157bfb4e7dfccba09ab398e8ec444d14e947c,tests/test_dependency_contextmanager.py:test_sync_sync_raise,tests/test_dependency_contextmanager.py,test_sync_sync_raise,0,0.20433910258577392
fastapi_10_b77a43bcac3e_fastapi/routing.py_serialize_response_1,fastapi,10,b77a43bcac3ec8e7edbe82543e777c60ae85c178,fastapi/routing.py:serialize_response,fastapi/routing.py,serialize_response,1,0.8536586707197477
fastapi_10_b77a43bcac3e_tests/test_tutorial/test_path_operation_advanced_configurations/test_tutorial002.py_test_openapi_schema_0,fastapi,10,b77a43bcac3ec8e7edbe82543e777c60ae85c178,tests/test_tutorial/test_path_operation_advanced_configurations/test_tutorial002.py:test_openapi_schema,tests/test_tutorial/test_path_operation_advanced_configurations/test_tutorial002.py,test_openapi_schema,0,0.19845306009514185
fastapi_10_b77a43bcac3e_tests/main.py_get_path_param_lt_0,fastapi,10,b77a43bcac3ec8e7edbe82543e777c60ae85c178,tests/main.py:get_path_param_lt,tests/main.py,get_path_param_lt,0,0.25041778857998354
fastapi_10_b77a43bcac3e_tests/test_tutorial/test_query_params_str_validations/test_tutorial011.py_test_query_no_values_0,fastapi,10,b77a43bcac3ec8e7edbe82543e777c60ae85c178,tests/test_tutorial/test_query_params_str_validations/test_tutorial011.py:test_query_no_values,tests/test_tutorial/test_query_params_str_validations/test_tutorial011.py,test_query_no_values,0,0.19775284150397757
fastapi_11_bf229ad5d830_fastapi/dependencies/utils.py_is_scalar_field_1,fastapi,11,bf229ad5d830eb5320f966d51a55e590e8d57008,fastapi/dependencies/utils.py:is_scalar_field,fastapi/dependencies/utils.py,is_scalar_field,1,0.3518175452253199
fastapi_11_bf229ad5d830_tests/test_ws_router.py_routerindex_0,fastapi,11,bf229ad5d830eb5320f966d51a55e590e8d57008,tests/test_ws_router.py:routerindex,tests/test_ws_router.py,routerindex,0,0.2442157309245299
fastapi_11_bf229ad5d830_tests/test_tutorial/test_security/test_tutorial006.py_test_security_http_basic_invalid_credentials_0,fastapi,11,bf229ad5d830eb5320f966d51a55e590e8d57008,tests/test_tutorial/test_security/test_tutorial006.py:test_security_http_basic_invalid_credentials,tests/test_tutorial/test_security/test_tutorial006.py,test_security_http_basic_invalid_credentials,0,0.20379768189329714
fastapi_11_bf229ad5d830_tests/test_tutorial/test_events/test_tutorial002.py_test_events_0,fastapi,11,bf229ad5d830eb5320f966d51a55e590e8d57008,tests/test_tutorial/test_events/test_tutorial002.py:test_events,tests/test_tutorial/test_events/test_tutorial002.py,test_events,0,0.2563426533049967
fastapi_12_d61f5e4b555b_fastapi/security/http.py___call___1,fastapi,12,d61f5e4b555b123bf222503fc0e076cbae6a7ebc,fastapi/security/http.py:__call__,fastapi/security/http.py,__call__,1,0.5250084803626273
fastapi_12_d61f5e4b555b_fastapi/applications.py_setup_0,fastapi,12,d61f5e4b555b123bf222503fc0e076cbae6a7ebc,fastapi/applications.py:setup,fastapi/applications.py,setup,0,0.48319012515388526
fastapi_12_d61f5e4b555b_fastapi/exception_handlers.py_request_validation_exception_handler_0,fastapi,12,d61f5e4b555b123bf222503fc0e076cbae6a7ebc,fastapi/exception_handlers.py:request_validation_exception_handler,fastapi/exception_handlers.py,request_validation_exception_handler,0,0.3151428889325274
fastapi_12_d61f5e4b555b_docs/src/query_params/tutorial001.py_read_item_0,fastapi,12,d61f5e4b555b123bf222503fc0e076cbae6a7ebc,docs/src/query_params/tutorial001.py:read_item,docs/src/query_params/tutorial001.py,read_item,0,0.3044904572864457
fastapi_13_6f7f9268f6b0_fastapi/routing.py_include_router_1,fastapi,13,6f7f9268f6b03f42831dcfeaa5c15ba9813333ec,fastapi/routing.py:include_router,fastapi/routing.py,include_router,1,0.8497105990596373
fastapi_13_6f7f9268f6b0_docs/src/path_params_numeric_validations/tutorial003.py_read_items_0,fastapi,13,6f7f9268f6b03f42831dcfeaa5c15ba9813333ec,docs/src/path_params_numeric_validations/tutorial003.py:read_items,docs/src/path_params_numeric_validations/tutorial003.py,read_items,0,0.3836830921124915
fastapi_13_6f7f9268f6b0_tests/test_security_api_key_header_optional.py_get_current_user_0,fastapi,13,6f7f9268f6b03f42831dcfeaa5c15ba9813333ec,tests/test_security_api_key_header_optional.py:get_current_user,tests/test_security_api_key_header_optional.py,get_current_user,0,0.3577811567407661
fastapi_13_6f7f9268f6b0_docs/src/body_schema/tutorial001.py_update_item_0,fastapi,13,6f7f9268f6b03f42831dcfeaa5c15ba9813333ec,docs/src/body_schema/tutorial001.py:update_item,docs/src/body_schema/tutorial001.py,update_item,0,0.305886636262943
fastapi_15_b16ca54c3064_fastapi/routing.py_include_router_1,fastapi,15,b16ca54c30644667ab9f65a712704850666a039c,fastapi/routing.py:include_router,fastapi/routing.py,include_router,1,0.7570763963750611
fastapi_15_b16ca54c3064_tests/test_tutorial/test_handling_errors/test_tutorial001.py_test_get_item_0,fastapi,15,b16ca54c30644667ab9f65a712704850666a039c,tests/test_tutorial/test_handling_errors/test_tutorial001.py:test_get_item,tests/test_tutorial/test_handling_errors/test_tutorial001.py,test_get_item,0,0.19867547306483876
fastapi_15_b16ca54c3064_fastapi/security/http.py___init___0,fastapi,15,b16ca54c30644667ab9f65a712704850666a039c,fastapi/security/http.py:__init__,fastapi/security/http.py,__init__,0,0.38911880765865603
fastapi_15_b16ca54c3064_docs/src/query_params_str_validations/tutorial002.py_read_items_0,fastapi,15,b16ca54c30644667ab9f65a712704850666a039c,docs/src/query_params_str_validations/tutorial002.py:read_items,docs/src/query_params_str_validations/tutorial002.py,read_items,0,0.32705913742107867
fastapi_16_92c825be6a73_fastapi/encoders.py_jsonable_encoder_1,fastapi,16,92c825be6a7362099400c9c3fe8b01ea13add3dc,fastapi/encoders.py:jsonable_encoder,fastapi/encoders.py,jsonable_encoder,1,0.8028581607435319
fastapi_16_92c825be6a73_docs/src/query_params_str_validations/tutorial003.py_read_items_0,fastapi,16,92c825be6a7362099400c9c3fe8b01ea13add3dc,docs/src/query_params_str_validations/tutorial003.py:read_items,docs/src/query_params_str_validations/tutorial003.py,read_items,0,0.32716218985189327
fastapi_16_92c825be6a73_tests/test_tutorial/test_request_files/test_tutorial001.py_test_post_large_file_0,fastapi,16,92c825be6a7362099400c9c3fe8b01ea13add3dc,tests/test_tutorial/test_request_files/test_tutorial001.py:test_post_large_file,tests/test_tutorial/test_request_files/test_tutorial001.py,test_post_large_file,0,0.30865326860846065
fastapi_16_92c825be6a73_pending_tests/main.py___call___0,fastapi,16,92c825be6a7362099400c9c3fe8b01ea13add3dc,pending_tests/main.py:__call__,pending_tests/main.py,__call__,0,0.2710215340755677
fastapi_2_210af1fd3dc0_fastapi/routing.py_add_api_websocket_route_1,fastapi,2,210af1fd3dc0f612a08fa02a0cb3f5adb81e5bfb,fastapi/routing.py:add_api_websocket_route,fastapi/routing.py,add_api_websocket_route,1,0.5519196534187548
fastapi_2_210af1fd3dc0_tests/test_empty_router.py_get_empty_0,fastapi,2,210af1fd3dc0f612a08fa02a0cb3f5adb81e5bfb,tests/test_empty_router.py:get_empty,tests/test_empty_router.py,get_empty,0,0.2151395957915515
fastapi_2_210af1fd3dc0_tests/test_default_response_class_router.py_get_b_path_override_0,fastapi,2,210af1fd3dc0f612a08fa02a0cb3f5adb81e5bfb,tests/test_default_response_class_router.py:get_b_path_override,tests/test_default_response_class_router.py,get_b_path_override,0,0.2151020728613265
fastapi_2_210af1fd3dc0_fastapi/security/http.py___init___0,fastapi,2,210af1fd3dc0f612a08fa02a0cb3f5adb81e5bfb,fastapi/security/http.py:__init__,fastapi/security/http.py,__init__,0,0.45367583565047825
fastapi_3_869c7389e22d_fastapi/routing.py_serialize_response_1,fastapi,3,869c7389e22dc9ad659940fa271da76c4f3ba3b1,fastapi/routing.py:serialize_response,fastapi/routing.py,serialize_response,1,0.8856475270520999
fastapi_3_869c7389e22d_fastapi/security/api_key.py___call___0,fastapi,3,869c7389e22dc9ad659940fa271da76c4f3ba3b1,fastapi/security/api_key.py:__call__,fastapi/security/api_key.py,__call__,0,0.5175236073575713
fastapi_3_869c7389e22d_docs_src/body/tutorial003.py_create_item_0,fastapi,3,869c7389e22dc9ad659940fa271da76c4f3ba3b1,docs_src/body/tutorial003.py:create_item,docs_src/body/tutorial003.py,create_item,0,0.3064378639984177
fastapi_3_869c7389e22d_fastapi/routing.py_add_api_route_0,fastapi,3,869c7389e22dc9ad659940fa271da76c4f3ba3b1,fastapi/routing.py:add_api_route,fastapi/routing.py,add_api_route,0,0.9958571696915526
fastapi_4_7ccd81f70653_fastapi/openapi/utils.py_get_openapi_path_1,fastapi,4,7ccd81f70653857bd8f3a15ee946aa3fb0edc2cb,fastapi/openapi/utils.py:get_openapi_path,fastapi/openapi/utils.py,get_openapi_path,1,0.7603059036761255
fastapi_4_7ccd81f70653_tests/test_security_api_key_cookie.py_test_openapi_schema_0,fastapi,4,7ccd81f70653857bd8f3a15ee946aa3fb0edc2cb,tests/test_security_api_key_cookie.py:test_openapi_schema,tests/test_security_api_key_cookie.py,test_openapi_schema,0,0.20574290317908267
fastapi_4_7ccd81f70653_tests/test_dependency_overrides.py_decorator_depends_0,fastapi,4,7ccd81f70653857bd8f3a15ee946aa3fb0edc2cb,tests/test_dependency_overrides.py:decorator_depends,tests/test_dependency_overrides.py,decorator_depends,0,0.21513145630737746
fastapi_4_7ccd81f70653_tests/test_default_response_class.py_test_router_a_0,fastapi,4,7ccd81f70653857bd8f3a15ee946aa3fb0edc2cb,tests/test_default_response_class.py:test_router_a,tests/test_default_response_class.py,test_router_a,0,0.28206037827362573
fastapi_5_7cea84b74ca3_fastapi/utils.py_create_cloned_field_1,fastapi,5,7cea84b74ca3106a7f861b774e9d215e5228728f,fastapi/utils.py:create_cloned_field,fastapi/utils.py,create_cloned_field,1,0.4293518856887295
fastapi_5_7cea84b74ca3_docs/src/graphql/tutorial001.py_resolve_hello_0,fastapi,5,7cea84b74ca3106a7f861b774e9d215e5228728f,docs/src/graphql/tutorial001.py:resolve_hello,docs/src/graphql/tutorial001.py,resolve_hello,0,0.37186972079619873
fastapi_5_7cea84b74ca3_tests/test_default_response_class.py_test_router_b_0,fastapi,5,7cea84b74ca3106a7f861b774e9d215e5228728f,tests/test_default_response_class.py:test_router_b,tests/test_default_response_class.py,test_router_b,0,0.28467256050773454
fastapi_5_7cea84b74ca3_tests/test_inherited_custom_class.py___init___0,fastapi,5,7cea84b74ca3106a7f861b774e9d215e5228728f,tests/test_inherited_custom_class.py:__init__,tests/test_inherited_custom_class.py,__init__,0,0.3141984253947051
fastapi_6_5db99a27cf64_fastapi/dependencies/utils.py_request_body_to_args_1,fastapi,6,5db99a27cf640864b4793807811848698c5ff4a2,fastapi/dependencies/utils.py:request_body_to_args,fastapi/dependencies/utils.py,request_body_to_args,1,0.7890144417468276
fastapi_6_5db99a27cf64_tests/test_tutorial/test_extending_openapi/test_tutorial002.py_test_api_0,fastapi,6,5db99a27cf640864b4793807811848698c5ff4a2,tests/test_tutorial/test_extending_openapi/test_tutorial002.py:test_api,tests/test_tutorial/test_extending_openapi/test_tutorial002.py,test_api,0,0.25521210359631497
fastapi_6_5db99a27cf64_tests/test_security_api_key_query.py_test_security_api_key_0,fastapi,6,5db99a27cf640864b4793807811848698c5ff4a2,tests/test_security_api_key_query.py:test_security_api_key,tests/test_security_api_key_query.py,test_security_api_key,0,0.20574595682539
fastapi_6_5db99a27cf64_tests/test_tutorial/test_query_params/test_tutorial007.py_test_read_item_0,fastapi,6,5db99a27cf640864b4793807811848698c5ff4a2,tests/test_tutorial/test_query_params/test_tutorial007.py:test_read_item,tests/test_tutorial/test_query_params/test_tutorial007.py,test_read_item,0,0.19835106323583734
fastapi_7_cc4c13e4ae3f_fastapi/exception_handlers.py_request_validation_exception_handler_1,fastapi,7,cc4c13e4ae3f65fc76c23962b316df4a60e0c7e0,fastapi/exception_handlers.py:request_validation_exception_handler,fastapi/exception_handlers.py,request_validation_exception_handler,1,0.3150014030540959
fastapi_7_cc4c13e4ae3f_tests/test_infer_param_optionality.py_test_get_users_0,fastapi,7,cc4c13e4ae3f65fc76c23962b316df4a60e0c7e0,tests/test_infer_param_optionality.py:test_get_users,tests/test_infer_param_optionality.py,test_get_users,0,0.1976439363084355
fastapi_7_cc4c13e4ae3f_docs/src/body_nested_models/tutorial005.py_update_item_0,fastapi,7,cc4c13e4ae3f65fc76c23962b316df4a60e0c7e0,docs/src/body_nested_models/tutorial005.py:update_item,docs/src/body_nested_models/tutorial005.py,update_item,0,0.31324492979248997
fastapi_7_cc4c13e4ae3f_docs/src/response_model/tutorial005.py_read_item_name_0,fastapi,7,cc4c13e4ae3f65fc76c23962b316df4a60e0c7e0,docs/src/response_model/tutorial005.py:read_item_name,docs/src/response_model/tutorial005.py,read_item_name,0,0.25721892053347817
fastapi_8_fdb6d43e103b_fastapi/routing.py_include_router_1,fastapi,8,fdb6d43e103bcf7a7325d796e37c9435c9460e4c,fastapi/routing.py:include_router,fastapi/routing.py,include_router,1,0.932165656757718
fastapi_8_fdb6d43e103b_fastapi/routing.py_add_api_route_1,fastapi,8,fdb6d43e103bcf7a7325d796e37c9435c9460e4c,fastapi/routing.py:add_api_route,fastapi/routing.py,add_api_route,1,0.9868817456794745
fastapi_8_fdb6d43e103b_tests/test_dependency_cache.py_dep_counter_0,fastapi,8,fdb6d43e103bcf7a7325d796e37c9435c9460e4c,tests/test_dependency_cache.py:dep_counter,tests/test_dependency_cache.py,dep_counter,0,0.21061613501666274
fastapi_8_fdb6d43e103b_fastapi/openapi/utils.py_get_openapi_operation_request_body_0,fastapi,8,fdb6d43e103bcf7a7325d796e37c9435c9460e4c,fastapi/openapi/utils.py:get_openapi_operation_request_body,fastapi/openapi/utils.py,get_openapi_operation_request_body,0,0.47440101675890206
fastapi_8_fdb6d43e103b_tests/test_dependency_overrides.py_main_depends_0,fastapi,8,fdb6d43e103bcf7a7325d796e37c9435c9460e4c,tests/test_dependency_overrides.py:main_depends,tests/test_dependency_overrides.py,main_depends,0,0.2591700115351084
fastapi_8_fdb6d43e103b_docs/src/dependencies/tutorial002.py_read_items_0,fastapi,8,fdb6d43e103bcf7a7325d796e37c9435c9460e4c,docs/src/dependencies/tutorial002.py:read_items,docs/src/dependencies/tutorial002.py,read_items,0,0.3219019932485314
fastapi_8_fdb6d43e103b_docs/src/security/tutorial003.py_get_user_0,fastapi,8,fdb6d43e103bcf7a7325d796e37c9435c9460e4c,docs/src/security/tutorial003.py:get_user,docs/src/security/tutorial003.py,get_user,0,0.40984703960165436
fastapi_8_fdb6d43e103b_tests/test_tutorial/test_extra_models/test_tutorial005.py_test_openapi_schema_0,fastapi,8,fdb6d43e103bcf7a7325d796e37c9435c9460e4c,tests/test_tutorial/test_extra_models/test_tutorial005.py:test_openapi_schema,tests/test_tutorial/test_extra_models/test_tutorial005.py,test_openapi_schema,0,0.1984218886912635
fastapi_9_a7a92bc63768_fastapi/dependencies/utils.py_get_body_field_1,fastapi,9,a7a92bc63768ccee3f3afc2b73b2c581928dfe75,fastapi/dependencies/utils.py:get_body_field,fastapi/dependencies/utils.py,get_body_field,1,0.6047352382328096
fastapi_9_a7a92bc63768_fastapi/dependencies/utils.py_request_body_to_args_0,fastapi,9,a7a92bc63768ccee3f3afc2b73b2c581928dfe75,fastapi/dependencies/utils.py:request_body_to_args,fastapi/dependencies/utils.py,request_body_to_args,0,0.6946202787390732
fastapi_9_a7a92bc63768_tests/test_tutorial/test_bigger_applications/test_main.py_test_put_invalid_header_0,fastapi,9,a7a92bc63768ccee3f3afc2b73b2c581928dfe75,tests/test_tutorial/test_bigger_applications/test_main.py:test_put_invalid_header,tests/test_tutorial/test_bigger_applications/test_main.py,test_put_invalid_header,0,0.20207603206774816
fastapi_9_a7a92bc63768_tests/test_tutorial/test_handling_errors/test_tutorial005.py_test_openapi_schema_0,fastapi,9,a7a92bc63768ccee3f3afc2b73b2c581928dfe75,tests/test_tutorial/test_handling_errors/test_tutorial005.py:test_openapi_schema,tests/test_tutorial/test_handling_errors/test_tutorial005.py,test_openapi_schema,0,0.19839067078225492
keras_1_331d5b0102ab_keras/initializers.py___call___1,keras,1,331d5b0102ab0cc79cece1f03cc551d8105db3c9,keras/initializers.py:__call__,keras/initializers.py,__call__,1,0.49310159807835197
keras_1_331d5b0102ab_keras/backend/tensorflow_backend.py_update_sub_1,keras,1,331d5b0102ab0cc79cece1f03cc551d8105db3c9,keras/backend/tensorflow_backend.py:update_sub,keras/backend/tensorflow_backend.py,update_sub,1,0.3908000593638532
keras_1_331d5b0102ab_keras/backend/tensorflow_backend.py_update_1,keras,1,331d5b0102ab0cc79cece1f03cc551d8105db3c9,keras/backend/tensorflow_backend.py:update,keras/backend/tensorflow_backend.py,update,1,0.3908000593638532
keras_1_331d5b0102ab_keras/backend/tensorflow_backend.py_update_add_1,keras,1,331d5b0102ab0cc79cece1f03cc551d8105db3c9,keras/backend/tensorflow_backend.py:update_add,keras/backend/tensorflow_backend.py,update_add,1,0.3908000593638532
keras_1_331d5b0102ab_keras/backend/tensorflow_backend.py_print_tensor_1,keras,1,331d5b0102ab0cc79cece1f03cc551d8105db3c9,keras/backend/tensorflow_backend.py:print_tensor,keras/backend/tensorflow_backend.py,print_tensor,1,0.38021231856082827
keras_1_331d5b0102ab_keras/backend/theano_backend.py_print_tensor_1,keras,1,331d5b0102ab0cc79cece1f03cc551d8105db3c9,keras/backend/theano_backend.py:print_tensor,keras/backend/theano_backend.py,print_tensor,1,0.41117044695826244
keras_1_331d5b0102ab_keras/backend/cntk_backend.py_batch_set_value_0,keras,1,331d5b0102ab0cc79cece1f03cc551d8105db3c9,keras/backend/cntk_backend.py:batch_set_value,keras/backend/cntk_backend.py,batch_set_value,0,0.46557101298864817
keras_1_331d5b0102ab_examples/mnist_siamese.py_create_base_network_0,keras,1,331d5b0102ab0cc79cece1f03cc551d8105db3c9,examples/mnist_siamese.py:create_base_network,examples/mnist_siamese.py,create_base_network,0,0.2594906232469536
keras_1_331d5b0102ab_keras/engine/network.py_to_yaml_0,keras,1,331d5b0102ab0cc79cece1f03cc551d8105db3c9,keras/engine/network.py:to_yaml,keras/engine/network.py,to_yaml,0,0.43138306087163514
keras_1_331d5b0102ab_keras/callbacks/callbacks.py_on_epoch_end_0,keras,1,331d5b0102ab0cc79cece1f03cc551d8105db3c9,keras/callbacks/callbacks.py:on_epoch_end,keras/callbacks/callbacks.py,on_epoch_end,0,0.6801112011947752
keras_1_331d5b0102ab_keras/backend/theano_backend.py__preprocess_conv2d_image_shape_0,keras,1,331d5b0102ab0cc79cece1f03cc551d8105db3c9,keras/backend/theano_backend.py:_preprocess_conv2d_image_shape,keras/backend/theano_backend.py,_preprocess_conv2d_image_shape,0,0.6550420362404249
keras_1_331d5b0102ab_keras/backend/numpy_backend.py_arange_0,keras,1,331d5b0102ab0cc79cece1f03cc551d8105db3c9,keras/backend/numpy_backend.py:arange,keras/backend/numpy_backend.py,arange,0,0.4781527670122496
keras_1_331d5b0102ab_keras/backend/cntk_backend.py_tanh_0,keras,1,331d5b0102ab0cc79cece1f03cc551d8105db3c9,keras/backend/cntk_backend.py:tanh,keras/backend/cntk_backend.py,tanh,0,0.29166481440410563
keras_1_331d5b0102ab_tests/keras/engine/test_topology.py_test_layer_sharing_at_heterogeneous_depth_0,keras,1,331d5b0102ab0cc79cece1f03cc551d8105db3c9,tests/keras/engine/test_topology.py:test_layer_sharing_at_heterogeneous_depth,tests/keras/engine/test_topology.py,test_layer_sharing_at_heterogeneous_depth,0,0.2235596949084886
keras_1_331d5b0102ab_keras/backend/cntk_backend.py_cast_0,keras,1,331d5b0102ab0cc79cece1f03cc551d8105db3c9,keras/backend/cntk_backend.py:cast,keras/backend/cntk_backend.py,cast,0,0.35546467595142767
keras_1_331d5b0102ab_tests/keras/layers/recurrent_test.py_test_rnn_cell_with_constants_layer_passing_initial_state_0,keras,1,331d5b0102ab0cc79cece1f03cc551d8105db3c9,tests/keras/layers/recurrent_test.py:test_rnn_cell_with_constants_layer_passing_initial_state,tests/keras/layers/recurrent_test.py,test_rnn_cell_with_constants_layer_passing_initial_state,0,0.24568181397019484
keras_1_331d5b0102ab_keras/utils/data_utils.py_stop_0,keras,1,331d5b0102ab0cc79cece1f03cc551d8105db3c9,keras/utils/data_utils.py:stop,keras/utils/data_utils.py,stop,0,0.5415905594216733
keras_1_331d5b0102ab_examples/neural_style_transfer.py_total_variation_loss_0,keras,1,331d5b0102ab0cc79cece1f03cc551d8105db3c9,examples/neural_style_transfer.py:total_variation_loss,examples/neural_style_transfer.py,total_variation_loss,0,0.33993871852008123
keras_1_331d5b0102ab_examples/neural_doodle.py___init___0,keras,1,331d5b0102ab0cc79cece1f03cc551d8105db3c9,examples/neural_doodle.py:__init__,examples/neural_doodle.py,__init__,0,0.2740878927694958
keras_1_331d5b0102ab_keras/backend/cntk_backend.py_exp_0,keras,1,331d5b0102ab0cc79cece1f03cc551d8105db3c9,keras/backend/cntk_backend.py:exp,keras/backend/cntk_backend.py,exp,0,0.2986632123166208
keras_1_331d5b0102ab_keras/backend/theano_backend.py_relu_0,keras,1,331d5b0102ab0cc79cece1f03cc551d8105db3c9,keras/backend/theano_backend.py:relu,keras/backend/theano_backend.py,relu,0,0.7500339984951636
keras_1_331d5b0102ab_keras/callbacks/callbacks.py_set_params_0,keras,1,331d5b0102ab0cc79cece1f03cc551d8105db3c9,keras/callbacks/callbacks.py:set_params,keras/callbacks/callbacks.py,set_params,0,0.4830086100115774
keras_1_331d5b0102ab_tests/keras/backend/backend_test.py_check_dtype_0,keras,1,331d5b0102ab0cc79cece1f03cc551d8105db3c9,tests/keras/backend/backend_test.py:check_dtype,tests/keras/backend/backend_test.py,check_dtype,0,0.4516687712266616
keras_1_331d5b0102ab_tests/keras/legacy/interface_test.py_test_convlstm2d_legacy_interface_0,keras,1,331d5b0102ab0cc79cece1f03cc551d8105db3c9,tests/keras/legacy/interface_test.py:test_convlstm2d_legacy_interface,tests/keras/legacy/interface_test.py,test_convlstm2d_legacy_interface,0,0.1644070340091156
keras_10_8f41e41eda6e_keras/engine/training_utils.py_standardize_weights_1,keras,10,8f41e41eda6e8ea96403cae5798a5a89c8bb5605,keras/engine/training_utils.py:standardize_weights,keras/engine/training_utils.py,standardize_weights,1,0.74701263257167
keras_10_8f41e41eda6e_examples/neural_doodle.py_gram_matrix_0,keras,10,8f41e41eda6e8ea96403cae5798a5a89c8bb5605,examples/neural_doodle.py:gram_matrix,examples/neural_doodle.py,gram_matrix,0,0.2898687584502061
keras_10_8f41e41eda6e_tests/keras/layers/recurrent_test.py_test_masking_layer_0,keras,10,8f41e41eda6e8ea96403cae5798a5a89c8bb5605,tests/keras/layers/recurrent_test.py:test_masking_layer,tests/keras/layers/recurrent_test.py,test_masking_layer,0,0.21303756534713902
keras_10_8f41e41eda6e_keras/backend/tensorflow_backend.py_random_binomial_0,keras,10,8f41e41eda6e8ea96403cae5798a5a89c8bb5605,keras/backend/tensorflow_backend.py:random_binomial,keras/backend/tensorflow_backend.py,random_binomial,0,0.6853364205112653
keras_11_36b9e4c055f3_keras/engine/training_generator.py_evaluate_generator_1,keras,11,36b9e4c055f32718a036cabaf767325b010c7485,keras/engine/training_generator.py:evaluate_generator,keras/engine/training_generator.py,evaluate_generator,1,0.9048500317352176
keras_11_36b9e4c055f3_keras/engine/training_generator.py_predict_generator_1,keras,11,36b9e4c055f32718a036cabaf767325b010c7485,keras/engine/training_generator.py:predict_generator,keras/engine/training_generator.py,predict_generator,1,0.9226010699720982
keras_11_36b9e4c055f3_keras/engine/training_generator.py_fit_generator_1,keras,11,36b9e4c055f32718a036cabaf767325b010c7485,keras/engine/training_generator.py:fit_generator,keras/engine/training_generator.py,fit_generator,1,0.9804828339614067
keras_11_36b9e4c055f3_keras/engine/training_utils.py_iter_sequence_infinite_1,keras,11,36b9e4c055f32718a036cabaf767325b010c7485,keras/engine/training_utils.py:iter_sequence_infinite,keras/engine/training_utils.py,iter_sequence_infinite,1,0.42155364582459576
keras_11_36b9e4c055f3_tests/keras/layers/pooling_test.py_test_maxpooling_1d_0,keras,11,36b9e4c055f32718a036cabaf767325b010c7485,tests/keras/layers/pooling_test.py:test_maxpooling_1d,tests/keras/layers/pooling_test.py,test_maxpooling_1d,0,0.36615722455323985
keras_11_36b9e4c055f3_tests/test_multiprocessing.py_test_multiprocessing_predicting_0,keras,11,36b9e4c055f32718a036cabaf767325b010c7485,tests/test_multiprocessing.py:test_multiprocessing_predicting,tests/test_multiprocessing.py,test_multiprocessing_predicting,0,0.283102775231438
keras_11_36b9e4c055f3_keras/engine/base_layer.py_trainable_weights_0,keras,11,36b9e4c055f32718a036cabaf767325b010c7485,keras/engine/base_layer.py:trainable_weights,keras/engine/base_layer.py,trainable_weights,0,0.3946938989774281
keras_11_36b9e4c055f3_tests/keras/optimizers_test.py__test_optimizer_0,keras,11,36b9e4c055f32718a036cabaf767325b010c7485,tests/keras/optimizers_test.py:_test_optimizer,tests/keras/optimizers_test.py,_test_optimizer,0,0.3926008182326809
keras_11_36b9e4c055f3_keras/layers/convolutional_recurrent.py_call_0,keras,11,36b9e4c055f32718a036cabaf767325b010c7485,keras/layers/convolutional_recurrent.py:call,keras/layers/convolutional_recurrent.py,call,0,0.6793383021248306
keras_11_36b9e4c055f3_examples/babi_rnn.py_vectorize_stories_0,keras,11,36b9e4c055f32718a036cabaf767325b010c7485,examples/babi_rnn.py:vectorize_stories,examples/babi_rnn.py,vectorize_stories,0,0.5773003841068874
keras_11_36b9e4c055f3_keras/backend/tensorflow_backend.py_spatial_3d_padding_0,keras,11,36b9e4c055f32718a036cabaf767325b010c7485,keras/backend/tensorflow_backend.py:spatial_3d_padding,keras/backend/tensorflow_backend.py,spatial_3d_padding,0,0.4635281540250442
keras_11_36b9e4c055f3_tests/integration_tests/test_datasets.py_test_cifar_0,keras,11,36b9e4c055f32718a036cabaf767325b010c7485,tests/integration_tests/test_datasets.py:test_cifar,tests/integration_tests/test_datasets.py,test_cifar,0,0.28498877899716135
keras_11_36b9e4c055f3_keras/layers/recurrent.py_bias_initializer_0,keras,11,36b9e4c055f32718a036cabaf767325b010c7485,keras/layers/recurrent.py:bias_initializer,keras/layers/recurrent.py,bias_initializer,0,0.28578699670789126
keras_11_36b9e4c055f3_keras/layers/convolutional_recurrent.py_build_0,keras,11,36b9e4c055f32718a036cabaf767325b010c7485,keras/layers/convolutional_recurrent.py:build,keras/layers/convolutional_recurrent.py,build,0,0.5196713680063794
keras_11_36b9e4c055f3_keras/backend/tensorflow_backend.py_normalize_batch_in_training_0,keras,11,36b9e4c055f32718a036cabaf767325b010c7485,keras/backend/tensorflow_backend.py:normalize_batch_in_training,keras/backend/tensorflow_backend.py,normalize_batch_in_training,0,0.8434900261483712
keras_11_36b9e4c055f3_keras/backend/theano_backend.py_foldl_0,keras,11,36b9e4c055f32718a036cabaf767325b010c7485,keras/backend/theano_backend.py:foldl,keras/backend/theano_backend.py,foldl,0,0.6443700288504092
keras_13_2bfd1f2c950d_keras/engine/training_generator.py_fit_generator_1,keras,13,2bfd1f2c950df5fc3f40b903c1966f1b0a48bee4,keras/engine/training_generator.py:fit_generator,keras/engine/training_generator.py,fit_generator,1,0.9803923611656259
keras_13_2bfd1f2c950d_keras/layers/recurrent.py_get_config_0,keras,13,2bfd1f2c950df5fc3f40b903c1966f1b0a48bee4,keras/layers/recurrent.py:get_config,keras/layers/recurrent.py,get_config,0,0.36015841422698347
keras_13_2bfd1f2c950d_keras/backend/cntk_backend.py_expand_dims_0,keras,13,2bfd1f2c950df5fc3f40b903c1966f1b0a48bee4,keras/backend/cntk_backend.py:expand_dims,keras/backend/cntk_backend.py,expand_dims,0,0.5222521405717269
keras_13_2bfd1f2c950d_keras/backend/cntk_backend.py_variable_0,keras,13,2bfd1f2c950df5fc3f40b903c1966f1b0a48bee4,keras/backend/cntk_backend.py:variable,keras/backend/cntk_backend.py,variable,0,0.5967923838399968
keras_14_98465b85d020_keras/metrics.py_sparse_top_k_categorical_accuracy_1,keras,14,98465b85d020f1326bcef7632f1261a9a7a84e92,keras/metrics.py:sparse_top_k_categorical_accuracy,keras/metrics.py,sparse_top_k_categorical_accuracy,1,0.47244277555724223
keras_14_98465b85d020_keras/utils/data_utils.py___getitem___0,keras,14,98465b85d020f1326bcef7632f1261a9a7a84e92,keras/utils/data_utils.py:__getitem__,keras/utils/data_utils.py,__getitem__,0,0.43223743231255407
keras_14_98465b85d020_keras/backend/cntk_backend.py_zeros_0,keras,14,98465b85d020f1326bcef7632f1261a9a7a84e92,keras/backend/cntk_backend.py:zeros,keras/backend/cntk_backend.py,zeros,0,0.5515757214506367
keras_14_98465b85d020_keras/layers/wrappers.py_from_config_0,keras,14,98465b85d020f1326bcef7632f1261a9a7a84e92,keras/layers/wrappers.py:from_config,keras/layers/wrappers.py,from_config,0,0.39460374108082524
keras_15_5b6243485acc_keras/callbacks.py_on_train_begin_1,keras,15,5b6243485acc20cc36f2db4f258512c332d691ec,keras/callbacks.py:on_train_begin,keras/callbacks.py,on_train_begin,1,0.6925874431960712
keras_15_5b6243485acc_keras/callbacks.py___init___1,keras,15,5b6243485acc20cc36f2db4f258512c332d691ec,keras/callbacks.py:__init__,keras/callbacks.py,__init__,1,0.8226570072438939
keras_15_5b6243485acc_keras/callbacks.py_on_epoch_end_1,keras,15,5b6243485acc20cc36f2db4f258512c332d691ec,keras/callbacks.py:on_epoch_end,keras/callbacks.py,on_epoch_end,1,0.6742427110947261
keras_15_5b6243485acc_keras/layers/recurrent.py_use_bias_0,keras,15,5b6243485acc20cc36f2db4f258512c332d691ec,keras/layers/recurrent.py:use_bias,keras/layers/recurrent.py,use_bias,0,0.2789457865435463
keras_15_5b6243485acc_keras/layers/convolutional.py_compute_output_shape_0,keras,15,5b6243485acc20cc36f2db4f258512c332d691ec,keras/layers/convolutional.py:compute_output_shape,keras/layers/convolutional.py,compute_output_shape,0,0.5788079182448855
keras_15_5b6243485acc_keras/constraints.py___call___0,keras,15,5b6243485acc20cc36f2db4f258512c332d691ec,keras/constraints.py:__call__,keras/constraints.py,__call__,0,0.3056793377265773
keras_15_5b6243485acc_tests/keras/backend/backend_test.py_test_batch_dot_shape_0,keras,15,5b6243485acc20cc36f2db4f258512c332d691ec,tests/keras/backend/backend_test.py:test_batch_dot_shape,tests/keras/backend/backend_test.py,test_batch_dot_shape,0,0.27772258845136216
keras_15_5b6243485acc_tests/keras/layers/recurrent_test.py_test_reset_states_with_values_0,keras,15,5b6243485acc20cc36f2db4f258512c332d691ec,tests/keras/layers/recurrent_test.py:test_reset_states_with_values,tests/keras/layers/recurrent_test.py,test_reset_states_with_values,0,0.3531595171798531
keras_15_5b6243485acc_keras/backend/common.py_epsilon_0,keras,15,5b6243485acc20cc36f2db4f258512c332d691ec,keras/backend/common.py:epsilon,keras/backend/common.py,epsilon,0,0.18042001704516114
keras_15_5b6243485acc_keras/utils/data_utils.py_get_0,keras,15,5b6243485acc20cc36f2db4f258512c332d691ec,keras/utils/data_utils.py:get,keras/utils/data_utils.py,get,0,0.6475102732690757
keras_15_5b6243485acc_keras/applications/nasnet.py_decode_predictions_0,keras,15,5b6243485acc20cc36f2db4f258512c332d691ec,keras/applications/nasnet.py:decode_predictions,keras/applications/nasnet.py,decode_predictions,0,0.29523155547214475
keras_15_5b6243485acc_tests/keras/legacy/interface_test.py_test_zeropadding2d_legacy_interface_0,keras,15,5b6243485acc20cc36f2db4f258512c332d691ec,tests/keras/legacy/interface_test.py:test_zeropadding2d_legacy_interface,tests/keras/legacy/interface_test.py,test_zeropadding2d_legacy_interface,0,0.1790424851602389
keras_16_514aca20c6f0_keras/engine/sequential.py_build_1,keras,16,514aca20c6f076a86819d7180f36c3b2e8bcc33b,keras/engine/sequential.py:build,keras/engine/sequential.py,build,1,0.5196031774540437
keras_16_514aca20c6f0_keras/engine/sequential.py_from_config_1,keras,16,514aca20c6f076a86819d7180f36c3b2e8bcc33b,keras/engine/sequential.py:from_config,keras/engine/sequential.py,from_config,1,0.5153381875378822
keras_16_514aca20c6f0_keras/engine/sequential.py_get_config_1,keras,16,514aca20c6f076a86819d7180f36c3b2e8bcc33b,keras/engine/sequential.py:get_config,keras/engine/sequential.py,get_config,1,0.35889204383930995
keras_16_514aca20c6f0_keras/engine/sequential.py___init___1,keras,16,514aca20c6f076a86819d7180f36c3b2e8bcc33b,keras/engine/sequential.py:__init__,keras/engine/sequential.py,__init__,1,0.6075777833801242
keras_16_514aca20c6f0_keras/layers/core.py_get_config_0,keras,16,514aca20c6f076a86819d7180f36c3b2e8bcc33b,keras/layers/core.py:get_config,keras/layers/core.py,get_config,0,0.30313952683819084
keras_16_514aca20c6f0_keras/layers/wrappers.py_reset_states_0,keras,16,514aca20c6f076a86819d7180f36c3b2e8bcc33b,keras/layers/wrappers.py:reset_states,keras/layers/wrappers.py,reset_states,0,0.250145754253457
keras_16_514aca20c6f0_tests/keras/wrappers/scikit_learn_test.py_build_fn_clf_0,keras,16,514aca20c6f076a86819d7180f36c3b2e8bcc33b,tests/keras/wrappers/scikit_learn_test.py:build_fn_clf,tests/keras/wrappers/scikit_learn_test.py,build_fn_clf,0,0.2545421428831617
keras_16_514aca20c6f0_keras/backend/theano_backend.py_normalize_batch_in_training_0,keras,16,514aca20c6f076a86819d7180f36c3b2e8bcc33b,keras/backend/theano_backend.py:normalize_batch_in_training,keras/backend/theano_backend.py,normalize_batch_in_training,0,0.8081025500577905
keras_16_514aca20c6f0_keras/optimizers.py___init___0,keras,16,514aca20c6f076a86819d7180f36c3b2e8bcc33b,keras/optimizers.py:__init__,keras/optimizers.py,__init__,0,0.5220011590837347
keras_16_514aca20c6f0_keras/callbacks.py___init___0,keras,16,514aca20c6f076a86819d7180f36c3b2e8bcc33b,keras/callbacks.py:__init__,keras/callbacks.py,__init__,0,0.4615462696955359
keras_16_514aca20c6f0_keras/engine/base_layer.py___init___0,keras,16,514aca20c6f076a86819d7180f36c3b2e8bcc33b,keras/engine/base_layer.py:__init__,keras/engine/base_layer.py,__init__,0,0.778207307748611
keras_16_514aca20c6f0_keras/layers/core.py__fix_unknown_dimension_0,keras,16,514aca20c6f076a86819d7180f36c3b2e8bcc33b,keras/layers/core.py:_fix_unknown_dimension,keras/layers/core.py,_fix_unknown_dimension,0,0.7028562117574906
keras_16_514aca20c6f0_keras/regularizers.py_l2_0,keras,16,514aca20c6f076a86819d7180f36c3b2e8bcc33b,keras/regularizers.py:l2,keras/regularizers.py,l2,0,0.24881576729219962
keras_16_514aca20c6f0_keras/engine/network.py_stateful_0,keras,16,514aca20c6f076a86819d7180f36c3b2e8bcc33b,keras/engine/network.py:stateful,keras/engine/network.py,stateful,0,0.366042639148065
keras_16_514aca20c6f0_keras/backend/cntk_backend.py_var_0,keras,16,514aca20c6f076a86819d7180f36c3b2e8bcc33b,keras/backend/cntk_backend.py:var,keras/backend/cntk_backend.py,var,0,0.45472727921360645
keras_16_514aca20c6f0_keras/utils/data_utils.py_init_pool_0,keras,16,514aca20c6f076a86819d7180f36c3b2e8bcc33b,keras/utils/data_utils.py:init_pool,keras/utils/data_utils.py,init_pool,0,0.36856760458088894
keras_17_c913b6da92f6_keras/metrics.py_sparse_categorical_accuracy_1,keras,17,c913b6da92f6ab9a3f4c897caa4085e782a14680,keras/metrics.py:sparse_categorical_accuracy,keras/metrics.py,sparse_categorical_accuracy,1,0.3986816563962445
keras_17_c913b6da92f6_keras/layers/convolutional_recurrent.py_kernel_size_0,keras,17,c913b6da92f6ab9a3f4c897caa4085e782a14680,keras/layers/convolutional_recurrent.py:kernel_size,keras/layers/convolutional_recurrent.py,kernel_size,0,0.29810274398837916
keras_17_c913b6da92f6_tests/keras/test_sequential_model.py_test_sequential_pop_0,keras,17,c913b6da92f6ab9a3f4c897caa4085e782a14680,tests/keras/test_sequential_model.py:test_sequential_pop,tests/keras/test_sequential_model.py,test_sequential_pop,0,0.22739168740578047
keras_17_c913b6da92f6_keras/legacy/interfaces.py_recurrent_args_preprocessor_0,keras,17,c913b6da92f6ab9a3f4c897caa4085e782a14680,keras/legacy/interfaces.py:recurrent_args_preprocessor,keras/legacy/interfaces.py,recurrent_args_preprocessor,0,0.4927442256602686
keras_18_9400be987831_keras/backend/tensorflow_backend.py___init___1,keras,18,9400be98783135a1d42dd238f4e6c3aa048eceea,keras/backend/tensorflow_backend.py:__init__,keras/backend/tensorflow_backend.py,__init__,1,0.8688838779283816
keras_18_9400be987831_keras/backend/tensorflow_backend.py___call___1,keras,18,9400be98783135a1d42dd238f4e6c3aa048eceea,keras/backend/tensorflow_backend.py:__call__,keras/backend/tensorflow_backend.py,__call__,1,0.7757728416658525
keras_18_9400be987831_keras/backend/tensorflow_backend.py__call_1,keras,18,9400be98783135a1d42dd238f4e6c3aa048eceea,keras/backend/tensorflow_backend.py:_call,keras/backend/tensorflow_backend.py,_call,1,0.6163734450930827
keras_18_9400be987831_keras/backend/tensorflow_backend.py__make_callable_1,keras,18,9400be98783135a1d42dd238f4e6c3aa048eceea,keras/backend/tensorflow_backend.py:_make_callable,keras/backend/tensorflow_backend.py,_make_callable,1,0.7699778480753217
keras_18_9400be987831_keras/backend/tensorflow_backend.py_in_train_phase_0,keras,18,9400be98783135a1d42dd238f4e6c3aa048eceea,keras/backend/tensorflow_backend.py:in_train_phase,keras/backend/tensorflow_backend.py,in_train_phase,0,0.8014375383440959
keras_18_9400be987831_keras/legacy/layers.py_step_0,keras,18,9400be98783135a1d42dd238f4e6c3aa048eceea,keras/legacy/layers.py:step,keras/legacy/layers.py,step,0,0.39227263984986993
keras_18_9400be987831_keras/layers/wrappers.py_get_weights_0,keras,18,9400be98783135a1d42dd238f4e6c3aa048eceea,keras/layers/wrappers.py:get_weights,keras/layers/wrappers.py,get_weights,0,0.26062076325812406
keras_18_9400be987831_keras/backend/theano_backend.py_pool3d_0,keras,18,9400be98783135a1d42dd238f4e6c3aa048eceea,keras/backend/theano_backend.py:pool3d,keras/backend/theano_backend.py,pool3d,0,0.7982883838621168
keras_18_9400be987831_keras/layers/convolutional.py_get_config_0,keras,18,9400be98783135a1d42dd238f4e6c3aa048eceea,keras/layers/convolutional.py:get_config,keras/layers/convolutional.py,get_config,0,0.30858092604783977
keras_18_9400be987831_keras/optimizers.py_get_updates_0,keras,18,9400be98783135a1d42dd238f4e6c3aa048eceea,keras/optimizers.py:get_updates,keras/optimizers.py,get_updates,0,0.5903999913945753
keras_18_9400be987831_keras/backend/tensorflow_backend.py_truncated_normal_0,keras,18,9400be98783135a1d42dd238f4e6c3aa048eceea,keras/backend/tensorflow_backend.py:truncated_normal,keras/backend/tensorflow_backend.py,truncated_normal,0,0.7164869241345656
keras_18_9400be987831_tests/keras/layers/recurrent_test.py_test_regularizer_0,keras,18,9400be98783135a1d42dd238f4e6c3aa048eceea,tests/keras/layers/recurrent_test.py:test_regularizer,tests/keras/layers/recurrent_test.py,test_regularizer,0,0.2738508961405592
keras_18_9400be987831_keras/engine/training.py_evaluate_0,keras,18,9400be98783135a1d42dd238f4e6c3aa048eceea,keras/engine/training.py:evaluate,keras/engine/training.py,evaluate,0,0.7886095834650755
keras_18_9400be987831_keras/backend/tensorflow_backend.py_elu_0,keras,18,9400be98783135a1d42dd238f4e6c3aa048eceea,keras/backend/tensorflow_backend.py:elu,keras/backend/tensorflow_backend.py,elu,0,0.535054548413848
keras_18_9400be987831_tests/keras/backend/backend_test.py_test_function_0,keras,18,9400be98783135a1d42dd238f4e6c3aa048eceea,tests/keras/backend/backend_test.py:test_function,tests/keras/backend/backend_test.py,test_function,0,0.36583965011716035
keras_18_9400be987831_keras/utils/data_utils.py_stop_0,keras,18,9400be98783135a1d42dd238f4e6c3aa048eceea,keras/utils/data_utils.py:stop,keras/utils/data_utils.py,stop,0,0.5416098179035158
keras_19_f9210387088f_keras/layers/recurrent.py_state_size_1,keras,19,f9210387088fe91b5bc8999cf0cb41a0fe9eacf6,keras/layers/recurrent.py:state_size,keras/layers/recurrent.py,state_size,1,0.4539775061496918
keras_19_f9210387088f_keras/layers/recurrent.py___init___1,keras,19,f9210387088fe91b5bc8999cf0cb41a0fe9eacf6,keras/layers/recurrent.py:__init__,keras/layers/recurrent.py,__init__,1,0.9980484600968694
keras_19_f9210387088f_keras/layers/recurrent.py_build_1,keras,19,f9210387088fe91b5bc8999cf0cb41a0fe9eacf6,keras/layers/recurrent.py:build,keras/layers/recurrent.py,build,1,0.5030349218565905
keras_19_f9210387088f_keras/layers/recurrent.py_call_1,keras,19,f9210387088fe91b5bc8999cf0cb41a0fe9eacf6,keras/layers/recurrent.py:call,keras/layers/recurrent.py,call,1,0.5885444868085089
keras_19_f9210387088f_keras/layers/recurrent.py_compute_output_shape_1,keras,19,f9210387088fe91b5bc8999cf0cb41a0fe9eacf6,keras/layers/recurrent.py:compute_output_shape,keras/layers/recurrent.py,compute_output_shape,1,0.4158969097020463
keras_19_f9210387088f_keras/backend/cntk_backend.py_rnn_1,keras,19,f9210387088fe91b5bc8999cf0cb41a0fe9eacf6,keras/backend/cntk_backend.py:rnn,keras/backend/cntk_backend.py,rnn,1,0.9430689143847776
keras_19_f9210387088f_keras/layers/convolutional.py_compute_output_shape_0,keras,19,f9210387088fe91b5bc8999cf0cb41a0fe9eacf6,keras/layers/convolutional.py:compute_output_shape,keras/layers/convolutional.py,compute_output_shape,0,0.5788115070290184
keras_19_f9210387088f_tests/keras/utils/data_utils_test.py_test_ordered_enqueuer_processes_0,keras,19,f9210387088fe91b5bc8999cf0cb41a0fe9eacf6,tests/keras/utils/data_utils_test.py:test_ordered_enqueuer_processes,tests/keras/utils/data_utils_test.py,test_ordered_enqueuer_processes,0,0.3505923626432072
keras_19_f9210387088f_keras/engine/base_layer.py_non_trainable_weights_0,keras,19,f9210387088fe91b5bc8999cf0cb41a0fe9eacf6,keras/engine/base_layer.py:non_trainable_weights,keras/engine/base_layer.py,non_trainable_weights,0,0.34493085314427796
keras_19_f9210387088f_keras/layers/pooling.py_get_config_0,keras,19,f9210387088fe91b5bc8999cf0cb41a0fe9eacf6,keras/layers/pooling.py:get_config,keras/layers/pooling.py,get_config,0,0.2532669832697904
keras_19_f9210387088f_keras/initializers.py_get_config_0,keras,19,f9210387088fe91b5bc8999cf0cb41a0fe9eacf6,keras/initializers.py:get_config,keras/initializers.py,get_config,0,0.25124612491588005
keras_19_f9210387088f_keras/engine/input_layer.py___init___0,keras,19,f9210387088fe91b5bc8999cf0cb41a0fe9eacf6,keras/engine/input_layer.py:__init__,keras/engine/input_layer.py,__init__,0,0.856503538101821
keras_19_f9210387088f_examples/variational_autoencoder_deconv.py_plot_results_0,keras,19,f9210387088fe91b5bc8999cf0cb41a0fe9eacf6,examples/variational_autoencoder_deconv.py:plot_results,examples/variational_autoencoder_deconv.py,plot_results,0,0.6494051889881614
keras_19_f9210387088f_keras/layers/noise.py_compute_output_shape_0,keras,19,f9210387088fe91b5bc8999cf0cb41a0fe9eacf6,keras/layers/noise.py:compute_output_shape,keras/layers/noise.py,compute_output_shape,0,0.3082727735963538
keras_19_f9210387088f_tests/test_model_saving.py_test_loading_weights_by_name_and_reshape_0,keras,19,f9210387088fe91b5bc8999cf0cb41a0fe9eacf6,tests/test_model_saving.py:test_loading_weights_by_name_and_reshape,tests/test_model_saving.py,test_loading_weights_by_name_and_reshape,0,0.4524132303105934
keras_19_f9210387088f_keras/losses.py_get_0,keras,19,f9210387088fe91b5bc8999cf0cb41a0fe9eacf6,keras/losses.py:get,keras/losses.py,get,0,0.4530826258630766
keras_19_f9210387088f_keras/backend/theano_backend.py_random_normal_0,keras,19,f9210387088fe91b5bc8999cf0cb41a0fe9eacf6,keras/backend/theano_backend.py:random_normal,keras/backend/theano_backend.py,random_normal,0,0.7184232550749562
keras_19_f9210387088f_tests/keras/wrappers/scikit_learn_test.py_assert_regression_works_0,keras,19,f9210387088fe91b5bc8999cf0cb41a0fe9eacf6,tests/keras/wrappers/scikit_learn_test.py:assert_regression_works,tests/keras/wrappers/scikit_learn_test.py,assert_regression_works,0,0.25354500835075666
keras_19_f9210387088f_keras/layers/noise.py___init___0,keras,19,f9210387088fe91b5bc8999cf0cb41a0fe9eacf6,keras/layers/noise.py:__init__,keras/layers/noise.py,__init__,0,0.5035892623608079
keras_19_f9210387088f_keras/backend/theano_backend.py_ctc_update_log_p_0,keras,19,f9210387088fe91b5bc8999cf0cb41a0fe9eacf6,keras/backend/theano_backend.py:ctc_update_log_p,keras/backend/theano_backend.py,ctc_update_log_p,0,0.6878728956010992
keras_19_f9210387088f_tests/keras/engine/test_training.py_test_model_with_partial_loss_0,keras,19,f9210387088fe91b5bc8999cf0cb41a0fe9eacf6,tests/keras/engine/test_training.py:test_model_with_partial_loss,tests/keras/engine/test_training.py,test_model_with_partial_loss,0,0.24702429096482273
keras_19_f9210387088f_tests/test_dynamic_trainability.py_test_nested_model_trainability_0,keras,19,f9210387088fe91b5bc8999cf0cb41a0fe9eacf6,tests/test_dynamic_trainability.py:test_nested_model_trainability,tests/test_dynamic_trainability.py,test_nested_model_trainability,0,0.15778987018927193
keras_19_f9210387088f_tests/keras/backend/backend_test.py_test_rnn_0,keras,19,f9210387088fe91b5bc8999cf0cb41a0fe9eacf6,tests/keras/backend/backend_test.py:test_rnn,tests/keras/backend/backend_test.py,test_rnn,0,0.4268145763337158
keras_19_f9210387088f_keras/backend/tensorflow_backend.py_random_normal_variable_0,keras,19,f9210387088fe91b5bc8999cf0cb41a0fe9eacf6,keras/backend/tensorflow_backend.py:random_normal_variable,keras/backend/tensorflow_backend.py,random_normal_variable,0,0.7710724656119597
keras_19_f9210387088f_keras/layers/convolutional.py___init___0,keras,19,f9210387088fe91b5bc8999cf0cb41a0fe9eacf6,keras/layers/convolutional.py:__init__,keras/layers/convolutional.py,__init__,0,0.9927205701200159
keras_19_f9210387088f_keras/backend/tensorflow_backend.py_placeholder_0,keras,19,f9210387088fe91b5bc8999cf0cb41a0fe9eacf6,keras/backend/tensorflow_backend.py:placeholder,keras/backend/tensorflow_backend.py,placeholder,0,0.7919561629799078
keras_2_2f55055a9f05_keras/backend/numpy_backend.py_l2_normalize_1,keras,2,2f55055a9f053b35fa721d3eb75dd07ea5a5f1e3,keras/backend/numpy_backend.py:l2_normalize,keras/backend/numpy_backend.py,l2_normalize,1,0.356835521727858
keras_2_2f55055a9f05_keras/backend/theano_backend.py_conv1d_0,keras,2,2f55055a9f053b35fa721d3eb75dd07ea5a5f1e3,keras/backend/theano_backend.py:conv1d,keras/backend/theano_backend.py,conv1d,0,0.835893917919159
keras_2_2f55055a9f05_tests/keras/layers/convolutional_test.py_test_conv2d_transpose_0,keras,2,2f55055a9f053b35fa721d3eb75dd07ea5a5f1e3,tests/keras/layers/convolutional_test.py:test_conv2d_transpose,tests/keras/layers/convolutional_test.py,test_conv2d_transpose,0,0.36298867213754765
keras_2_2f55055a9f05_tests/keras/backend/backend_test.py_test_tensorflow_session_parallelism_settings_0,keras,2,2f55055a9f053b35fa721d3eb75dd07ea5a5f1e3,tests/keras/backend/backend_test.py:test_tensorflow_session_parallelism_settings,tests/keras/backend/backend_test.py,test_tensorflow_session_parallelism_settings,0,0.4412264818363675
keras_20_76da5f0a21ca_keras/utils/conv_utils.py_deconv_length_1,keras,20,76da5f0a21ca98e4bf6706e182fb825243e76204,keras/utils/conv_utils.py:deconv_length,keras/utils/conv_utils.py,deconv_length,1,0.8281650086002981
keras_20_76da5f0a21ca_keras/backend/theano_backend.py_conv2d_transpose_1,keras,20,76da5f0a21ca98e4bf6706e182fb825243e76204,keras/backend/theano_backend.py:conv2d_transpose,keras/backend/theano_backend.py,conv2d_transpose,1,0.7912322046328096
keras_20_76da5f0a21ca_keras/layers/convolutional.py___init___1,keras,20,76da5f0a21ca98e4bf6706e182fb825243e76204,keras/layers/convolutional.py:__init__,keras/layers/convolutional.py,__init__,1,0.7692163698891764
keras_20_76da5f0a21ca_keras/backend/tensorflow_backend.py__preprocess_conv2d_input_1,keras,20,76da5f0a21ca98e4bf6706e182fb825243e76204,keras/backend/tensorflow_backend.py:_preprocess_conv2d_input,keras/backend/tensorflow_backend.py,_preprocess_conv2d_input,1,0.6929736338165111
keras_20_76da5f0a21ca_keras/layers/convolutional.py_call_1,keras,20,76da5f0a21ca98e4bf6706e182fb825243e76204,keras/layers/convolutional.py:call,keras/layers/convolutional.py,call,1,0.57554190480764
keras_20_76da5f0a21ca_keras/layers/convolutional.py_compute_output_shape_1,keras,20,76da5f0a21ca98e4bf6706e182fb825243e76204,keras/layers/convolutional.py:compute_output_shape,keras/layers/convolutional.py,compute_output_shape,1,0.5788142731604243
keras_20_76da5f0a21ca_keras/backend/cntk_backend.py_conv2d_transpose_1,keras,20,76da5f0a21ca98e4bf6706e182fb825243e76204,keras/backend/cntk_backend.py:conv2d_transpose,keras/backend/cntk_backend.py,conv2d_transpose,1,0.7494466895098236
keras_20_76da5f0a21ca_keras/backend/tensorflow_backend.py_conv2d_transpose_1,keras,20,76da5f0a21ca98e4bf6706e182fb825243e76204,keras/backend/tensorflow_backend.py:conv2d_transpose,keras/backend/tensorflow_backend.py,conv2d_transpose,1,0.7819515068666799
keras_20_76da5f0a21ca_keras/layers/convolutional.py_get_config_1,keras,20,76da5f0a21ca98e4bf6706e182fb825243e76204,keras/layers/convolutional.py:get_config,keras/layers/convolutional.py,get_config,1,0.3085840213555893
keras_20_76da5f0a21ca_keras/layers/convolutional_recurrent.py_filters_0,keras,20,76da5f0a21ca98e4bf6706e182fb825243e76204,keras/layers/convolutional_recurrent.py:filters,keras/layers/convolutional_recurrent.py,filters,0,0.2981056070372701
keras_20_76da5f0a21ca_tests/keras/optimizers_test.py_test_adagrad_0,keras,20,76da5f0a21ca98e4bf6706e182fb825243e76204,tests/keras/optimizers_test.py:test_adagrad,tests/keras/optimizers_test.py,test_adagrad,0,0.23228234111829976
keras_20_76da5f0a21ca_tests/test_multiprocessing.py_test_multiprocessing_predict_error_0,keras,20,76da5f0a21ca98e4bf6706e182fb825243e76204,tests/test_multiprocessing.py:test_multiprocessing_predict_error,tests/test_multiprocessing.py,test_multiprocessing_predict_error,0,0.25712602565836823
keras_20_76da5f0a21ca_keras/utils/data_utils.py_get_file_0,keras,20,76da5f0a21ca98e4bf6706e182fb825243e76204,keras/utils/data_utils.py:get_file,keras/utils/data_utils.py,get_file,0,0.9443406824443095
keras_20_76da5f0a21ca_keras/engine/base_layer.py_assert_input_compatibility_0,keras,20,76da5f0a21ca98e4bf6706e182fb825243e76204,keras/engine/base_layer.py:assert_input_compatibility,keras/engine/base_layer.py,assert_input_compatibility,0,0.7574648065870887
keras_20_76da5f0a21ca_keras/backend/tensorflow_backend.py_to_dense_0,keras,20,76da5f0a21ca98e4bf6706e182fb825243e76204,keras/backend/tensorflow_backend.py:to_dense,keras/backend/tensorflow_backend.py,to_dense,0,0.4786517830095925
keras_20_76da5f0a21ca_tests/keras/layers/pooling_test.py_test_maxpooling_2d_0,keras,20,76da5f0a21ca98e4bf6706e182fb825243e76204,tests/keras/layers/pooling_test.py:test_maxpooling_2d,tests/keras/layers/pooling_test.py,test_maxpooling_2d,0,0.24103249160557427
keras_20_76da5f0a21ca_tests/keras/layers/convolutional_test.py_test_convolution_3d_additional_args_0,keras,20,76da5f0a21ca98e4bf6706e182fb825243e76204,tests/keras/layers/convolutional_test.py:test_convolution_3d_additional_args,tests/keras/layers/convolutional_test.py,test_convolution_3d_additional_args,0,0.18342030634155576
keras_20_76da5f0a21ca_keras/backend/cntk_backend.py_in_train_phase_0,keras,20,76da5f0a21ca98e4bf6706e182fb825243e76204,keras/backend/cntk_backend.py:in_train_phase,keras/backend/cntk_backend.py,in_train_phase,0,0.6242457919656708
keras_20_76da5f0a21ca_keras/callbacks.py_on_epoch_end_0,keras,20,76da5f0a21ca98e4bf6706e182fb825243e76204,keras/callbacks.py:on_epoch_end,keras/callbacks.py,on_epoch_end,0,0.7454961018086099
keras_20_76da5f0a21ca_keras/backend/cntk_backend.py_minimum_0,keras,20,76da5f0a21ca98e4bf6706e182fb825243e76204,keras/backend/cntk_backend.py:minimum,keras/backend/cntk_backend.py,minimum,0,0.35657080323818396
keras_20_76da5f0a21ca_keras/backend/tensorflow_backend.py_minimum_0,keras,20,76da5f0a21ca98e4bf6706e182fb825243e76204,keras/backend/tensorflow_backend.py:minimum,keras/backend/tensorflow_backend.py,minimum,0,0.42907707145416213
keras_20_76da5f0a21ca_keras/backend/tensorflow_backend.py_batch_get_value_0,keras,20,76da5f0a21ca98e4bf6706e182fb825243e76204,keras/backend/tensorflow_backend.py:batch_get_value,keras/backend/tensorflow_backend.py,batch_get_value,0,0.4739439374086678
keras_20_76da5f0a21ca_tests/keras/initializers_test.py_test_zero_0,keras,20,76da5f0a21ca98e4bf6706e182fb825243e76204,tests/keras/initializers_test.py:test_zero,tests/keras/initializers_test.py,test_zero,0,0.23522855650971128
keras_20_76da5f0a21ca_keras/losses.py_hinge_0,keras,20,76da5f0a21ca98e4bf6706e182fb825243e76204,keras/losses.py:hinge,keras/losses.py,hinge,0,0.30837279498192666
keras_20_76da5f0a21ca_tests/test_documentation.py_handle_module_0,keras,20,76da5f0a21ca98e4bf6706e182fb825243e76204,tests/test_documentation.py:handle_module,tests/test_documentation.py,handle_module,0,0.6551308237048975
keras_20_76da5f0a21ca_keras/wrappers/scikit_learn.py_predict_proba_0,keras,20,76da5f0a21ca98e4bf6706e182fb825243e76204,keras/wrappers/scikit_learn.py:predict_proba,keras/wrappers/scikit_learn.py,predict_proba,0,0.5038067294169073
keras_20_76da5f0a21ca_tests/keras/backend/reference_operations.py_any_0,keras,20,76da5f0a21ca98e4bf6706e182fb825243e76204,tests/keras/backend/reference_operations.py:any,tests/keras/backend/reference_operations.py,any,0,0.37493585156129267
keras_20_76da5f0a21ca_tests/keras/legacy/interface_test.py_test_deconv2d_legacy_interface_0,keras,20,76da5f0a21ca98e4bf6706e182fb825243e76204,tests/keras/legacy/interface_test.py:test_deconv2d_legacy_interface,tests/keras/legacy/interface_test.py,test_deconv2d_legacy_interface,0,0.15979619859240943
keras_20_76da5f0a21ca_keras/engine/training_utils.py_check_num_samples_0,keras,20,76da5f0a21ca98e4bf6706e182fb825243e76204,keras/engine/training_utils.py:check_num_samples,keras/engine/training_utils.py,check_num_samples,0,0.6289302342181912
keras_20_76da5f0a21ca_examples/image_ocr.py_speckle_0,keras,20,76da5f0a21ca98e4bf6706e182fb825243e76204,examples/image_ocr.py:speckle,examples/image_ocr.py,speckle,0,0.3486237404014207
keras_20_76da5f0a21ca_keras/backend/cntk_backend.py_conv1d_0,keras,20,76da5f0a21ca98e4bf6706e182fb825243e76204,keras/backend/cntk_backend.py:conv1d,keras/backend/cntk_backend.py,conv1d,0,0.7178991561232074
keras_20_76da5f0a21ca_tests/keras/utils/data_utils_test.py___next___0,keras,20,76da5f0a21ca98e4bf6706e182fb825243e76204,tests/keras/utils/data_utils_test.py:__next__,tests/keras/utils/data_utils_test.py,__next__,0,0.34134049832515817
keras_20_76da5f0a21ca_keras/layers/convolutional_recurrent.py_kernel_constraint_0,keras,20,76da5f0a21ca98e4bf6706e182fb825243e76204,keras/layers/convolutional_recurrent.py:kernel_constraint,keras/layers/convolutional_recurrent.py,kernel_constraint,0,0.2981056070372701
keras_20_76da5f0a21ca_keras/layers/wrappers.py_updates_0,keras,20,76da5f0a21ca98e4bf6706e182fb825243e76204,keras/layers/wrappers.py:updates,keras/layers/wrappers.py,updates,0,0.3602745187533458
keras_20_76da5f0a21ca_keras/backend/cntk_backend.py_flatten_0,keras,20,76da5f0a21ca98e4bf6706e182fb825243e76204,keras/backend/cntk_backend.py:flatten,keras/backend/cntk_backend.py,flatten,0,0.3006933458377685
keras_20_76da5f0a21ca_keras/layers/merge.py_compute_output_shape_0,keras,20,76da5f0a21ca98e4bf6706e182fb825243e76204,keras/layers/merge.py:compute_output_shape,keras/layers/merge.py,compute_output_shape,0,0.4911344601496555
keras_21_c7b7328cc99f_keras/callbacks.py___init___1,keras,21,c7b7328cc99fd5d7c298e57c6020043451d89a61,keras/callbacks.py:__init__,keras/callbacks.py,__init__,1,0.8226682722161159
keras_21_c7b7328cc99f_keras/callbacks.py_on_epoch_end_1,keras,21,c7b7328cc99fd5d7c298e57c6020043451d89a61,keras/callbacks.py:on_epoch_end,keras/callbacks.py,on_epoch_end,1,0.6646980486546835
keras_21_c7b7328cc99f_tests/keras/backend/backend_test.py_test_random_variables_0,keras,21,c7b7328cc99fd5d7c298e57c6020043451d89a61,tests/keras/backend/backend_test.py:test_random_variables,tests/keras/backend/backend_test.py,test_random_variables,0,0.2855892277405768
keras_21_c7b7328cc99f_keras/backend/tensorflow_backend.py_ctc_decode_0,keras,21,c7b7328cc99fd5d7c298e57c6020043451d89a61,keras/backend/tensorflow_backend.py:ctc_decode,keras/backend/tensorflow_backend.py,ctc_decode,0,0.7115539321417624
keras_21_c7b7328cc99f_tests/keras/engine/test_topology.py_test_learning_phase_0,keras,21,c7b7328cc99fd5d7c298e57c6020043451d89a61,tests/keras/engine/test_topology.py:test_learning_phase,tests/keras/engine/test_topology.py,test_learning_phase,0,0.2153951639862027
keras_21_c7b7328cc99f_docs/autogen.py_read_page_data_0,keras,21,c7b7328cc99fd5d7c298e57c6020043451d89a61,docs/autogen.py:read_page_data,docs/autogen.py,read_page_data,0,0.8501739523677815
keras_21_c7b7328cc99f_keras/layers/convolutional_recurrent.py_input_conv_0,keras,21,c7b7328cc99fd5d7c298e57c6020043451d89a61,keras/layers/convolutional_recurrent.py:input_conv,keras/layers/convolutional_recurrent.py,input_conv,0,0.6889678185684802
keras_21_c7b7328cc99f_tests/keras/legacy/interface_test.py_test_global_avgpooling2d_legacy_interface_0,keras,21,c7b7328cc99fd5d7c298e57c6020043451d89a61,tests/keras/legacy/interface_test.py:test_global_avgpooling2d_legacy_interface,tests/keras/legacy/interface_test.py,test_global_avgpooling2d_legacy_interface,0,0.17558671159173123
keras_22_54386efa549f_keras/engine/input_layer.py___init___1,keras,22,54386efa549f850dff13f79fc3af67799a4e5d4f,keras/engine/input_layer.py:__init__,keras/engine/input_layer.py,__init__,1,0.8570611860701987
keras_22_54386efa549f_keras/backend/theano_backend.py_exp_0,keras,22,54386efa549f850dff13f79fc3af67799a4e5d4f,keras/backend/theano_backend.py:exp,keras/backend/theano_backend.py,exp,0,0.36942112006822614
keras_22_54386efa549f_tests/keras/legacy/interface_test.py_test_zeropadding2d_legacy_interface_0,keras,22,54386efa549f850dff13f79fc3af67799a4e5d4f,tests/keras/legacy/interface_test.py:test_zeropadding2d_legacy_interface,tests/keras/legacy/interface_test.py,test_zeropadding2d_legacy_interface,0,0.17905368436822533
keras_22_54386efa549f_keras/backend/cntk_backend.py_depthwise_conv2d_0,keras,22,54386efa549f850dff13f79fc3af67799a4e5d4f,keras/backend/cntk_backend.py:depthwise_conv2d,keras/backend/cntk_backend.py,depthwise_conv2d,0,0.8258415123668658
keras_23_3dcd9c767ce6_keras/engine/sequential.py_add_1,keras,23,3dcd9c767ce6875fc8b69c74971ac8a552e23131,keras/engine/sequential.py:add,keras/engine/sequential.py,add,1,0.6410293884058417
keras_23_3dcd9c767ce6_keras/layers/merge.py__merge_function_0,keras,23,3dcd9c767ce6875fc8b69c74971ac8a552e23131,keras/layers/merge.py:_merge_function,keras/layers/merge.py,_merge_function,0,0.4272758234226124
keras_23_3dcd9c767ce6_tests/keras/legacy/interface_test.py_test_generator_methods_interface_0,keras,23,3dcd9c767ce6875fc8b69c74971ac8a552e23131,tests/keras/legacy/interface_test.py:test_generator_methods_interface,tests/keras/legacy/interface_test.py,test_generator_methods_interface,0,0.22354895799811908
keras_23_3dcd9c767ce6_keras/backend/theano_backend.py__postprocess_conv3d_output_0,keras,23,3dcd9c767ce6875fc8b69c74971ac8a552e23131,keras/backend/theano_backend.py:_postprocess_conv3d_output,keras/backend/theano_backend.py,_postprocess_conv3d_output,0,0.8279077545228328
keras_24_d7884570b109_keras/callbacks.py_set_model_1,keras,24,d7884570b10951d156aa086ee29a4df9eab79cf3,keras/callbacks.py:set_model,keras/callbacks.py,set_model,1,0.86860124876788
keras_24_d7884570b109_keras/backend/tensorflow_backend.py_minimum_0,keras,24,d7884570b10951d156aa086ee29a4df9eab79cf3,keras/backend/tensorflow_backend.py:minimum,keras/backend/tensorflow_backend.py,minimum,0,0.4063810161312967
keras_24_d7884570b109_keras/preprocessing/image.py_apply_transform_0,keras,24,d7884570b10951d156aa086ee29a4df9eab79cf3,keras/preprocessing/image.py:apply_transform,keras/preprocessing/image.py,apply_transform,0,0.6047932456656211
keras_24_d7884570b109_keras/backend/tensorflow_backend.py__call_0,keras,24,d7884570b10951d156aa086ee29a4df9eab79cf3,keras/backend/tensorflow_backend.py:_call,keras/backend/tensorflow_backend.py,_call,0,0.5939600086651238
keras_25_b470a595f727_keras/applications/imagenet_utils.py__preprocess_numpy_input_1,keras,25,b470a595f7278acf5e7e47521edf25d3c4f479f1,keras/applications/imagenet_utils.py:_preprocess_numpy_input,keras/applications/imagenet_utils.py,_preprocess_numpy_input,1,0.6173704182472592
keras_25_b470a595f727_tests/keras/utils/conv_utils_test.py_test_conv_output_length_0,keras,25,b470a595f7278acf5e7e47521edf25d3c4f479f1,tests/keras/utils/conv_utils_test.py:test_conv_output_length,tests/keras/utils/conv_utils_test.py,test_conv_output_length,0,0.2375787060924659
keras_25_b470a595f727_tests/keras/legacy/layers_test.py_test_maxout_dense_0,keras,25,b470a595f7278acf5e7e47521edf25d3c4f479f1,tests/keras/legacy/layers_test.py:test_maxout_dense,tests/keras/legacy/layers_test.py,test_maxout_dense,0,0.1823854925376103
keras_25_b470a595f727_docs/autogen.py_get_function_signature_0,keras,25,b470a595f7278acf5e7e47521edf25d3c4f479f1,docs/autogen.py:get_function_signature,docs/autogen.py,get_function_signature,0,0.5938613759400816
keras_26_87417470c816_keras/backend/tensorflow_backend.py_rnn_1,keras,26,87417470c8168772559be0531e297120c569a422,keras/backend/tensorflow_backend.py:rnn,keras/backend/tensorflow_backend.py,rnn,1,0.9002390380849975
keras_26_87417470c816_keras/layers/pooling.py_call_0,keras,26,87417470c8168772559be0531e297120c569a422,keras/layers/pooling.py:call,keras/layers/pooling.py,call,0,0.32438533590767704
keras_26_87417470c816_tests/keras/engine/test_training.py_test_training_and_eval_methods_on_symbolic_tensors_single_io_0,keras,26,87417470c8168772559be0531e297120c569a422,tests/keras/engine/test_training.py:test_training_and_eval_methods_on_symbolic_tensors_single_io,tests/keras/engine/test_training.py,test_training_and_eval_methods_on_symbolic_tensors_single_io,0,0.2557864732883997
keras_26_87417470c816_examples/mnist_net2net.py_preprocess_output_0,keras,26,87417470c8168772559be0531e297120c569a422,examples/mnist_net2net.py:preprocess_output,examples/mnist_net2net.py,preprocess_output,0,0.26062657565724273
keras_26_87417470c816_keras/backend/cntk_backend.py__moments_0,keras,26,87417470c8168772559be0531e297120c569a422,keras/backend/cntk_backend.py:_moments,keras/backend/cntk_backend.py,_moments,0,0.6775402683971316
keras_26_87417470c816_keras/legacy/interfaces.py_embedding_kwargs_preprocessor_0,keras,26,87417470c8168772559be0531e297120c569a422,keras/legacy/interfaces.py:embedding_kwargs_preprocessor,keras/legacy/interfaces.py,embedding_kwargs_preprocessor,0,0.406894698910791
keras_26_87417470c816_keras/layers/merge.py___init___0,keras,26,87417470c8168772559be0531e297120c569a422,keras/layers/merge.py:__init__,keras/layers/merge.py,__init__,0,0.3458523981661234
keras_27_49f5b931410b_keras/layers/wrappers.py_losses_1,keras,27,49f5b931410bc2e56378f20a15e8ac919e0efb88,keras/layers/wrappers.py:losses,keras/layers/wrappers.py,losses,1,0.36027379942279425
keras_27_49f5b931410b_keras/engine/sequential.py_trainable_weights_0,keras,27,49f5b931410bc2e56378f20a15e8ac919e0efb88,keras/engine/sequential.py:trainable_weights,keras/engine/sequential.py,trainable_weights,0,0.42124119085645395
keras_27_49f5b931410b_keras/initializers.py___call___0,keras,27,49f5b931410bc2e56378f20a15e8ac919e0efb88,keras/initializers.py:__call__,keras/initializers.py,__call__,0,0.4753797607680963
keras_27_49f5b931410b_keras/engine/sequential.py_get_losses_for_0,keras,27,49f5b931410bc2e56378f20a15e8ac919e0efb88,keras/engine/sequential.py:get_losses_for,keras/engine/sequential.py,get_losses_for,0,0.4832843188004232
keras_28_6171b3656ebd_keras/preprocessing/sequence.py___len___1,keras,28,6171b3656ebd9b6038f709ba83f7475de284ba4e,keras/preprocessing/sequence.py:__len__,keras/preprocessing/sequence.py,__len__,1,0.2530477760024576
keras_28_6171b3656ebd_keras/preprocessing/sequence.py___getitem___1,keras,28,6171b3656ebd9b6038f709ba83f7475de284ba4e,keras/preprocessing/sequence.py:__getitem__,keras/preprocessing/sequence.py,__getitem__,1,0.4116454988412313
keras_28_6171b3656ebd_keras/models.py__clone_sequential_model_0,keras,28,6171b3656ebd9b6038f709ba83f7475de284ba4e,keras/models.py:_clone_sequential_model,keras/models.py,_clone_sequential_model,0,0.7161449498562031
keras_28_6171b3656ebd_keras/optimizers.py___init___0,keras,28,6171b3656ebd9b6038f709ba83f7475de284ba4e,keras/optimizers.py:__init__,keras/optimizers.py,__init__,0,0.7524987560778971
keras_28_6171b3656ebd_tests/keras/engine/test_training.py_test_check_array_lengths_0,keras,28,6171b3656ebd9b6038f709ba83f7475de284ba4e,tests/keras/engine/test_training.py:test_check_array_lengths,tests/keras/engine/test_training.py,test_check_array_lengths,0,0.3461346307610794
keras_28_6171b3656ebd_keras/models.py_add_0,keras,28,6171b3656ebd9b6038f709ba83f7475de284ba4e,keras/models.py:add,keras/models.py,add,0,0.710776647084745
keras_28_6171b3656ebd_tests/keras/legacy/models_test.py_test_merge_dot_0,keras,28,6171b3656ebd9b6038f709ba83f7475de284ba4e,tests/keras/legacy/models_test.py:test_merge_dot,tests/keras/legacy/models_test.py,test_merge_dot,0,0.2011877376230054
keras_28_6171b3656ebd_keras/backend/cntk_backend.py_depthwise_conv2d_0,keras,28,6171b3656ebd9b6038f709ba83f7475de284ba4e,keras/backend/cntk_backend.py:depthwise_conv2d,keras/backend/cntk_backend.py,depthwise_conv2d,0,0.8044903116228621
keras_29_a341c014412c_keras/engine/training.py_fit_generator_1,keras,29,a341c014412cbfc86a9dd9816ae228e398dff3a2,keras/engine/training.py:fit_generator,keras/engine/training.py,fit_generator,1,0.9782965445887143
keras_29_a341c014412c_keras/engine/training.py__fit_loop_1,keras,29,a341c014412cbfc86a9dd9816ae228e398dff3a2,keras/engine/training.py:_fit_loop,keras/engine/training.py,_fit_loop,1,0.991387704031379
keras_29_a341c014412c_keras/engine/training.py_compile_1,keras,29,a341c014412cbfc86a9dd9816ae228e398dff3a2,keras/engine/training.py:compile,keras/engine/training.py,compile,1,0.8728610590993057
keras_29_a341c014412c_keras/engine/training.py__test_loop_1,keras,29,a341c014412cbfc86a9dd9816ae228e398dff3a2,keras/engine/training.py:_test_loop,keras/engine/training.py,_test_loop,1,0.8915456465631493
keras_29_a341c014412c_keras/engine/training.py_evaluate_generator_1,keras,29,a341c014412cbfc86a9dd9816ae228e398dff3a2,keras/engine/training.py:evaluate_generator,keras/engine/training.py,evaluate_generator,1,0.9011662297830376
keras_29_a341c014412c_keras/backend/cntk_backend.py_softsign_0,keras,29,a341c014412cbfc86a9dd9816ae228e398dff3a2,keras/backend/cntk_backend.py:softsign,keras/backend/cntk_backend.py,softsign,0,0.2751919430052763
keras_29_a341c014412c_tests/keras/backend/backend_test.py_test_sparse_dot_0,keras,29,a341c014412cbfc86a9dd9816ae228e398dff3a2,tests/keras/backend/backend_test.py:test_sparse_dot,tests/keras/backend/backend_test.py,test_sparse_dot,0,0.35090847725343266
keras_29_a341c014412c_tests/keras/utils/generic_utils_test.py_test_custom_objects_scope_0,keras,29,a341c014412cbfc86a9dd9816ae228e398dff3a2,tests/keras/utils/generic_utils_test.py:test_custom_objects_scope,tests/keras/utils/generic_utils_test.py,test_custom_objects_scope,0,0.2905838335844831
keras_29_a341c014412c_keras/backend/tensorflow_backend.py_resize_images_0,keras,29,a341c014412cbfc86a9dd9816ae228e398dff3a2,keras/backend/tensorflow_backend.py:resize_images,keras/backend/tensorflow_backend.py,resize_images,0,0.7413395552788181
keras_29_a341c014412c_keras/layers/convolutional.py_build_0,keras,29,a341c014412cbfc86a9dd9816ae228e398dff3a2,keras/layers/convolutional.py:build,keras/layers/convolutional.py,build,0,0.41198319438077374
keras_29_a341c014412c_tests/keras/legacy/interface_test.py_test_spatialdropout1d_legacy_interface_0,keras,29,a341c014412cbfc86a9dd9816ae228e398dff3a2,tests/keras/legacy/interface_test.py:test_spatialdropout1d_legacy_interface,tests/keras/legacy/interface_test.py,test_spatialdropout1d_legacy_interface,0,0.18254399506536645
keras_29_a341c014412c_tests/integration_tests/test_datasets.py_test_reuters_0,keras,29,a341c014412cbfc86a9dd9816ae228e398dff3a2,tests/integration_tests/test_datasets.py:test_reuters,tests/integration_tests/test_datasets.py,test_reuters,0,0.28494614062055706
keras_29_a341c014412c_keras/backend/theano_backend.py_sigmoid_0,keras,29,a341c014412cbfc86a9dd9816ae228e398dff3a2,keras/backend/theano_backend.py:sigmoid,keras/backend/theano_backend.py,sigmoid,0,0.3322836901104491
keras_29_a341c014412c_tests/keras/preprocessing/text_test.py_test_tokenizer_oov_flag_0,keras,29,a341c014412cbfc86a9dd9816ae228e398dff3a2,tests/keras/preprocessing/text_test.py:test_tokenizer_oov_flag,tests/keras/preprocessing/text_test.py,test_tokenizer_oov_flag,0,0.16578770216397995
keras_29_a341c014412c_keras/backend/theano_backend.py_concatenate_0,keras,29,a341c014412cbfc86a9dd9816ae228e398dff3a2,keras/backend/theano_backend.py:concatenate,keras/backend/theano_backend.py,concatenate,0,0.757450813682596
keras_29_a341c014412c_keras/layers/merge.py_subtract_0,keras,29,a341c014412cbfc86a9dd9816ae228e398dff3a2,keras/layers/merge.py:subtract,keras/layers/merge.py,subtract,0,0.2734364608128428
keras_29_a341c014412c_keras/utils/generic_utils.py_func_dump_0,keras,29,a341c014412cbfc86a9dd9816ae228e398dff3a2,keras/utils/generic_utils.py:func_dump,keras/utils/generic_utils.py,func_dump,0,0.3712644207545574
keras_29_a341c014412c_keras/legacy/layers.py_get_config_0,keras,29,a341c014412cbfc86a9dd9816ae228e398dff3a2,keras/legacy/layers.py:get_config,keras/legacy/layers.py,get_config,0,0.27305833953386577
keras_29_a341c014412c_tests/keras/losses_test.py_get_config_0,keras,29,a341c014412cbfc86a9dd9816ae228e398dff3a2,tests/keras/losses_test.py:get_config,tests/keras/losses_test.py,get_config,0,0.24876956783901363
keras_29_a341c014412c_tests/keras/layers/wrappers_test.py_test_regularizers_0,keras,29,a341c014412cbfc86a9dd9816ae228e398dff3a2,tests/keras/layers/wrappers_test.py:test_regularizers,tests/keras/layers/wrappers_test.py,test_regularizers,0,0.19440948267956534
keras_29_a341c014412c_tests/keras/test_sequential_model.py_test_sequential_fit_generator_0,keras,29,a341c014412cbfc86a9dd9816ae228e398dff3a2,tests/keras/test_sequential_model.py:test_sequential_fit_generator,tests/keras/test_sequential_model.py,test_sequential_fit_generator,0,0.3939548371022163
keras_29_a341c014412c_keras/backend/cntk_backend.py__moments_0,keras,29,a341c014412cbfc86a9dd9816ae228e398dff3a2,keras/backend/cntk_backend.py:_moments,keras/backend/cntk_backend.py,_moments,0,0.6775392302048814
keras_29_a341c014412c_keras/engine/training.py__check_loss_and_target_compatibility_0,keras,29,a341c014412cbfc86a9dd9816ae228e398dff3a2,keras/engine/training.py:_check_loss_and_target_compatibility,keras/engine/training.py,_check_loss_and_target_compatibility,0,0.7631176795034895
keras_3_c0d1709cbae3_keras/models.py__clone_functional_model_1,keras,3,c0d1709cbae3d05efc6dd224230012bc120be8e5,keras/models.py:_clone_functional_model,keras/models.py,_clone_functional_model,1,0.7577907865827673
keras_3_c0d1709cbae3_keras/backend/theano_backend.py_argmin_0,keras,3,c0d1709cbae3d05efc6dd224230012bc120be8e5,keras/backend/theano_backend.py:argmin,keras/backend/theano_backend.py,argmin,0,0.4154469093128806
keras_3_c0d1709cbae3_keras/initializers.py___init___0,keras,3,c0d1709cbae3d05efc6dd224230012bc120be8e5,keras/initializers.py:__init__,keras/initializers.py,__init__,0,0.4395016770979421
keras_3_c0d1709cbae3_keras/layers/cudnn_recurrent.py_call_0,keras,3,c0d1709cbae3d05efc6dd224230012bc120be8e5,keras/layers/cudnn_recurrent.py:call,keras/layers/cudnn_recurrent.py,call,0,0.7895165223790559
keras_30_c08ef613af27_keras/engine/training.py_fit_generator_1,keras,30,c08ef613af27da896cee168daeee5c6fad1980b6,keras/engine/training.py:fit_generator,keras/engine/training.py,fit_generator,1,0.9676836764019083
keras_30_c08ef613af27_keras/engine/training.py_evaluate_generator_1,keras,30,c08ef613af27da896cee168daeee5c6fad1980b6,keras/engine/training.py:evaluate_generator,keras/engine/training.py,evaluate_generator,1,0.8583000446095391
keras_30_c08ef613af27_examples/mnist_net2net.py_make_wider_student_model_0,keras,30,c08ef613af27da896cee168daeee5c6fad1980b6,examples/mnist_net2net.py:make_wider_student_model,examples/mnist_net2net.py,make_wider_student_model,0,0.648388406812162
keras_30_c08ef613af27_tests/keras/utils/multi_gpu_test.py_multi_gpu_application_folder_generator_benchmark_0,keras,30,c08ef613af27da896cee168daeee5c6fad1980b6,tests/keras/utils/multi_gpu_test.py:multi_gpu_application_folder_generator_benchmark,tests/keras/utils/multi_gpu_test.py,multi_gpu_application_folder_generator_benchmark,0,0.30796257104412167
keras_30_c08ef613af27_keras/engine/topology.py_build_0,keras,30,c08ef613af27da896cee168daeee5c6fad1980b6,keras/engine/topology.py:build,keras/engine/topology.py,build,0,0.40222669931720506
keras_30_c08ef613af27_keras/backend/theano_backend.py_ctc_path_probs_0,keras,30,c08ef613af27da896cee168daeee5c6fad1980b6,keras/backend/theano_backend.py:ctc_path_probs,keras/backend/theano_backend.py,ctc_path_probs,0,0.5202909838416083
keras_30_c08ef613af27_examples/cifar10_cnn_capsule.py___init___0,keras,30,c08ef613af27da896cee168daeee5c6fad1980b6,examples/cifar10_cnn_capsule.py:__init__,examples/cifar10_cnn_capsule.py,__init__,0,0.7471930643737501
keras_30_c08ef613af27_keras/models.py__gather_list_attr_0,keras,30,c08ef613af27da896cee168daeee5c6fad1980b6,keras/models.py:_gather_list_attr,keras/models.py,_gather_list_attr,0,0.5272868875202684
keras_31_ced81968b0e9_keras/backend/tensorflow_backend.py_ctc_batch_cost_1,keras,31,ced81968b0e9d8b1389e6580721ac60d9cf3ca60,keras/backend/tensorflow_backend.py:ctc_batch_cost,keras/backend/tensorflow_backend.py,ctc_batch_cost,1,0.5748293461190483
keras_31_ced81968b0e9_keras/initializers.py_glorot_normal_0,keras,31,ced81968b0e9d8b1389e6580721ac60d9cf3ca60,keras/initializers.py:glorot_normal,keras/initializers.py,glorot_normal,0,0.2380801331614042
keras_31_ced81968b0e9_keras/engine/topology.py_compute_output_shape_0,keras,31,ced81968b0e9d8b1389e6580721ac60d9cf3ca60,keras/engine/topology.py:compute_output_shape,keras/engine/topology.py,compute_output_shape,0,0.5212408159768059
keras_31_ced81968b0e9_keras/models.py_load_model_0,keras,31,ced81968b0e9d8b1389e6580721ac60d9cf3ca60,keras/models.py:load_model,keras/models.py,load_model,0,0.7193432244662641
keras_32_a3d160b9467c_keras/callbacks.py_on_epoch_end_1,keras,32,a3d160b9467c99cbb27f9aa0382c759f45c8ee66,keras/callbacks.py:on_epoch_end,keras/callbacks.py,on_epoch_end,1,0.6646858405314465
keras_32_a3d160b9467c_keras/callbacks.py___init___1,keras,32,a3d160b9467c99cbb27f9aa0382c759f45c8ee66,keras/callbacks.py:__init__,keras/callbacks.py,__init__,1,0.8226602811748815
keras_32_a3d160b9467c_keras/callbacks.py__reset_1,keras,32,a3d160b9467c99cbb27f9aa0382c759f45c8ee66,keras/callbacks.py:_reset,keras/callbacks.py,_reset,1,0.4081117711321173
keras_32_a3d160b9467c_keras/activations.py_softmax_0,keras,32,a3d160b9467c99cbb27f9aa0382c759f45c8ee66,keras/activations.py:softmax,keras/activations.py,softmax,0,0.5097814594493478
keras_32_a3d160b9467c_keras/layers/recurrent.py_call_0,keras,32,a3d160b9467c99cbb27f9aa0382c759f45c8ee66,keras/layers/recurrent.py:call,keras/layers/recurrent.py,call,0,0.6743074533058424
keras_32_a3d160b9467c_keras/models.py_get_config_0,keras,32,a3d160b9467c99cbb27f9aa0382c759f45c8ee66,keras/models.py:get_config,keras/models.py,get_config,0,0.48518587699854276
keras_32_a3d160b9467c_tests/keras/legacy/interface_test.py_test_gru_legacy_interface_0,keras,32,a3d160b9467c99cbb27f9aa0382c759f45c8ee66,tests/keras/legacy/interface_test.py:test_gru_legacy_interface,tests/keras/legacy/interface_test.py,test_gru_legacy_interface,0,0.17088029268949112
keras_32_a3d160b9467c_keras/engine/topology.py__collect_input_shape_0,keras,32,a3d160b9467c99cbb27f9aa0382c759f45c8ee66,keras/engine/topology.py:_collect_input_shape,keras/engine/topology.py,_collect_input_shape,0,0.5500492264543275
keras_32_a3d160b9467c_keras/layers/convolutional_recurrent.py_from_config_0,keras,32,a3d160b9467c99cbb27f9aa0382c759f45c8ee66,keras/layers/convolutional_recurrent.py:from_config,keras/layers/convolutional_recurrent.py,from_config,0,0.3494710843528193
keras_32_a3d160b9467c_tests/keras/layers/convolutional_test.py_test_conv2d_transpose_0,keras,32,a3d160b9467c99cbb27f9aa0382c759f45c8ee66,tests/keras/layers/convolutional_test.py:test_conv2d_transpose,tests/keras/layers/convolutional_test.py,test_conv2d_transpose,0,0.44041187599231635
keras_32_a3d160b9467c_keras/backend/theano_backend.py_ctc_batch_cost_0,keras,32,a3d160b9467c99cbb27f9aa0382c759f45c8ee66,keras/backend/theano_backend.py:ctc_batch_cost,keras/backend/theano_backend.py,ctc_batch_cost,0,0.5320983382439356
keras_32_a3d160b9467c_tests/keras/utils/data_utils_test.py_test_generator_enqueuer_fail_processes_0,keras,32,a3d160b9467c99cbb27f9aa0382c759f45c8ee66,tests/keras/utils/data_utils_test.py:test_generator_enqueuer_fail_processes,tests/keras/utils/data_utils_test.py,test_generator_enqueuer_fail_processes,0,0.3572767913453326
keras_33_1c9a49781da2_keras/preprocessing/text.py_text_to_word_sequence_1,keras,33,1c9a49781da2101507db23e2014e4e5d16bd2e52,keras/preprocessing/text.py:text_to_word_sequence,keras/preprocessing/text.py,text_to_word_sequence,1,0.5876186409038402
keras_33_1c9a49781da2_keras/backend/cntk_backend.py_switch_0,keras,33,1c9a49781da2101507db23e2014e4e5d16bd2e52,keras/backend/cntk_backend.py:switch,keras/backend/cntk_backend.py,switch,0,0.7242718220785537
keras_33_1c9a49781da2_tests/keras/backend/backend_test.py_test_batchnorm_0,keras,33,1c9a49781da2101507db23e2014e4e5d16bd2e52,tests/keras/backend/backend_test.py:test_batchnorm,tests/keras/backend/backend_test.py,test_batchnorm,0,0.45725612756665424
keras_33_1c9a49781da2_keras/engine/topology.py__object_list_uid_0,keras,33,1c9a49781da2101507db23e2014e4e5d16bd2e52,keras/engine/topology.py:_object_list_uid,keras/engine/topology.py,_object_list_uid,0,0.3794256724171287
keras_34_7ef5244a2f1f_keras/engine/training.py_fit_generator_1,keras,34,7ef5244a2f1f7f7b76e3c804b82cbb20cdf4d139,keras/engine/training.py:fit_generator,keras/engine/training.py,fit_generator,1,0.9777311505682117
keras_34_7ef5244a2f1f_keras/engine/training.py_evaluate_generator_1,keras,34,7ef5244a2f1f7f7b76e3c804b82cbb20cdf4d139,keras/engine/training.py:evaluate_generator,keras/engine/training.py,evaluate_generator,1,0.8521130747683562
keras_34_7ef5244a2f1f_keras/utils/data_utils.py_on_epoch_end_1,keras,34,7ef5244a2f1f7f7b76e3c804b82cbb20cdf4d139,keras/utils/data_utils.py:on_epoch_end,keras/utils/data_utils.py,on_epoch_end,1,0.37540160815149165
keras_34_7ef5244a2f1f_keras/engine/training.py_predict_generator_1,keras,34,7ef5244a2f1f7f7b76e3c804b82cbb20cdf4d139,keras/engine/training.py:predict_generator,keras/engine/training.py,predict_generator,1,0.9232893729856917
keras_34_7ef5244a2f1f_tests/keras/engine/test_topology.py_test_valid_compute_mask_0,keras,34,7ef5244a2f1f7f7b76e3c804b82cbb20cdf4d139,tests/keras/engine/test_topology.py:test_valid_compute_mask,tests/keras/engine/test_topology.py,test_valid_compute_mask,0,0.2397055049474547
keras_34_7ef5244a2f1f_keras/wrappers/scikit_learn.py_predict_0,keras,34,7ef5244a2f1f7f7b76e3c804b82cbb20cdf4d139,keras/wrappers/scikit_learn.py:predict,keras/wrappers/scikit_learn.py,predict,0,0.4006596224199451
keras_34_7ef5244a2f1f_keras/backend/theano_backend.py_moving_average_update_0,keras,34,7ef5244a2f1f7f7b76e3c804b82cbb20cdf4d139,keras/backend/theano_backend.py:moving_average_update,keras/backend/theano_backend.py,moving_average_update,0,0.4655437756944711
keras_34_7ef5244a2f1f_keras/applications/inception_resnet_v2.py_InceptionResNetV2_0,keras,34,7ef5244a2f1f7f7b76e3c804b82cbb20cdf4d139,keras/applications/inception_resnet_v2.py:InceptionResNetV2,keras/applications/inception_resnet_v2.py,InceptionResNetV2,0,0.745536133031557
keras_34_7ef5244a2f1f_keras/applications/nasnet.py_NASNetMobile_0,keras,34,7ef5244a2f1f7f7b76e3c804b82cbb20cdf4d139,keras/applications/nasnet.py:NASNetMobile,keras/applications/nasnet.py,NASNetMobile,0,0.6763331022353266
keras_34_7ef5244a2f1f_tests/keras/initializers_test.py_test_constant_0,keras,34,7ef5244a2f1f7f7b76e3c804b82cbb20cdf4d139,tests/keras/initializers_test.py:test_constant,tests/keras/initializers_test.py,test_constant,0,0.2352305460209136
keras_34_7ef5244a2f1f_keras/layers/wrappers.py_trainable_0,keras,34,7ef5244a2f1f7f7b76e3c804b82cbb20cdf4d139,keras/layers/wrappers.py:trainable,keras/layers/wrappers.py,trainable,0,0.31068784366701757
keras_34_7ef5244a2f1f_tests/integration_tests/test_temporal_data_tasks.py_test_masked_temporal_0,keras,34,7ef5244a2f1f7f7b76e3c804b82cbb20cdf4d139,tests/integration_tests/test_temporal_data_tasks.py:test_masked_temporal,tests/integration_tests/test_temporal_data_tasks.py,test_masked_temporal,0,0.256718927206007
keras_34_7ef5244a2f1f_tests/test_loss_masking.py_test_masking_0,keras,34,7ef5244a2f1f7f7b76e3c804b82cbb20cdf4d139,tests/test_loss_masking.py:test_masking,tests/test_loss_masking.py,test_masking,0,0.19269501343100606
keras_34_7ef5244a2f1f_tests/keras/backend/backend_test.py_test_resize_images_0,keras,34,7ef5244a2f1f7f7b76e3c804b82cbb20cdf4d139,tests/keras/backend/backend_test.py:test_resize_images,tests/keras/backend/backend_test.py,test_resize_images,0,0.5605574426150555
keras_34_7ef5244a2f1f_keras/initializers.py_get_config_0,keras,34,7ef5244a2f1f7f7b76e3c804b82cbb20cdf4d139,keras/initializers.py:get_config,keras/initializers.py,get_config,0,0.2546270747222871
keras_34_7ef5244a2f1f_keras/applications/resnet50.py_conv_block_0,keras,34,7ef5244a2f1f7f7b76e3c804b82cbb20cdf4d139,keras/applications/resnet50.py:conv_block,keras/applications/resnet50.py,conv_block,0,0.7647825346755064
keras_35_06eaeebecfb7_keras/preprocessing/image.py__get_batches_of_transformed_samples_1,keras,35,06eaeebecfb73c23bfd531013ca172ee3bf5069c,keras/preprocessing/image.py:_get_batches_of_transformed_samples,keras/preprocessing/image.py,_get_batches_of_transformed_samples,1,0.8541728452148789
keras_35_06eaeebecfb7_keras/preprocessing/image.py_standardize_1,keras,35,06eaeebecfb73c23bfd531013ca172ee3bf5069c,keras/preprocessing/image.py:standardize,keras/preprocessing/image.py,standardize,1,0.5146469796381756
keras_35_06eaeebecfb7_keras/initializers.py_deserialize_0,keras,35,06eaeebecfb73c23bfd531013ca172ee3bf5069c,keras/initializers.py:deserialize,keras/initializers.py,deserialize,0,0.31955270196544583
keras_35_06eaeebecfb7_tests/test_documentation.py_handle_module_0,keras,35,06eaeebecfb73c23bfd531013ca172ee3bf5069c,tests/test_documentation.py:handle_module,tests/test_documentation.py,handle_module,0,0.6551388284971178
keras_35_06eaeebecfb7_keras/layers/recurrent.py_recurrent_constraint_0,keras,35,06eaeebecfb73c23bfd531013ca172ee3bf5069c,keras/layers/recurrent.py:recurrent_constraint,keras/layers/recurrent.py,recurrent_constraint,0,0.2727402639269392
keras_35_06eaeebecfb7_keras/backend/cntk_backend.py_cast_0,keras,35,06eaeebecfb73c23bfd531013ca172ee3bf5069c,keras/backend/cntk_backend.py:cast,keras/backend/cntk_backend.py,cast,0,0.32752022178080087
keras_35_06eaeebecfb7_keras/engine/training.py__check_loss_and_target_compatibility_0,keras,35,06eaeebecfb73c23bfd531013ca172ee3bf5069c,keras/engine/training.py:_check_loss_and_target_compatibility,keras/engine/training.py,_check_loss_and_target_compatibility,0,0.7631231685317947
keras_35_06eaeebecfb7_keras/backend/theano_backend.py_moving_average_update_0,keras,35,06eaeebecfb73c23bfd531013ca172ee3bf5069c,keras/backend/theano_backend.py:moving_average_update,keras/backend/theano_backend.py,moving_average_update,0,0.4655456617321812
keras_36_85f011df5a5c_keras/backend/tensorflow_backend.py_separable_conv1d_1,keras,36,85f011df5a5c0fcf1f01b39eca338eb6b7e58401,keras/backend/tensorflow_backend.py:separable_conv1d,keras/backend/tensorflow_backend.py,separable_conv1d,1,0.8184862777993158
keras_36_85f011df5a5c_keras/backend/theano_backend.py_max_0,keras,36,85f011df5a5c0fcf1f01b39eca338eb6b7e58401,keras/backend/theano_backend.py:max,keras/backend/theano_backend.py,max,0,0.4823810082927826
keras_36_85f011df5a5c_tests/keras/backend/backend_test.py_test_stop_gradient_0,keras,36,85f011df5a5c0fcf1f01b39eca338eb6b7e58401,tests/keras/backend/backend_test.py:test_stop_gradient,tests/keras/backend/backend_test.py,test_stop_gradient,0,0.3595653564889463
keras_36_85f011df5a5c_keras/backend/cntk_backend.py_backward_0,keras,36,85f011df5a5c0fcf1f01b39eca338eb6b7e58401,keras/backend/cntk_backend.py:backward,keras/backend/cntk_backend.py,backward,0,0.41785667703272383
keras_37_81f6b3aa5b2b_keras/layers/wrappers.py___init___1,keras,37,81f6b3aa5b2b6215a533180e848a3b4dff851d03,keras/layers/wrappers.py:__init__,keras/layers/wrappers.py,__init__,1,0.6228326256397214
keras_37_81f6b3aa5b2b_keras/layers/recurrent.py___call___1,keras,37,81f6b3aa5b2b6215a533180e848a3b4dff851d03,keras/layers/recurrent.py:__call__,keras/layers/recurrent.py,__call__,1,0.7193488801689346
keras_37_81f6b3aa5b2b_keras/layers/wrappers.py_call_1,keras,37,81f6b3aa5b2b6215a533180e848a3b4dff851d03,keras/layers/wrappers.py:call,keras/layers/wrappers.py,call,1,0.8856109081127713
keras_37_81f6b3aa5b2b_tests/keras/losses_test.py___call___0,keras,37,81f6b3aa5b2b6215a533180e848a3b4dff851d03,tests/keras/losses_test.py:__call__,tests/keras/losses_test.py,__call__,0,0.373965281029473
keras_37_81f6b3aa5b2b_keras/backend/theano_backend.py__prepare_name_0,keras,37,81f6b3aa5b2b6215a533180e848a3b4dff851d03,keras/backend/theano_backend.py:_prepare_name,keras/backend/theano_backend.py,_prepare_name,0,0.5330136225549527
keras_37_81f6b3aa5b2b_keras/layers/core.py__get_noise_shape_0,keras,37,81f6b3aa5b2b6215a533180e848a3b4dff851d03,keras/layers/core.py:_get_noise_shape,keras/layers/core.py,_get_noise_shape,0,0.36974027867318343
keras_37_81f6b3aa5b2b_tests/keras/engine/test_topology.py_test_preprocess_weights_for_loading_for_model_0,keras,37,81f6b3aa5b2b6215a533180e848a3b4dff851d03,tests/keras/engine/test_topology.py:test_preprocess_weights_for_loading_for_model,tests/keras/engine/test_topology.py,test_preprocess_weights_for_loading_for_model,0,0.304328904043084
keras_37_81f6b3aa5b2b_keras/engine/training.py__get_deduped_metrics_names_0,keras,37,81f6b3aa5b2b6215a533180e848a3b4dff851d03,keras/engine/training.py:_get_deduped_metrics_names,keras/engine/training.py,_get_deduped_metrics_names,0,0.49626315197567344
keras_37_81f6b3aa5b2b_keras/models.py_legacy_get_config_0,keras,37,81f6b3aa5b2b6215a533180e848a3b4dff851d03,keras/models.py:legacy_get_config,keras/models.py,legacy_get_config,0,0.5376082848515058
keras_37_81f6b3aa5b2b_tests/keras/backend/backend_test.py_check_two_tensor_operation_0,keras,37,81f6b3aa5b2b6215a533180e848a3b4dff851d03,tests/keras/backend/backend_test.py:check_two_tensor_operation,tests/keras/backend/backend_test.py,check_two_tensor_operation,0,0.958699109648529
keras_37_81f6b3aa5b2b_keras/applications/vgg16.py_VGG16_0,keras,37,81f6b3aa5b2b6215a533180e848a3b4dff851d03,keras/applications/vgg16.py:VGG16,keras/applications/vgg16.py,VGG16,0,0.7594055251752615
keras_37_81f6b3aa5b2b_keras/initializers.py_from_config_0,keras,37,81f6b3aa5b2b6215a533180e848a3b4dff851d03,keras/initializers.py:from_config,keras/initializers.py,from_config,0,0.40905723587778403
keras_38_53ec990d5413_keras/layers/recurrent.py_build_1,keras,38,53ec990d54130dd0a457dd235c93d39de32d571d,keras/layers/recurrent.py:build,keras/layers/recurrent.py,build,1,0.503046210336982
keras_38_53ec990d5413_examples/lstm_stateful.py_create_model_0,keras,38,53ec990d54130dd0a457dd235c93d39de32d571d,examples/lstm_stateful.py:create_model,examples/lstm_stateful.py,create_model,0,0.24327472455170884
keras_38_53ec990d5413_keras/applications/inception_v3.py_preprocess_input_0,keras,38,53ec990d54130dd0a457dd235c93d39de32d571d,keras/applications/inception_v3.py:preprocess_input,keras/applications/inception_v3.py,preprocess_input,0,0.3238734912369191
keras_38_53ec990d5413_keras/engine/topology.py_losses_0,keras,38,53ec990d54130dd0a457dd235c93d39de32d571d,keras/engine/topology.py:losses,keras/engine/topology.py,losses,0,0.7327499396075715
keras_39_3a431ea52d09_keras/utils/generic_utils.py_update_1,keras,39,3a431ea52d090fb3ef8a1e0e5d7f796d9a42e097,keras/utils/generic_utils.py:update,keras/utils/generic_utils.py,update,1,0.8011535061090033
keras_39_3a431ea52d09_keras/backend/tensorflow_backend.py_batch_flatten_0,keras,39,3a431ea52d090fb3ef8a1e0e5d7f796d9a42e097,keras/backend/tensorflow_backend.py:batch_flatten,keras/backend/tensorflow_backend.py,batch_flatten,0,0.3598372280334927
keras_39_3a431ea52d09_tests/test_model_saving.py_square_fn_0,keras,39,3a431ea52d090fb3ef8a1e0e5d7f796d9a42e097,tests/test_model_saving.py:square_fn,tests/test_model_saving.py,square_fn,0,0.3053282306427047
keras_39_3a431ea52d09_tests/keras/layers/core_test.py_test_lambda_0,keras,39,3a431ea52d090fb3ef8a1e0e5d7f796d9a42e097,tests/keras/layers/core_test.py:test_lambda,tests/keras/layers/core_test.py,test_lambda,0,0.2231194567900821
luigi_1_1164eb6b85b8_luigi/server.py_get_1,luigi,1,1164eb6b85b8a70f596dbb99452bec513e72c12e,luigi/server.py:get,luigi/server.py,get,1,0.39170349429262535
luigi_1_1164eb6b85b8_luigi/contrib/batch.py_get_job_status_0,luigi,1,1164eb6b85b8a70f596dbb99452bec513e72c12e,luigi/contrib/batch.py:get_job_status,luigi/contrib/batch.py,get_job_status,0,0.38233366353841836
luigi_1_1164eb6b85b8_luigi/execution_summary.py__get_set_of_params_0,luigi,1,1164eb6b85b8a70f596dbb99452bec513e72c12e,luigi/execution_summary.py:_get_set_of_params,luigi/execution_summary.py,_get_set_of_params,0,0.31482355466996487
luigi_1_1164eb6b85b8_test/fib_test.py_run_0,luigi,1,1164eb6b85b8a70f596dbb99452bec513e72c12e,test/fib_test.py:run,test/fib_test.py,run,0,0.5626147678614957
luigi_10_f538d1b3d473_luigi/scheduler.py_get_pending_tasks_1,luigi,10,f538d1b3d473d542a19d508e5f7e0809b1dfe5ef,luigi/scheduler.py:get_pending_tasks,luigi/scheduler.py,get_pending_tasks,1,0.33671290577178925
luigi_10_f538d1b3d473_luigi/contrib/hadoop.py_run_reducer_0,luigi,10,f538d1b3d473d542a19d508e5f7e0809b1dfe5ef,luigi/contrib/hadoop.py:run_reducer,luigi/contrib/hadoop.py,run_reducer,0,0.5864170859884007
luigi_10_f538d1b3d473_luigi/contrib/ftp.py___init___0,luigi,10,f538d1b3d473d542a19d508e5f7e0809b1dfe5ef,luigi/contrib/ftp.py:__init__,luigi/contrib/ftp.py,__init__,0,0.9258056724180626
luigi_10_f538d1b3d473_luigi/server.py_initialize_0,luigi,10,f538d1b3d473d542a19d508e5f7e0809b1dfe5ef,luigi/server.py:initialize,luigi/server.py,initialize,0,0.3797239051822393
luigi_11_bf8b5cba573d_luigi/scheduler.py_get_work_1,luigi,11,bf8b5cba573d5d6cd11f7f10a03b458aeaf955c1,luigi/scheduler.py:get_work,luigi/scheduler.py,get_work,1,0.9442963805754083
luigi_11_bf8b5cba573d_test/contrib/opener_test.py_test_s3_parse_0,luigi,11,bf8b5cba573d5d6cd11f7f10a03b458aeaf955c1,test/contrib/opener_test.py:test_s3_parse,test/contrib/opener_test.py,test_s3_parse,0,0.30533620153538094
luigi_11_bf8b5cba573d_luigi/postgres.py_map_column_0,luigi,11,bf8b5cba573d5d6cd11f7f10a03b458aeaf955c1,luigi/postgres.py:map_column,luigi/postgres.py,map_column,0,0.4202632100696771
luigi_11_bf8b5cba573d_test/contrib/dataproc_test.py_test_8_create_cluster_image_version_0,luigi,11,bf8b5cba573d5d6cd11f7f10a03b458aeaf955c1,test/contrib/dataproc_test.py:test_8_create_cluster_image_version,test/contrib/dataproc_test.py,test_8_create_cluster_image_version,0,0.25563728815051034
luigi_12_c3119757c9ad_luigi/contrib/hdfs/clients.py_get_autoconfig_client_1,luigi,12,c3119757c9ad4141fb446554109fa09cbd31173c,luigi/contrib/hdfs/clients.py:get_autoconfig_client,luigi/contrib/hdfs/clients.py,get_autoconfig_client,1,0.27392226798961367
luigi_12_c3119757c9ad_test/scheduler_test.py_test_scheduler_with_config_0,luigi,12,c3119757c9ad4141fb446554109fa09cbd31173c,test/scheduler_test.py:test_scheduler_with_config,test/scheduler_test.py,test_scheduler_with_config,0,0.24252219503598962
luigi_12_c3119757c9ad_luigi/parameter.py_parse_0,luigi,12,c3119757c9ad4141fb446554109fa09cbd31173c,luigi/parameter.py:parse,luigi/parameter.py,parse,0,0.39538851646632905
luigi_12_c3119757c9ad_test/webhdfs_minicluster.py__get_namenode_port_0,luigi,12,c3119757c9ad4141fb446554109fa09cbd31173c,test/webhdfs_minicluster.py:_get_namenode_port,test/webhdfs_minicluster.py,_get_namenode_port,0,0.4851750942107823
luigi_13_3c90bcdac63d_luigi/file.py_move_1,luigi,13,3c90bcdac63d978dbdaeae408420e22b963c9863,luigi/file.py:move,luigi/file.py,move,1,0.38854081296641363
luigi_13_3c90bcdac63d_test/decorator_test.py_test_requires_0,luigi,13,3c90bcdac63d978dbdaeae408420e22b963c9863,test/decorator_test.py:test_requires,test/decorator_test.py,test_requires,0,0.2650147720561488
luigi_13_3c90bcdac63d_luigi/date_interval.py___gt___0,luigi,13,3c90bcdac63d978dbdaeae408420e22b963c9863,luigi/date_interval.py:__gt__,luigi/date_interval.py,__gt__,0,0.37125841746050287
luigi_13_3c90bcdac63d_luigi/date_interval.py_from_date_0,luigi,13,3c90bcdac63d978dbdaeae408420e22b963c9863,luigi/date_interval.py:from_date,luigi/date_interval.py,from_date,0,0.2843045425276795
luigi_14_f7219c381210_luigi/scheduler.py_can_disable_1,luigi,14,f7219c38121098d464011a094156d99b5b320362,luigi/scheduler.py:can_disable,luigi/scheduler.py,can_disable,1,0.32124313511135644
luigi_14_f7219c381210_luigi/scheduler.py_set_status_1,luigi,14,f7219c38121098d464011a094156d99b5b320362,luigi/scheduler.py:set_status,luigi/scheduler.py,set_status,1,0.7775584761205933
luigi_14_f7219c381210_luigi/scheduler.py_has_excessive_failures_1,luigi,14,f7219c38121098d464011a094156d99b5b320362,luigi/scheduler.py:has_excessive_failures,luigi/scheduler.py,has_excessive_failures,1,0.5179872329957619
luigi_14_f7219c381210_luigi/parameter.py_parse_0,luigi,14,f7219c38121098d464011a094156d99b5b320362,luigi/parameter.py:parse,luigi/parameter.py,parse,0,0.47737306908330307
luigi_14_f7219c381210_luigi/contrib/gcs.py___init___0,luigi,14,f7219c38121098d464011a094156d99b5b320362,luigi/contrib/gcs.py:__init__,luigi/contrib/gcs.py,__init__,0,0.6573066545699164
luigi_14_f7219c381210_luigi/contrib/hadoop.py_requires_hadoop_0,luigi,14,f7219c38121098d464011a094156d99b5b320362,luigi/contrib/hadoop.py:requires_hadoop,luigi/contrib/hadoop.py,requires_hadoop,0,0.42443146342648974
luigi_14_f7219c381210_test/postgres_test.py_test_bulk_complete_0,luigi,14,f7219c38121098d464011a094156d99b5b320362,test/postgres_test.py:test_bulk_complete,test/postgres_test.py,test_bulk_complete,0,0.2678675529466575
luigi_14_f7219c381210_test/worker_test.py_test_allow_reschedule_with_many_missing_deps_0,luigi,14,f7219c38121098d464011a094156d99b5b320362,test/worker_test.py:test_allow_reschedule_with_many_missing_deps,test/worker_test.py,test_allow_reschedule_with_many_missing_deps,0,0.32461839662583697
luigi_14_f7219c381210_luigi/configuration.py_getboolean_0,luigi,14,f7219c38121098d464011a094156d99b5b320362,luigi/configuration.py:getboolean,luigi/configuration.py,getboolean,0,0.43553476956584203
luigi_14_f7219c381210_test/simulate_test.py_test_output_0,luigi,14,f7219c38121098d464011a094156d99b5b320362,test/simulate_test.py:test_output,test/simulate_test.py,test_output,0,0.30771365375247944
luigi_14_f7219c381210_luigi/contrib/dataproc.py_run_0,luigi,14,f7219c38121098d464011a094156d99b5b320362,luigi/contrib/dataproc.py:run,luigi/contrib/dataproc.py,run,0,0.27579792924632984
luigi_14_f7219c381210_test/contrib/hdfs/webhdfs_client_test.py_run_0,luigi,14,f7219c38121098d464011a094156d99b5b320362,test/contrib/hdfs/webhdfs_client_test.py:run,test/contrib/hdfs/webhdfs_client_test.py,run,0,0.28383160516568884
luigi_15_a822f55d4d7c_luigi/scheduler.py_get_necessary_tasks_1,luigi,15,a822f55d4d7c5adf5b9e3b64f23189d8305e9bf9,luigi/scheduler.py:get_necessary_tasks,luigi/scheduler.py,get_necessary_tasks,1,0.5028594846227933
luigi_15_a822f55d4d7c_test/contrib/hadoop_test.py_test_create_packages_archive_package_0,luigi,15,a822f55d4d7c5adf5b9e3b64f23189d8305e9bf9,test/contrib/hadoop_test.py:test_create_packages_archive_package,test/contrib/hadoop_test.py,test_create_packages_archive_package,0,0.3641188078336333
luigi_15_a822f55d4d7c_test/contrib/test_ssh.py_test_get_0,luigi,15,a822f55d4d7c5adf5b9e3b64f23189d8305e9bf9,test/contrib/test_ssh.py:test_get,test/contrib/test_ssh.py,test_get,0,0.25061213226166695
luigi_15_a822f55d4d7c_test/server_test.py_test_save_state_0,luigi,15,a822f55d4d7c5adf5b9e3b64f23189d8305e9bf9,test/server_test.py:test_save_state,test/server_test.py,test_save_state,0,0.31662780004918295
luigi_16_e38392a1381d_luigi/scheduler.py_prune_1,luigi,16,e38392a1381dd8daee0f180f0ac7f651edb88e0c,luigi/scheduler.py:prune,luigi/scheduler.py,prune,1,0.5203352569900693
luigi_16_e38392a1381d_test/instance_test.py_test_dep_0,luigi,16,e38392a1381dd8daee0f180f0ac7f651edb88e0c,test/instance_test.py:test_dep,test/instance_test.py,test_dep,0,0.2187709929068233
luigi_16_e38392a1381d_luigi/contrib/hadoop_jar.py_jar_0,luigi,16,e38392a1381dd8daee0f180f0ac7f651edb88e0c,luigi/contrib/hadoop_jar.py:jar,luigi/contrib/hadoop_jar.py,jar,0,0.24789321925680882
luigi_16_e38392a1381d_test/parameter_test.py_test_nonpositional_param_0,luigi,16,e38392a1381dd8daee0f180f0ac7f651edb88e0c,test/parameter_test.py:test_nonpositional_param,test/parameter_test.py,test_nonpositional_param,0,0.27706219113460534
luigi_17_c39922350cba_luigi/interface.py_create_local_scheduler_1,luigi,17,c39922350cba3a93c96c2ed223283bf8cf315a7d,luigi/interface.py:create_local_scheduler,luigi/interface.py,create_local_scheduler,1,0.31349526905679787
luigi_17_c39922350cba_test/contrib/esindex_test.py_setUpClass_0,luigi,17,c39922350cba3a93c96c2ed223283bf8cf315a7d,test/contrib/esindex_test.py:setUpClass,test/contrib/esindex_test.py,setUpClass,0,0.25539774309999574
luigi_17_c39922350cba_luigi/contrib/spark.py_archives_0,luigi,17,c39922350cba3a93c96c2ed223283bf8cf315a7d,luigi/contrib/spark.py:archives,luigi/contrib/spark.py,archives,0,0.3166509052048675
luigi_17_c39922350cba_examples/foo.py_run_0,luigi,17,c39922350cba3a93c96c2ed223283bf8cf315a7d,examples/foo.py:run,examples/foo.py,run,0,0.24264895955570503
luigi_18_6cffbf438d02_luigi/scheduler.py_set_status_1,luigi,18,6cffbf438d023441f7f42c2019a51c62eecd9018,luigi/scheduler.py:set_status,luigi/scheduler.py,set_status,1,0.7778929914524778
luigi_18_6cffbf438d02_luigi/util.py_task_wraps_0,luigi,18,6cffbf438d023441f7f42c2019a51c62eecd9018,luigi/util.py:task_wraps,luigi/util.py,task_wraps,0,0.25120262738627597
luigi_18_6cffbf438d02_test/parameter_test.py_test_use_config_class_with_configuration_0,luigi,18,6cffbf438d023441f7f42c2019a51c62eecd9018,test/parameter_test.py:test_use_config_class_with_configuration,test/parameter_test.py,test_use_config_class_with_configuration,0,0.267717384445205
luigi_18_6cffbf438d02_test/cmdline_test.py_test_direct_python_help_class_0,luigi,18,6cffbf438d023441f7f42c2019a51c62eecd9018,test/cmdline_test.py:test_direct_python_help_class,test/cmdline_test.py,test_direct_python_help_class,0,0.2658492162840729
luigi_19_3d2f75224c76_luigi/scheduler.py_set_status_1,luigi,19,3d2f75224c7649402927a5ef57558d8c3717cd94,luigi/scheduler.py:set_status,luigi/scheduler.py,set_status,1,0.7778944630132908
luigi_19_3d2f75224c76_luigi/contrib/webhdfs.py___init___0,luigi,19,3d2f75224c7649402927a5ef57558d8c3717cd94,luigi/contrib/webhdfs.py:__init__,luigi/contrib/webhdfs.py,__init__,0,0.3831315976324663
luigi_19_3d2f75224c76_luigi/task_history.py_task_finished_0,luigi,19,3d2f75224c7649402927a5ef57558d8c3717cd94,luigi/task_history.py:task_finished,luigi/task_history.py,task_finished,0,0.34135756612453316
luigi_19_3d2f75224c76_luigi/contrib/hive.py_table_location_0,luigi,19,3d2f75224c7649402927a5ef57558d8c3717cd94,luigi/contrib/hive.py:table_location,luigi/contrib/hive.py,table_location,0,0.6891388966305142
luigi_2_baa54c9f4f80_luigi/contrib/beam_dataflow.py___init___1,luigi,2,baa54c9f4f809692d62d4c3e4497161717c76550,luigi/contrib/beam_dataflow.py:__init__,luigi/contrib/beam_dataflow.py,__init__,1,0.34590704331474814
luigi_2_baa54c9f4f80_luigi/contrib/beam_dataflow.py_get_target_path_1,luigi,2,baa54c9f4f809692d62d4c3e4497161717c76550,luigi/contrib/beam_dataflow.py:get_target_path,luigi/contrib/beam_dataflow.py,get_target_path,1,0.433506160628373
luigi_2_baa54c9f4f80_test/scheduler_api_test.py_test_get_work_group_on_non_batch_params_0,luigi,2,baa54c9f4f809692d62d4c3e4497161717c76550,test/scheduler_api_test.py:test_get_work_group_on_non_batch_params,test/scheduler_api_test.py,test_get_work_group_on_non_batch_params,0,0.34014271501954524
luigi_2_baa54c9f4f80_luigi/worker.py__check_complete_value_0,luigi,2,baa54c9f4f809692d62d4c3e4497161717c76550,luigi/worker.py:_check_complete_value,luigi/worker.py,_check_complete_value,0,0.6785423366561766
luigi_2_baa54c9f4f80_luigi/task_register.py___new___0,luigi,2,baa54c9f4f809692d62d4c3e4497161717c76550,luigi/task_register.py:__new__,luigi/task_register.py,__new__,0,0.40386894586833955
luigi_2_baa54c9f4f80_test/snakebite_test.py_test_rename_trailing_slash_0,luigi,2,baa54c9f4f809692d62d4c3e4497161717c76550,test/snakebite_test.py:test_rename_trailing_slash,test/snakebite_test.py,test_rename_trailing_slash,0,0.2554192207129987
luigi_2_baa54c9f4f80_luigi/worker.py__forward_attributes_0,luigi,2,baa54c9f4f809692d62d4c3e4497161717c76550,luigi/worker.py:_forward_attributes,luigi/worker.py,_forward_attributes,0,0.6091153073575454
luigi_2_baa54c9f4f80_test/scheduler_api_test.py_test_collector_metrics_on_task_done_0,luigi,2,baa54c9f4f809692d62d4c3e4497161717c76550,test/scheduler_api_test.py:test_collector_metrics_on_task_done,test/scheduler_api_test.py,test_collector_metrics_on_task_done,0,0.32796854290763827
luigi_20_b958140c2ec8_luigi/task.py_to_str_params_1,luigi,20,b958140c2ec838e590a5be02dbac7414d5d0bf17,luigi/task.py:to_str_params,luigi/task.py,to_str_params,1,0.424181829061011
luigi_20_b958140c2ec8_test/decorator_test.py_test_forgot_subtasks_0,luigi,20,b958140c2ec838e590a5be02dbac7414d5d0bf17,test/decorator_test.py:test_forgot_subtasks,test/decorator_test.py,test_forgot_subtasks,0,0.27046531748615626
luigi_20_b958140c2ec8_luigi/contrib/hdfs/abstract_client.py_touchz_0,luigi,20,b958140c2ec838e590a5be02dbac7414d5d0bf17,luigi/contrib/hdfs/abstract_client.py:touchz,luigi/contrib/hdfs/abstract_client.py,touchz,0,0.2874894529619041
luigi_20_b958140c2ec8_luigi/format.py___iter___0,luigi,20,b958140c2ec838e590a5be02dbac7414d5d0bf17,luigi/format.py:__iter__,luigi/format.py,__iter__,0,0.35251659942191443
luigi_21_b7768da96357_luigi/interface.py_run_1,luigi,21,b7768da963570bd2223d97c1035f811c2eaf30b4,luigi/interface.py:run,luigi/interface.py,run,1,0.6713567975027801
luigi_21_b7768da96357_test/worker_parallel_scheduling_test.py_test_multiprocess_scheduling_with_overlapping_dependencies_0,luigi,21,b7768da963570bd2223d97c1035f811c2eaf30b4,test/worker_parallel_scheduling_test.py:test_multiprocess_scheduling_with_overlapping_dependencies,test/worker_parallel_scheduling_test.py,test_multiprocess_scheduling_with_overlapping_dependencies,0,0.22122617449471257
luigi_21_b7768da96357_test/contrib/spark_test.py_job_class_0,luigi,21,b7768da963570bd2223d97c1035f811c2eaf30b4,test/contrib/spark_test.py:job_class,test/contrib/spark_test.py,job_class,0,0.2749817885878277
luigi_21_b7768da96357_luigi/six.py_byte2int_0,luigi,21,b7768da963570bd2223d97c1035f811c2eaf30b4,luigi/six.py:byte2int,luigi/six.py,byte2int,0,0.2614495409808076
luigi_22_9c4c47ae4495_luigi/scheduler.py___init___1,luigi,22,9c4c47ae449593c55fb67ce51115d0be1fecb163,luigi/scheduler.py:__init__,luigi/scheduler.py,__init__,1,0.7346711223794982
luigi_22_9c4c47ae4495_test/parameter_test.py_test_forgot_param_0,luigi,22,9c4c47ae449593c55fb67ce51115d0be1fecb163,test/parameter_test.py:test_forgot_param,test/parameter_test.py,test_forgot_param,0,0.28723493909480546
luigi_22_9c4c47ae4495_luigi/postgres.py_map_column_0,luigi,22,9c4c47ae449593c55fb67ce51115d0be1fecb163,luigi/postgres.py:map_column,luigi/postgres.py,map_column,0,0.6106924030794733
luigi_22_9c4c47ae4495_test/central_planner_test.py_test_disconnect_running_0,luigi,22,9c4c47ae449593c55fb67ce51115d0be1fecb163,test/central_planner_test.py:test_disconnect_running,test/central_planner_test.py,test_disconnect_running,0,0.3771009659788431
luigi_23_c707253572de_luigi/scheduler.py_get_work_1,luigi,23,c707253572deb795a900c3e07d21eee591a55fca,luigi/scheduler.py:get_work,luigi/scheduler.py,get_work,1,0.9076814098664983
luigi_23_c707253572de_luigi/scheduler.py___init___1,luigi,23,c707253572deb795a900c3e07d21eee591a55fca,luigi/scheduler.py:__init__,luigi/scheduler.py,__init__,1,0.7346693532681262
luigi_23_c707253572de_luigi/interface.py_create_local_scheduler_1,luigi,23,c707253572deb795a900c3e07d21eee591a55fca,luigi/interface.py:create_local_scheduler,luigi/interface.py,create_local_scheduler,1,0.30665214594735946
luigi_23_c707253572de_test/instance_wrap_test.py_output_0,luigi,23,c707253572deb795a900c3e07d21eee591a55fca,test/instance_wrap_test.py:output,test/instance_wrap_test.py,output,0,0.2479630340323798
luigi_23_c707253572de_luigi/contrib/hadoop.py_run_mapper_0,luigi,23,c707253572deb795a900c3e07d21eee591a55fca,luigi/contrib/hadoop.py:run_mapper,luigi/contrib/hadoop.py,run_mapper,0,0.6795848686070529
luigi_23_c707253572de_luigi/parameter.py_has_value_0,luigi,23,c707253572deb795a900c3e07d21eee591a55fca,luigi/parameter.py:has_value,luigi/parameter.py,has_value,0,0.2712618478379223
luigi_23_c707253572de_luigi/format.py___exit___0,luigi,23,c707253572deb795a900c3e07d21eee591a55fca,luigi/format.py:__exit__,luigi/format.py,__exit__,0,0.5775242962701569
luigi_23_c707253572de_luigi/contrib/spark.py_py_files_0,luigi,23,c707253572deb795a900c3e07d21eee591a55fca,luigi/contrib/spark.py:py_files,luigi/contrib/spark.py,py_files,0,0.35251963679484877
luigi_23_c707253572de_luigi/tools/range.py_infer_bulk_complete_from_fs_0,luigi,23,c707253572deb795a900c3e07d21eee591a55fca,luigi/tools/range.py:infer_bulk_complete_from_fs,luigi/tools/range.py,infer_bulk_complete_from_fs,0,0.5735795768864199
luigi_23_c707253572de_luigi/process.py_write_pid_0,luigi,23,c707253572deb795a900c3e07d21eee591a55fca,luigi/process.py:write_pid,luigi/process.py,write_pid,0,0.3201009971451885
luigi_23_c707253572de_luigi/contrib/spark.py_run_0,luigi,23,c707253572deb795a900c3e07d21eee591a55fca,luigi/contrib/spark.py:run,luigi/contrib/spark.py,run,0,0.5232702526853964
luigi_23_c707253572de_luigi/scheduler.py_re_enable_0,luigi,23,c707253572deb795a900c3e07d21eee591a55fca,luigi/scheduler.py:re_enable,luigi/scheduler.py,re_enable,0,0.5458005732372344
luigi_24_572fce617a3b_luigi/contrib/spark.py__dict_arg_1,luigi,24,572fce617a3b8133983cdee2b2cc336a65af5abe,luigi/contrib/spark.py:_dict_arg,luigi/contrib/spark.py,_dict_arg,1,0.6622533571211645
luigi_24_572fce617a3b_test/parameter_test.py_testNoSection_0,luigi,24,572fce617a3b8133983cdee2b2cc336a65af5abe,test/parameter_test.py:testNoSection,test/parameter_test.py,testNoSection,0,0.2841295424674718
luigi_24_572fce617a3b_luigi/tools/range.py_datetime_to_parameter_0,luigi,24,572fce617a3b8133983cdee2b2cc336a65af5abe,luigi/tools/range.py:datetime_to_parameter,luigi/tools/range.py,datetime_to_parameter,0,0.3349707470603657
luigi_24_572fce617a3b_test/worker_parallel_scheduling_test.py_test_multiprocess_scheduling_with_overlapping_dependencies_0,luigi,24,572fce617a3b8133983cdee2b2cc336a65af5abe,test/worker_parallel_scheduling_test.py:test_multiprocess_scheduling_with_overlapping_dependencies,test/worker_parallel_scheduling_test.py,test_multiprocess_scheduling_with_overlapping_dependencies,0,0.2212355218994534
luigi_25_d7ec31609c88_luigi/contrib/redshift.py_run_1,luigi,25,d7ec31609c88503391d12d65b6037f397feff816,luigi/contrib/redshift.py:run,luigi/contrib/redshift.py,run,1,0.4286793794005812
luigi_25_d7ec31609c88_test/parameter_test.py_test_x_arg_override_stupid_0,luigi,25,d7ec31609c88503391d12d65b6037f397feff816,test/parameter_test.py:test_x_arg_override_stupid,test/parameter_test.py,test_x_arg_override_stupid,0,0.29645875505063013
luigi_25_d7ec31609c88_luigi/contrib/ftp.py_remove_0,luigi,25,d7ec31609c88503391d12d65b6037f397feff816,luigi/contrib/ftp.py:remove,luigi/contrib/ftp.py,remove,0,0.577755281877963
luigi_25_d7ec31609c88_test/parameter_test.py_testInt_0,luigi,25,d7ec31609c88503391d12d65b6037f397feff816,test/parameter_test.py:testInt,test/parameter_test.py,testInt,0,0.2833771003123894
luigi_26_ed351ca3c3ba_luigi/contrib/hadoop_jar.py_run_job_1,luigi,26,ed351ca3c3baf3657de584db08dfe0414fa000a3,luigi/contrib/hadoop_jar.py:run_job,luigi/contrib/hadoop_jar.py,run_job,1,0.4294605507564581
luigi_26_ed351ca3c3ba_test/parameter_test.py_output_0,luigi,26,ed351ca3c3baf3657de584db08dfe0414fa000a3,test/parameter_test.py:output,test/parameter_test.py,output,0,0.3053755440964681
luigi_26_ed351ca3c3ba_luigi/contrib/spark.py_files_0,luigi,26,ed351ca3c3baf3657de584db08dfe0414fa000a3,luigi/contrib/spark.py:files,luigi/contrib/spark.py,files,0,0.35256545405987905
luigi_26_ed351ca3c3ba_luigi/tools/range.py_moving_stop_0,luigi,26,ed351ca3c3baf3657de584db08dfe0414fa000a3,luigi/tools/range.py:moving_stop,luigi/tools/range.py,moving_stop,0,0.34022049582436054
luigi_27_69dfec33dc7c_luigi/parameter.py_parse_from_input_1,luigi,27,69dfec33dc7c34d551ddc71742fa9c847295b01f,luigi/parameter.py:parse_from_input,luigi/parameter.py,parse_from_input,1,0.7623671520537544
luigi_27_69dfec33dc7c_luigi/parameter.py_set_global_from_args_1,luigi,27,69dfec33dc7c34d551ddc71742fa9c847295b01f,luigi/parameter.py:set_global_from_args,luigi/parameter.py,set_global_from_args,1,0.7196191748799704
luigi_27_69dfec33dc7c_luigi/parameter.py_add_to_cmdline_parser_1,luigi,27,69dfec33dc7c34d551ddc71742fa9c847295b01f,luigi/parameter.py:add_to_cmdline_parser,luigi/parameter.py,add_to_cmdline_parser,1,0.8059893863126473
luigi_27_69dfec33dc7c_luigi/parameter.py_parse_from_args_1,luigi,27,69dfec33dc7c34d551ddc71742fa9c847295b01f,luigi/parameter.py:parse_from_args,luigi/parameter.py,parse_from_args,1,0.6300243037301304
luigi_27_69dfec33dc7c_luigi/postgres.py__replacer_0,luigi,27,69dfec33dc7c34d551ddc71742fa9c847295b01f,luigi/postgres.py:_replacer,luigi/postgres.py,_replacer,0,0.3329386449458158
luigi_27_69dfec33dc7c_luigi/contrib/hadoop.py_writer_0,luigi,27,69dfec33dc7c34d551ddc71742fa9c847295b01f,luigi/contrib/hadoop.py:writer,luigi/contrib/hadoop.py,writer,0,0.8350617276897732
luigi_27_69dfec33dc7c_luigi/contrib/hdfs/format.py___init___0,luigi,27,69dfec33dc7c34d551ddc71742fa9c847295b01f,luigi/contrib/hdfs/format.py:__init__,luigi/contrib/hdfs/format.py,__init__,0,0.35379620382318494
luigi_27_69dfec33dc7c_luigi/contrib/hadoop.py_fetch_task_failures_0,luigi,27,69dfec33dc7c34d551ddc71742fa9c847295b01f,luigi/contrib/hadoop.py:fetch_task_failures,luigi/contrib/hadoop.py,fetch_task_failures,0,0.566411650459194
luigi_27_69dfec33dc7c_test/contrib/cascading_test.py_test_successes_0,luigi,27,69dfec33dc7c34d551ddc71742fa9c847295b01f,test/contrib/cascading_test.py:test_successes,test/contrib/cascading_test.py,test_successes,0,0.22157520348248363
luigi_27_69dfec33dc7c_test/priority_test.py_complete_0,luigi,27,69dfec33dc7c34d551ddc71742fa9c847295b01f,test/priority_test.py:complete,test/priority_test.py,complete,0,0.23170759735130264
luigi_27_69dfec33dc7c_test/bin_test.py_run_server_0,luigi,27,69dfec33dc7c34d551ddc71742fa9c847295b01f,test/bin_test.py:run_server,test/bin_test.py,run_server,0,0.22862959676958272
luigi_27_69dfec33dc7c_luigi/contrib/spark.py_track_progress_0,luigi,27,69dfec33dc7c34d551ddc71742fa9c847295b01f,luigi/contrib/spark.py:track_progress,luigi/contrib/spark.py,track_progress,0,0.6326489771186758
luigi_27_69dfec33dc7c_test/esindex_test.py_setUpClass_0,luigi,27,69dfec33dc7c34d551ddc71742fa9c847295b01f,test/esindex_test.py:setUpClass,test/esindex_test.py,setUpClass,0,0.25554627098897925
luigi_27_69dfec33dc7c_luigi/interface.py_parse_0,luigi,27,69dfec33dc7c34d551ddc71742fa9c847295b01f,luigi/interface.py:parse,luigi/interface.py,parse,0,0.5484387551134298
luigi_27_69dfec33dc7c_luigi/contrib/ssh.py__prepare_cmd_0,luigi,27,69dfec33dc7c34d551ddc71742fa9c847295b01f,luigi/contrib/ssh.py:_prepare_cmd,luigi/contrib/ssh.py,_prepare_cmd,0,0.4074927481259246
luigi_27_69dfec33dc7c_luigi/deprecate_kwarg.py_deprecate_kwarg_0,luigi,27,69dfec33dc7c34d551ddc71742fa9c847295b01f,luigi/deprecate_kwarg.py:deprecate_kwarg,luigi/deprecate_kwarg.py,deprecate_kwarg,0,0.407228749544364
luigi_28_e37cb0ea1d97_luigi/contrib/hive.py_table_exists_1,luigi,28,e37cb0ea1d97e6340840128a68c8d59bd05c28c3,luigi/contrib/hive.py:table_exists,luigi/contrib/hive.py,table_exists,1,0.7139523270828991
luigi_28_e37cb0ea1d97_test/esindex_test.py_setUp_0,luigi,28,e37cb0ea1d97e6340840128a68c8d59bd05c28c3,test/esindex_test.py:setUp,test/esindex_test.py,setUp,0,0.2601772021914798
luigi_28_e37cb0ea1d97_test/range_test.py_output_0,luigi,28,e37cb0ea1d97e6340840128a68c8d59bd05c28c3,test/range_test.py:output,test/range_test.py,output,0,0.25389561304033675
luigi_28_e37cb0ea1d97_test/central_planner_test.py_test_failed_dep_0,luigi,28,e37cb0ea1d97e6340840128a68c8d59bd05c28c3,test/central_planner_test.py:test_failed_dep,test/central_planner_test.py,test_failed_dep,0,0.20955088256778062
luigi_29_07efdd913696_luigi/task_register.py___get_reg_1,luigi,29,07efdd9136966ffe143ea57e15b1a57b5698fd5a,luigi/task_register.py:__get_reg,luigi/task_register.py,__get_reg,1,0.38968752193487655
luigi_29_07efdd913696_luigi/hadoop_jar.py___init___0,luigi,29,07efdd9136966ffe143ea57e15b1a57b5698fd5a,luigi/hadoop_jar.py:__init__,luigi/hadoop_jar.py,__init__,0,0.23906686257358947
luigi_29_07efdd913696_luigi/contrib/rdbms.py_update_id_0,luigi,29,07efdd9136966ffe143ea57e15b1a57b5698fd5a,luigi/contrib/rdbms.py:update_id,luigi/contrib/rdbms.py,update_id,0,0.23678367374893441
luigi_29_07efdd913696_test/esindex_test.py_delete_0,luigi,29,07efdd9136966ffe143ea57e15b1a57b5698fd5a,test/esindex_test.py:delete,test/esindex_test.py,delete,0,0.26821005665069575
luigi_3_a0f1db01ddab_luigi/parameter.py_parse_1,luigi,3,a0f1db01ddab5b4b2bda3fbe58bad09a6d94a7b4,luigi/parameter.py:parse,luigi/parameter.py,parse,1,0.41636987063104225
luigi_3_a0f1db01ddab_luigi/contrib/azureblob.py_remove_0,luigi,3,a0f1db01ddab5b4b2bda3fbe58bad09a6d94a7b4,luigi/contrib/azureblob.py:remove,luigi/contrib/azureblob.py,remove,0,0.5490712073126184
luigi_3_a0f1db01ddab_test/scheduler_api_test.py_test_last_updated_does_not_change_with_same_status_update_0,luigi,3,a0f1db01ddab5b4b2bda3fbe58bad09a6d94a7b4,test/scheduler_api_test.py:test_last_updated_does_not_change_with_same_status_update,test/scheduler_api_test.py,test_last_updated_does_not_change_with_same_status_update,0,0.3502931658070698
luigi_3_a0f1db01ddab_test/decorator_test.py_setUp_0,luigi,3,a0f1db01ddab5b4b2bda3fbe58bad09a6d94a7b4,test/decorator_test.py:setUp,test/decorator_test.py,setUp,0,0.25220994234121225
luigi_30_97fa4afea374_luigi/worker.py_run_1,luigi,30,97fa4afea3748f0d714482d2c97990bb467bc9d1,luigi/worker.py:run,luigi/worker.py,run,1,0.7318632052343313
luigi_30_97fa4afea374_test/range_test.py__empty_subcase_0,luigi,30,97fa4afea3748f0d714482d2c97990bb467bc9d1,test/range_test.py:_empty_subcase,test/range_test.py,_empty_subcase,0,0.3518075416722387
luigi_30_97fa4afea374_test/worker_test.py_run_0,luigi,30,97fa4afea3748f0d714482d2c97990bb467bc9d1,test/worker_test.py:run,test/worker_test.py,run,0,0.40760659191522675
luigi_30_97fa4afea374_luigi/six.py__resolve_0,luigi,30,97fa4afea3748f0d714482d2c97990bb467bc9d1,luigi/six.py:_resolve,luigi/six.py,_resolve,0,0.2662347919947866
luigi_31_554850f32784_luigi/scheduler.py_get_work_1,luigi,31,554850f32784537796383db5ee188d0455863ca9,luigi/scheduler.py:get_work,luigi/scheduler.py,get_work,1,0.9297685744010293
luigi_31_554850f32784_test/central_planner_test.py_get_scheduler_config_0,luigi,31,554850f32784537796383db5ee188d0455863ca9,test/central_planner_test.py:get_scheduler_config,test/central_planner_test.py,get_scheduler_config,0,0.23387935700404247
luigi_31_554850f32784_luigi/server.py_get_0,luigi,31,554850f32784537796383db5ee188d0455863ca9,luigi/server.py:get,luigi/server.py,get,0,0.36060158491845773
luigi_31_554850f32784_luigi/contrib/ssh.py_tmp_path_0,luigi,31,554850f32784537796383db5ee188d0455863ca9,luigi/contrib/ssh.py:tmp_path,luigi/contrib/ssh.py,tmp_path,0,0.25682519919203417
luigi_33_a7c0662eab78_luigi/task.py_get_param_values_1,luigi,33,a7c0662eab78fd226fd7ef6b4461d7199336cbb1,luigi/task.py:get_param_values,luigi/task.py,get_param_values,1,0.6890357812890041
luigi_33_a7c0662eab78_test/scheduler_visualisation_test.py_test_task_list_single_0,luigi,33,a7c0662eab78fd226fd7ef6b4461d7199336cbb1,test/scheduler_visualisation_test.py:test_task_list_single,test/scheduler_visualisation_test.py,test_task_list_single,0,0.24655636994536614
luigi_33_a7c0662eab78_test/decorator_test.py_run_0,luigi,33,a7c0662eab78fd226fd7ef6b4461d7199336cbb1,test/decorator_test.py:run,test/decorator_test.py,run,0,0.2851271806129969
luigi_33_a7c0662eab78_test/date_interval_test.py_test_parameter_parse_and_default_0,luigi,33,a7c0662eab78fd226fd7ef6b4461d7199336cbb1,test/date_interval_test.py:test_parameter_parse_and_default,test/date_interval_test.py,test_parameter_parse_and_default,0,0.18030895482153692
luigi_4_ffa51b50103a_luigi/contrib/redshift.py_copy_1,luigi,4,ffa51b50103a3adaf3c4d0569fdb037a7ba01e8e,luigi/contrib/redshift.py:copy,luigi/contrib/redshift.py,copy,1,0.3913570323338879
luigi_4_ffa51b50103a_luigi/contrib/hive.py_load_hive_cmd_0,luigi,4,ffa51b50103a3adaf3c4d0569fdb037a7ba01e8e,luigi/contrib/hive.py:load_hive_cmd,luigi/contrib/hive.py,load_hive_cmd,0,0.25926796736616564
luigi_4_ffa51b50103a_test/worker_test.py_test_with_dynamic_dependencies_with_multiple_workers_0,luigi,4,ffa51b50103a3adaf3c4d0569fdb037a7ba01e8e,test/worker_test.py:test_with_dynamic_dependencies_with_multiple_workers,test/worker_test.py,test_with_dynamic_dependencies_with_multiple_workers,0,0.4517241662430819
luigi_4_ffa51b50103a_test/retcodes_test.py_test_validate_dependency_error_0,luigi,4,ffa51b50103a3adaf3c4d0569fdb037a7ba01e8e,test/retcodes_test.py:test_validate_dependency_error,test/retcodes_test.py,test_validate_dependency_error,0,0.23552735983477277
luigi_5_45b5711d1900_luigi/util.py___call___1,luigi,5,45b5711d1900184ccd66c65216d28c0d69d10d4a,luigi/util.py:__call__,luigi/util.py,__call__,1,0.3600317300803164
luigi_5_45b5711d1900_test/cmdline_test.py_test_bin_luigi_0,luigi,5,45b5711d1900184ccd66c65216d28c0d69d10d4a,test/cmdline_test.py:test_bin_luigi,test/cmdline_test.py,test_bin_luigi,0,0.27275528937342325
luigi_5_45b5711d1900_test/rpc_test.py_test_retry_rpc_limited_0,luigi,5,45b5711d1900184ccd66c65216d28c0d69d10d4a,test/rpc_test.py:test_retry_rpc_limited,test/rpc_test.py,test_retry_rpc_limited,0,0.27663452921774717
luigi_5_45b5711d1900_luigi/tools/range.py__emit_metrics_0,luigi,5,45b5711d1900184ccd66c65216d28c0d69d10d4a,luigi/tools/range.py:_emit_metrics,luigi/tools/range.py,_emit_metrics,0,0.47315571292736847
luigi_5_45b5711d1900_luigi/contrib/ssh.py___init___0,luigi,5,45b5711d1900184ccd66c65216d28c0d69d10d4a,luigi/contrib/ssh.py:__init__,luigi/contrib/ssh.py,__init__,0,0.47602637794011243
luigi_5_45b5711d1900_luigi/contrib/esindex.py_index_0,luigi,5,45b5711d1900184ccd66c65216d28c0d69d10d4a,luigi/contrib/esindex.py:index,luigi/contrib/esindex.py,index,0,0.27731207060782725
luigi_5_45b5711d1900_luigi/server.py_initialize_0,luigi,5,45b5711d1900184ccd66c65216d28c0d69d10d4a,luigi/server.py:initialize,luigi/server.py,initialize,0,0.3493770039160786
luigi_5_45b5711d1900_test/notifications_test.py_test_fail_schedule_html_0,luigi,5,45b5711d1900184ccd66c65216d28c0d69d10d4a,test/notifications_test.py:test_fail_schedule_html,test/notifications_test.py,test_fail_schedule_html,0,0.30380861776328066
luigi_5_45b5711d1900_test/local_target_test.py_test_gzip_with_module_0,luigi,5,45b5711d1900184ccd66c65216d28c0d69d10d4a,test/local_target_test.py:test_gzip_with_module,test/local_target_test.py,test_gzip_with_module,0,0.26730421432128454
luigi_5_45b5711d1900_luigi/parameter.py_parse_0,luigi,5,45b5711d1900184ccd66c65216d28c0d69d10d4a,luigi/parameter.py:parse,luigi/parameter.py,parse,0,0.39964490074460146
luigi_6_d9667b7c8ce7_luigi/parameter.py_default_1,luigi,6,d9667b7c8ce75f17efa383e8f64e27e5852e6f89,luigi/parameter.py:default,luigi/parameter.py,default,1,0.4873942217704772
luigi_6_d9667b7c8ce7_luigi/parameter.py_normalize_1,luigi,6,d9667b7c8ce75f17efa383e8f64e27e5852e6f89,luigi/parameter.py:normalize,luigi/parameter.py,normalize,1,0.3923399718241027
luigi_6_d9667b7c8ce7_luigi/parameter.py_parse_1,luigi,6,d9667b7c8ce75f17efa383e8f64e27e5852e6f89,luigi/parameter.py:parse,luigi/parameter.py,parse,1,0.4830610834906509
luigi_6_d9667b7c8ce7_luigi/parameter.py__recursively_freeze_1,luigi,6,d9667b7c8ce75f17efa383e8f64e27e5852e6f89,luigi/parameter.py:_recursively_freeze,luigi/parameter.py,_recursively_freeze,1,0.4997531831261973
luigi_6_d9667b7c8ce7_luigi/parameter.py_serialize_1,luigi,6,d9667b7c8ce75f17efa383e8f64e27e5852e6f89,luigi/parameter.py:serialize,luigi/parameter.py,serialize,1,0.3788612849858074
luigi_6_d9667b7c8ce7_test/contrib/gcs_test.py_test_download_0,luigi,6,d9667b7c8ce75f17efa383e8f64e27e5852e6f89,test/contrib/gcs_test.py:test_download,test/contrib/gcs_test.py,test_download,0,0.258012795803409
luigi_6_d9667b7c8ce7_luigi/db_task_history.py__get_task_0,luigi,6,d9667b7c8ce75f17efa383e8f64e27e5852e6f89,luigi/db_task_history.py:_get_task,luigi/db_task_history.py,_get_task,0,0.6601784078417547
luigi_6_d9667b7c8ce7_luigi/scheduler.py_get_state_0,luigi,6,d9667b7c8ce75f17efa383e8f64e27e5852e6f89,luigi/scheduler.py:get_state,luigi/scheduler.py,get_state,0,0.3506396749187986
luigi_6_d9667b7c8ce7_luigi/task.py_task_id_str_0,luigi,6,d9667b7c8ce75f17efa383e8f64e27e5852e6f89,luigi/task.py:task_id_str,luigi/task.py,task_id_str,0,0.3286836348366299
luigi_6_d9667b7c8ce7_test/scheduler_visualisation_test.py_test_task_list_single_0,luigi,6,d9667b7c8ce75f17efa383e8f64e27e5852e6f89,test/scheduler_visualisation_test.py:test_task_list_single,test/scheduler_visualisation_test.py,test_task_list_single,0,0.25080392182825295
luigi_6_d9667b7c8ce7_luigi/task.py_output_0,luigi,6,d9667b7c8ce75f17efa383e8f64e27e5852e6f89,luigi/task.py:output,luigi/task.py,output,0,0.2818647187511865
luigi_6_d9667b7c8ce7_test/contrib/hdfs_test.py_test_listdir_base_list_files_only_0,luigi,6,d9667b7c8ce75f17efa383e8f64e27e5852e6f89,test/contrib/hdfs_test.py:test_listdir_base_list_files_only,test/contrib/hdfs_test.py,test_listdir_base_list_files_only,0,0.33236405390929774
luigi_6_d9667b7c8ce7_test/worker_multiprocess_test.py_complete_0,luigi,6,d9667b7c8ce75f17efa383e8f64e27e5852e6f89,test/worker_multiprocess_test.py:complete,test/worker_multiprocess_test.py,complete,0,0.25509004734536855
luigi_6_d9667b7c8ce7_test/customized_run_test.py___init___0,luigi,6,d9667b7c8ce75f17efa383e8f64e27e5852e6f89,test/customized_run_test.py:__init__,test/customized_run_test.py,__init__,0,0.3736399630358421
luigi_6_d9667b7c8ce7_test/scheduler_api_test.py_test_change_resources_on_running_task_0,luigi,6,d9667b7c8ce75f17efa383e8f64e27e5852e6f89,test/scheduler_api_test.py:test_change_resources_on_running_task,test/scheduler_api_test.py,test_change_resources_on_running_task,0,0.23610452746593813
luigi_6_d9667b7c8ce7_luigi/format.py___enter___0,luigi,6,d9667b7c8ce75f17efa383e8f64e27e5852e6f89,luigi/format.py:__enter__,luigi/format.py,__enter__,0,0.26673810440228457
luigi_6_d9667b7c8ce7_luigi/tools/range.py_finite_datetimes_0,luigi,6,d9667b7c8ce75f17efa383e8f64e27e5852e6f89,luigi/tools/range.py:finite_datetimes,luigi/tools/range.py,finite_datetimes,0,0.4113568333789699
luigi_6_d9667b7c8ce7_luigi/tools/luigi_grep.py_graph_url_0,luigi,6,d9667b7c8ce75f17efa383e8f64e27e5852e6f89,luigi/tools/luigi_grep.py:graph_url,luigi/tools/luigi_grep.py,graph_url,0,0.24308298624842592
luigi_6_d9667b7c8ce7_test/scheduler_api_test.py_test_do_not_allow_stowaway_resources_0,luigi,6,d9667b7c8ce75f17efa383e8f64e27e5852e6f89,test/scheduler_api_test.py:test_do_not_allow_stowaway_resources,test/scheduler_api_test.py,test_do_not_allow_stowaway_resources,0,0.24096346596292909
luigi_6_d9667b7c8ce7_test/helpers.py_complete_0,luigi,6,d9667b7c8ce75f17efa383e8f64e27e5852e6f89,test/helpers.py:complete,test/helpers.py,complete,0,0.29499980531843906
luigi_7_dd1f2ce0061e_luigi/scheduler.py_add_task_1,luigi,7,dd1f2ce0061e7787166522a3c75339ba4755dd2c,luigi/scheduler.py:add_task,luigi/scheduler.py,add_task,1,0.9975180340272628
luigi_7_dd1f2ce0061e_test/parameter_test.py_test_use_config_class_more_args_0,luigi,7,dd1f2ce0061e7787166522a3c75339ba4755dd2c,test/parameter_test.py:test_use_config_class_more_args,test/parameter_test.py,test_use_config_class_more_args,0,0.28034581343178466
luigi_7_dd1f2ce0061e_luigi/contrib/hadoop_jar.py_main_0,luigi,7,dd1f2ce0061e7787166522a3c75339ba4755dd2c,luigi/contrib/hadoop_jar.py:main,luigi/contrib/hadoop_jar.py,main,0,0.253759482667974
luigi_7_dd1f2ce0061e_test/range_test.py_test_start_long_before_long_days_back_and_with_long_days_forward_0,luigi,7,dd1f2ce0061e7787166522a3c75339ba4755dd2c,test/range_test.py:test_start_long_before_long_days_back_and_with_long_days_forward,test/range_test.py,test_start_long_before_long_days_back_and_with_long_days_forward,0,0.2322040604108467
luigi_8_61ee32e99689_luigi/contrib/redshift.py_does_table_exist_1,luigi,8,61ee32e9968978c32be12a6af0affa3a5750e87e,luigi/contrib/redshift.py:does_table_exist,luigi/contrib/redshift.py,does_table_exist,1,0.40526732990559783
luigi_8_61ee32e99689_examples/per_task_retry_policy.py_run_0,luigi,8,61ee32e9968978c32be12a6af0affa3a5750e87e,examples/per_task_retry_policy.py:run,examples/per_task_retry_policy.py,run,0,0.21902835470072432
luigi_8_61ee32e99689_test/worker_external_task_test.py_test_external_dependency_worker_is_patient_0,luigi,8,61ee32e9968978c32be12a6af0affa3a5750e87e,test/worker_external_task_test.py:test_external_dependency_worker_is_patient,test/worker_external_task_test.py,test_external_dependency_worker_is_patient,0,0.338874614079856
luigi_8_61ee32e99689_test/worker_test.py_test_timeout_handler_0,luigi,8,61ee32e9968978c32be12a6af0affa3a5750e87e,test/worker_test.py:test_timeout_handler,test/worker_test.py,test_timeout_handler,0,0.39457276913083805
luigi_9_f7e0b7710fd8_luigi/execution_summary.py__summary_format_1,luigi,9,f7e0b7710fd8b12f27625b1efb62a8fde6e206c4,luigi/execution_summary.py:_summary_format,luigi/execution_summary.py,_summary_format,1,0.6114304133593809
luigi_9_f7e0b7710fd8_luigi/execution_summary.py__depth_first_search_1,luigi,9,f7e0b7710fd8b12f27625b1efb62a8fde6e206c4,luigi/execution_summary.py:_depth_first_search,luigi/execution_summary.py,_depth_first_search,1,0.6034851463161547
luigi_9_f7e0b7710fd8_luigi/execution_summary.py__partition_tasks_1,luigi,9,f7e0b7710fd8b12f27625b1efb62a8fde6e206c4,luigi/execution_summary.py:_partition_tasks,luigi/execution_summary.py,_partition_tasks,1,0.2153218370668587
luigi_9_f7e0b7710fd8_luigi/s3.py_copy_0,luigi,9,f7e0b7710fd8b12f27625b1efb62a8fde6e206c4,luigi/s3.py:copy,luigi/s3.py,copy,0,0.9108693684990634
luigi_9_f7e0b7710fd8_test/worker_parallel_scheduling_test.py_test_raise_exception_in_requires_0,luigi,9,f7e0b7710fd8b12f27625b1efb62a8fde6e206c4,test/worker_parallel_scheduling_test.py:test_raise_exception_in_requires,test/worker_parallel_scheduling_test.py,test_raise_exception_in_requires,0,0.3244503261229042
luigi_9_f7e0b7710fd8_test/range_test.py_output_0,luigi,9,f7e0b7710fd8b12f27625b1efb62a8fde6e206c4,test/range_test.py:output,test/range_test.py,output,0,0.2536427078822338
luigi_9_f7e0b7710fd8_test/contrib/hadoop_jar_test.py_jar_0,luigi,9,f7e0b7710fd8b12f27625b1efb62a8fde6e206c4,test/contrib/hadoop_jar_test.py:jar,test/contrib/hadoop_jar_test.py,jar,0,0.25047560896435006
luigi_9_f7e0b7710fd8_luigi/contrib/hive.py_hiveconfs_0,luigi,9,f7e0b7710fd8b12f27625b1efb62a8fde6e206c4,luigi/contrib/hive.py:hiveconfs,luigi/contrib/hive.py,hiveconfs,0,0.5811408595344908
luigi_9_f7e0b7710fd8_test/contrib/hadoop_test.py___init___0,luigi,9,f7e0b7710fd8b12f27625b1efb62a8fde6e206c4,test/contrib/hadoop_test.py:__init__,test/contrib/hadoop_test.py,__init__,0,0.42293460102369224
luigi_9_f7e0b7710fd8_test/snakebite_test.py_setUp_0,luigi,9,f7e0b7710fd8b12f27625b1efb62a8fde6e206c4,test/snakebite_test.py:setUp,test/snakebite_test.py,setUp,0,0.2590733031826819
luigi_9_f7e0b7710fd8_luigi/contrib/ssh.py_fs_0,luigi,9,f7e0b7710fd8b12f27625b1efb62a8fde6e206c4,luigi/contrib/ssh.py:fs,luigi/contrib/ssh.py,fs,0,0.2690053054577311
luigi_9_f7e0b7710fd8_luigi/rpc.py___init___0,luigi,9,f7e0b7710fd8b12f27625b1efb62a8fde6e206c4,luigi/rpc.py:__init__,luigi/rpc.py,__init__,0,0.47975561560090363
matplotlib_1_c404d1f716e8_lib/matplotlib/backend_bases.py__get_renderer_1,matplotlib,1,c404d1f716e8aaefd4d7371ff49673e9c1f7f07c,lib/matplotlib/backend_bases.py:_get_renderer,lib/matplotlib/backend_bases.py,_get_renderer,1,0.7676696650924059
matplotlib_1_c404d1f716e8_lib/matplotlib/figure.py_tight_layout_1,matplotlib,1,c404d1f716e8aaefd4d7371ff49673e9c1f7f07c,lib/matplotlib/figure.py:tight_layout,lib/matplotlib/figure.py,tight_layout,1,0.765761603586064
matplotlib_1_c404d1f716e8_lib/matplotlib/tight_layout.py_get_renderer_1,matplotlib,1,c404d1f716e8aaefd4d7371ff49673e9c1f7f07c,lib/matplotlib/tight_layout.py:get_renderer,lib/matplotlib/tight_layout.py,get_renderer,1,0.42608487209430973
matplotlib_1_c404d1f716e8_lib/matplotlib/backend_bases.py_print_figure_1,matplotlib,1,c404d1f716e8aaefd4d7371ff49673e9c1f7f07c,lib/matplotlib/backend_bases.py:print_figure,lib/matplotlib/backend_bases.py,print_figure,1,0.9779099131503664
matplotlib_1_c404d1f716e8_lib/matplotlib/backends/backend_pdf.py_finalize_0,matplotlib,1,c404d1f716e8aaefd4d7371ff49673e9c1f7f07c,lib/matplotlib/backends/backend_pdf.py:finalize,lib/matplotlib/backends/backend_pdf.py,finalize,0,0.7883378445849781
matplotlib_1_c404d1f716e8_lib/matplotlib/tests/test_path.py_test_log_transform_with_zero_0,matplotlib,1,c404d1f716e8aaefd4d7371ff49673e9c1f7f07c,lib/matplotlib/tests/test_path.py:test_log_transform_with_zero,lib/matplotlib/tests/test_path.py,test_log_transform_with_zero,0,0.20763842473949376
matplotlib_1_c404d1f716e8_lib/matplotlib/offsetbox.py_draw_frame_0,matplotlib,1,c404d1f716e8aaefd4d7371ff49673e9c1f7f07c,lib/matplotlib/offsetbox.py:draw_frame,lib/matplotlib/offsetbox.py,draw_frame,0,0.3839105969287835
matplotlib_1_c404d1f716e8_lib/matplotlib/tests/test_ticker.py_test_params_0,matplotlib,1,c404d1f716e8aaefd4d7371ff49673e9c1f7f07c,lib/matplotlib/tests/test_ticker.py:test_params,lib/matplotlib/tests/test_ticker.py,test_params,0,0.5357076921046832
matplotlib_1_c404d1f716e8_versioneer.py_get_version_0,matplotlib,1,c404d1f716e8aaefd4d7371ff49673e9c1f7f07c,versioneer.py:get_version,versioneer.py,get_version,0,0.262882876120586
matplotlib_1_c404d1f716e8_lib/matplotlib/axes/_axes.py__parse_scatter_color_args_0,matplotlib,1,c404d1f716e8aaefd4d7371ff49673e9c1f7f07c,lib/matplotlib/axes/_axes.py:_parse_scatter_color_args,lib/matplotlib/axes/_axes.py,_parse_scatter_color_args,0,0.9109907206699874
matplotlib_1_c404d1f716e8_lib/mpl_toolkits/mplot3d/axes3d.py_get_proj_0,matplotlib,1,c404d1f716e8aaefd4d7371ff49673e9c1f7f07c,lib/mpl_toolkits/mplot3d/axes3d.py:get_proj,lib/mpl_toolkits/mplot3d/axes3d.py,get_proj,0,0.3811695229693414
matplotlib_1_c404d1f716e8_lib/matplotlib/path.py___init___0,matplotlib,1,c404d1f716e8aaefd4d7371ff49673e9c1f7f07c,lib/matplotlib/path.py:__init__,lib/matplotlib/path.py,__init__,0,0.7117373730429322
matplotlib_1_c404d1f716e8_lib/mpl_toolkits/tests/test_axisartist_grid_helper_curvelinear.py_test_axis_direction_0,matplotlib,1,c404d1f716e8aaefd4d7371ff49673e9c1f7f07c,lib/mpl_toolkits/tests/test_axisartist_grid_helper_curvelinear.py:test_axis_direction,lib/mpl_toolkits/tests/test_axisartist_grid_helper_curvelinear.py,test_axis_direction,0,0.1703115809634427
matplotlib_1_c404d1f716e8_lib/matplotlib/dates.py_format_data_short_0,matplotlib,1,c404d1f716e8aaefd4d7371ff49673e9c1f7f07c,lib/matplotlib/dates.py:format_data_short,lib/matplotlib/dates.py,format_data_short,0,0.3844158723424706
matplotlib_1_c404d1f716e8_lib/matplotlib/backends/backend_pgf.py_draw_text_0,matplotlib,1,c404d1f716e8aaefd4d7371ff49673e9c1f7f07c,lib/matplotlib/backends/backend_pgf.py:draw_text,lib/matplotlib/backends/backend_pgf.py,draw_text,0,0.8686497016367021
matplotlib_1_c404d1f716e8_lib/matplotlib/scale.py___init___0,matplotlib,1,c404d1f716e8aaefd4d7371ff49673e9c1f7f07c,lib/matplotlib/scale.py:__init__,lib/matplotlib/scale.py,__init__,0,0.46975026274798587
matplotlib_10_b31d64ce3910_lib/matplotlib/axis.py_set_tick_params_1,matplotlib,10,b31d64ce3910e8d297d8300690e459587f77181f,lib/matplotlib/axis.py:set_tick_params,lib/matplotlib/axis.py,set_tick_params,1,0.7885450679200621
matplotlib_10_b31d64ce3910_lib/matplotlib/mathtext.py_symbol_0,matplotlib,10,b31d64ce3910e8d297d8300690e459587f77181f,lib/matplotlib/mathtext.py:symbol,lib/matplotlib/mathtext.py,symbol,0,0.8813127308072025
matplotlib_10_b31d64ce3910_lib/matplotlib/tests/test_axes.py_test_errorbar_cycle_ecolor_0,matplotlib,10,b31d64ce3910e8d297d8300690e459587f77181f,lib/matplotlib/tests/test_axes.py:test_errorbar_cycle_ecolor,lib/matplotlib/tests/test_axes.py,test_errorbar_cycle_ecolor,0,0.5735623073554722
matplotlib_10_b31d64ce3910_lib/matplotlib/offsetbox.py_set_figure_0,matplotlib,10,b31d64ce3910e8d297d8300690e459587f77181f,lib/matplotlib/offsetbox.py:set_figure,lib/matplotlib/offsetbox.py,set_figure,0,0.4352595848541751
matplotlib_11_f8459a513c3f_lib/matplotlib/text.py_get_window_extent_1,matplotlib,11,f8459a513c3f67447ceb1a07c29760d504517ff2,lib/matplotlib/text.py:get_window_extent,lib/matplotlib/text.py,get_window_extent,1,0.5931013234362813
matplotlib_11_f8459a513c3f_setupext.py_download_or_cache_0,matplotlib,11,f8459a513c3f67447ceb1a07c29760d504517ff2,setupext.py:download_or_cache,setupext.py,download_or_cache,0,0.7066400955225529
matplotlib_11_f8459a513c3f_lib/matplotlib/backends/qt_compat.py__setup_pyqt5_0,matplotlib,11,f8459a513c3f67447ceb1a07c29760d504517ff2,lib/matplotlib/backends/qt_compat.py:_setup_pyqt5,lib/matplotlib/backends/qt_compat.py,_setup_pyqt5,0,0.40171269816890964
matplotlib_11_f8459a513c3f_lib/mpl_toolkits/axisartist/grid_helper_curvelinear.py_get_tick_transform_0,matplotlib,11,f8459a513c3f67447ceb1a07c29760d504517ff2,lib/mpl_toolkits/axisartist/grid_helper_curvelinear.py:get_tick_transform,lib/mpl_toolkits/axisartist/grid_helper_curvelinear.py,get_tick_transform,0,0.31603171576213024
matplotlib_12_e92685a26442_lib/matplotlib/axes/_axes.py_vlines_1,matplotlib,12,e92685a26442bfced06067934f34c104487583a8,lib/matplotlib/axes/_axes.py:vlines,lib/matplotlib/axes/_axes.py,vlines,1,0.8260198509668499
matplotlib_12_e92685a26442_lib/matplotlib/axes/_axes.py_hlines_1,matplotlib,12,e92685a26442bfced06067934f34c104487583a8,lib/matplotlib/axes/_axes.py:hlines,lib/matplotlib/axes/_axes.py,hlines,1,0.8259229887922276
matplotlib_12_e92685a26442_examples/misc/custom_projection.py__get_core_transform_0,matplotlib,12,e92685a26442bfced06067934f34c104487583a8,examples/misc/custom_projection.py:_get_core_transform,examples/misc/custom_projection.py,_get_core_transform,0,0.34426321827842166
matplotlib_12_e92685a26442_lib/matplotlib/dviread.py__fnt_def_real_0,matplotlib,12,e92685a26442bfced06067934f34c104487583a8,lib/matplotlib/dviread.py:_fnt_def_real,lib/matplotlib/dviread.py,_fnt_def_real,0,0.752190220029018
matplotlib_12_e92685a26442_lib/matplotlib/tests/test_axes.py_test_annotate_default_arrow_0,matplotlib,12,e92685a26442bfced06067934f34c104487583a8,lib/matplotlib/tests/test_axes.py:test_annotate_default_arrow,lib/matplotlib/tests/test_axes.py,test_annotate_default_arrow,0,0.34507205077973907
matplotlib_12_e92685a26442_lib/matplotlib/backends/backend_qt5.py_draw_rubberband_0,matplotlib,12,e92685a26442bfced06067934f34c104487583a8,lib/matplotlib/backends/backend_qt5.py:draw_rubberband,lib/matplotlib/backends/backend_qt5.py,draw_rubberband,0,0.5900280544759283
matplotlib_12_e92685a26442_lib/matplotlib/units.py_get_converter_0,matplotlib,12,e92685a26442bfced06067934f34c104487583a8,lib/matplotlib/units.py:get_converter,lib/matplotlib/units.py,get_converter,0,0.5027576186891819
matplotlib_12_e92685a26442_lib/matplotlib/axis.py_set_data_interval_0,matplotlib,12,e92685a26442bfced06067934f34c104487583a8,lib/matplotlib/axis.py:set_data_interval,lib/matplotlib/axis.py,set_data_interval,0,0.46515753786370934
matplotlib_13_2c845db9d961_lib/matplotlib/path.py_make_compound_path_1,matplotlib,13,2c845db9d961ddea6e072c3e6dbb0bec823ac25e,lib/matplotlib/path.py:make_compound_path,lib/matplotlib/path.py,make_compound_path,1,0.5011016119070242
matplotlib_13_2c845db9d961_lib/matplotlib/widgets.py_disconnect_events_0,matplotlib,13,2c845db9d961ddea6e072c3e6dbb0bec823ac25e,lib/matplotlib/widgets.py:disconnect_events,lib/matplotlib/widgets.py,disconnect_events,0,0.3386850840137864
matplotlib_13_2c845db9d961_lib/matplotlib/backend_tools.py__tool_trigger_cbk_0,matplotlib,13,2c845db9d961ddea6e072c3e6dbb0bec823ac25e,lib/matplotlib/backend_tools.py:_tool_trigger_cbk,lib/matplotlib/backend_tools.py,_tool_trigger_cbk,0,0.43834530425945667
matplotlib_13_2c845db9d961_lib/matplotlib/category.py_tick_values_0,matplotlib,13,2c845db9d961ddea6e072c3e6dbb0bec823ac25e,lib/matplotlib/category.py:tick_values,lib/matplotlib/category.py,tick_values,0,0.3670242326358762
matplotlib_14_dbc35a9d625e_lib/matplotlib/text.py_update_1,matplotlib,14,dbc35a9d625e162445f864b9f463c9961888e901,lib/matplotlib/text.py:update,lib/matplotlib/text.py,update,1,0.47054275403375684
matplotlib_14_dbc35a9d625e_lib/mpl_toolkits/axisartist/axis_artist.py_get_tightbbox_0,matplotlib,14,dbc35a9d625e162445f864b9f463c9961888e901,lib/mpl_toolkits/axisartist/axis_artist.py:get_tightbbox,lib/mpl_toolkits/axisartist/axis_artist.py,get_tightbbox,0,0.5055320240672672
matplotlib_14_dbc35a9d625e_lib/matplotlib/backend_bases.py__timer_start_0,matplotlib,14,dbc35a9d625e162445f864b9f463c9961888e901,lib/matplotlib/backend_bases.py:_timer_start,lib/matplotlib/backend_bases.py,_timer_start,0,0.34444066459870376
matplotlib_14_dbc35a9d625e_lib/matplotlib/gridspec.py___setstate___0,matplotlib,14,dbc35a9d625e162445f864b9f463c9961888e901,lib/matplotlib/gridspec.py:__setstate__,lib/matplotlib/gridspec.py,__setstate__,0,0.30082547864415893
matplotlib_15_6a8e39f4eba2_lib/matplotlib/colors.py__inv_transform_1,matplotlib,15,6a8e39f4eba28e99d7b1dd454b001b987dd0bbca,lib/matplotlib/colors.py:_inv_transform,lib/matplotlib/colors.py,_inv_transform,1,0.3197984528929363
matplotlib_15_6a8e39f4eba2_lib/matplotlib/colors.py___init___1,matplotlib,15,6a8e39f4eba28e99d7b1dd454b001b987dd0bbca,lib/matplotlib/colors.py:__init__,lib/matplotlib/colors.py,__init__,1,0.674359925611737
matplotlib_15_6a8e39f4eba2_lib/matplotlib/colors.py__transform_1,matplotlib,15,6a8e39f4eba28e99d7b1dd454b001b987dd0bbca,lib/matplotlib/colors.py:_transform,lib/matplotlib/colors.py,_transform,1,0.41265815987627097
matplotlib_15_6a8e39f4eba2_lib/matplotlib/image.py_set_interpolation_0,matplotlib,15,6a8e39f4eba28e99d7b1dd454b001b987dd0bbca,lib/matplotlib/image.py:set_interpolation,lib/matplotlib/image.py,set_interpolation,0,0.4810742354508378
matplotlib_15_6a8e39f4eba2_lib/mpl_toolkits/axes_grid1/parasite_axes.py__pcolor_0,matplotlib,15,6a8e39f4eba28e99d7b1dd454b001b987dd0bbca,lib/mpl_toolkits/axes_grid1/parasite_axes.py:_pcolor,lib/mpl_toolkits/axes_grid1/parasite_axes.py,_pcolor,0,0.5024937023366512
matplotlib_15_6a8e39f4eba2_lib/matplotlib/patches.py_set_facecolor_0,matplotlib,15,6a8e39f4eba28e99d7b1dd454b001b987dd0bbca,lib/matplotlib/patches.py:set_facecolor,lib/matplotlib/patches.py,set_facecolor,0,0.3530204455474076
matplotlib_15_6a8e39f4eba2_lib/matplotlib/axes/_axes.py_imshow_0,matplotlib,15,6a8e39f4eba28e99d7b1dd454b001b987dd0bbca,lib/matplotlib/axes/_axes.py:imshow,lib/matplotlib/axes/_axes.py,imshow,0,0.9615836592731429
matplotlib_15_6a8e39f4eba2_lib/matplotlib/tests/test_mlab.py_test_window_hanning_rand_0,matplotlib,15,6a8e39f4eba28e99d7b1dd454b001b987dd0bbca,lib/matplotlib/tests/test_mlab.py:test_window_hanning_rand,lib/matplotlib/tests/test_mlab.py,test_window_hanning_rand,0,0.22195503649902285
matplotlib_15_6a8e39f4eba2_lib/matplotlib/text.py_set_fontstretch_0,matplotlib,15,6a8e39f4eba28e99d7b1dd454b001b987dd0bbca,lib/matplotlib/text.py:set_fontstretch,lib/matplotlib/text.py,set_fontstretch,0,0.3396613974559625
matplotlib_15_6a8e39f4eba2_lib/matplotlib/scale.py_transform_non_affine_0,matplotlib,15,6a8e39f4eba28e99d7b1dd454b001b987dd0bbca,lib/matplotlib/scale.py:transform_non_affine,lib/matplotlib/scale.py,transform_non_affine,0,0.32767399544598486
matplotlib_15_6a8e39f4eba2_lib/matplotlib/backends/backend_svg.py_draw_path_0,matplotlib,15,6a8e39f4eba28e99d7b1dd454b001b987dd0bbca,lib/matplotlib/backends/backend_svg.py:draw_path,lib/matplotlib/backends/backend_svg.py,draw_path,0,0.8014665701935726
matplotlib_15_6a8e39f4eba2_lib/matplotlib/tests/test_colorbar.py_test_colorbar_single_scatter_0,matplotlib,15,6a8e39f4eba28e99d7b1dd454b001b987dd0bbca,lib/matplotlib/tests/test_colorbar.py:test_colorbar_single_scatter,lib/matplotlib/tests/test_colorbar.py,test_colorbar_single_scatter,0,0.1969414825313735
matplotlib_16_89ff308306ba_lib/matplotlib/transforms.py_nonsingular_1,matplotlib,16,89ff308306bafac22647c050a42141f040210216,lib/matplotlib/transforms.py:nonsingular,lib/matplotlib/transforms.py,nonsingular,1,0.7611775894521617
matplotlib_16_89ff308306ba_lib/matplotlib/tests/test_axes.py_test_symlog2_0,matplotlib,16,89ff308306bafac22647c050a42141f040210216,lib/matplotlib/tests/test_axes.py:test_symlog2,lib/matplotlib/tests/test_axes.py,test_symlog2,0,0.5781565104218077
matplotlib_16_89ff308306ba_lib/matplotlib/tests/test_mlab.py_test_no_data_0,matplotlib,16,89ff308306bafac22647c050a42141f040210216,lib/matplotlib/tests/test_mlab.py:test_no_data,lib/matplotlib/tests/test_mlab.py,test_no_data,0,0.32536307555872185
matplotlib_16_89ff308306ba_lib/mpl_toolkits/tests/test_mplot3d.py_test_ticklabel_format_0,matplotlib,16,89ff308306bafac22647c050a42141f040210216,lib/mpl_toolkits/tests/test_mplot3d.py:test_ticklabel_format,lib/mpl_toolkits/tests/test_mplot3d.py,test_ticklabel_format,0,0.46803593570579843
matplotlib_17_58c66982d988_lib/matplotlib/transforms.py_nonsingular_1,matplotlib,17,58c66982d98851c56b045137ced803fd62c6c5e8,lib/matplotlib/transforms.py:nonsingular,lib/matplotlib/transforms.py,nonsingular,1,0.7611785728998954
matplotlib_17_58c66982d988_lib/matplotlib/tests/test_ticker.py_test_number_of_minor_ticks_0,matplotlib,17,58c66982d98851c56b045137ced803fd62c6c5e8,lib/matplotlib/tests/test_ticker.py:test_number_of_minor_ticks,lib/matplotlib/tests/test_ticker.py,test_number_of_minor_ticks,0,0.37814297216854015
matplotlib_17_58c66982d988_lib/matplotlib/fontconfig_pattern.py__size_0,matplotlib,17,58c66982d98851c56b045137ced803fd62c6c5e8,lib/matplotlib/fontconfig_pattern.py:_size,lib/matplotlib/fontconfig_pattern.py,_size,0,0.42095620115108734
matplotlib_17_58c66982d988_lib/matplotlib/widgets.py_onmove_0,matplotlib,17,58c66982d98851c56b045137ced803fd62c6c5e8,lib/matplotlib/widgets.py:onmove,lib/matplotlib/widgets.py,onmove,0,0.5909056770723814
matplotlib_18_7d958c63f4fb_lib/matplotlib/projections/polar.py_refresh_1,matplotlib,18,7d958c63f4fbcd8a28df666d738400b251f89af7,lib/matplotlib/projections/polar.py:refresh,lib/matplotlib/projections/polar.py,refresh,1,0.28532958615346615
matplotlib_18_7d958c63f4fb_lib/matplotlib/ticker.py___call___0,matplotlib,18,7d958c63f4fbcd8a28df666d738400b251f89af7,lib/matplotlib/ticker.py:__call__,lib/matplotlib/ticker.py,__call__,0,0.6232101263837548
matplotlib_18_7d958c63f4fb_lib/matplotlib/axis.py_set_ticks_position_0,matplotlib,18,7d958c63f4fbcd8a28df666d738400b251f89af7,lib/matplotlib/axis.py:set_ticks_position,lib/matplotlib/axis.py,set_ticks_position,0,0.818373579782761
matplotlib_18_7d958c63f4fb_lib/matplotlib/backends/qt_editor/_formlayout.py_get_0,matplotlib,18,7d958c63f4fbcd8a28df666d738400b251f89af7,lib/matplotlib/backends/qt_editor/_formlayout.py:get,lib/matplotlib/backends/qt_editor/_formlayout.py,get,0,0.9499223954321431
matplotlib_19_47cfa35fc01a_lib/matplotlib/projections/polar.py_refresh_1,matplotlib,19,47cfa35fc01af26498f493affcd8cb42b8fb2fc8,lib/matplotlib/projections/polar.py:refresh,lib/matplotlib/projections/polar.py,refresh,1,0.2853306337078459
matplotlib_19_47cfa35fc01a_examples/misc/demo_agg_filter.py___init___0,matplotlib,19,47cfa35fc01af26498f493affcd8cb42b8fb2fc8,examples/misc/demo_agg_filter.py:__init__,examples/misc/demo_agg_filter.py,__init__,0,0.43283623166314794
matplotlib_19_47cfa35fc01a_lib/matplotlib/transforms.py_overlaps_0,matplotlib,19,47cfa35fc01af26498f493affcd8cb42b8fb2fc8,lib/matplotlib/transforms.py:overlaps,lib/matplotlib/transforms.py,overlaps,0,0.4022184595917784
matplotlib_19_47cfa35fc01a_lib/matplotlib/ticker.py_format_data_0,matplotlib,19,47cfa35fc01af26498f493affcd8cb42b8fb2fc8,lib/matplotlib/ticker.py:format_data,lib/matplotlib/ticker.py,format_data,0,0.38218535463562947
matplotlib_2_2a3707d9c347_lib/matplotlib/axes/_axes.py_scatter_1,matplotlib,2,2a3707d9c3472b1a010492322b6946388d4989ae,lib/matplotlib/axes/_axes.py:scatter,lib/matplotlib/axes/_axes.py,scatter,1,0.9830664403361237
matplotlib_2_2a3707d9c347_examples/axes_grid1/demo_axes_divider.py_demo_images_side_by_side_0,matplotlib,2,2a3707d9c3472b1a010492322b6946388d4989ae,examples/axes_grid1/demo_axes_divider.py:demo_images_side_by_side,examples/axes_grid1/demo_axes_divider.py,demo_images_side_by_side,0,0.2288468995792658
matplotlib_2_2a3707d9c347_lib/matplotlib/backend_bases.py_draw_cursor_0,matplotlib,2,2a3707d9c3472b1a010492322b6946388d4989ae,lib/matplotlib/backend_bases.py:draw_cursor,lib/matplotlib/backend_bases.py,draw_cursor,0,0.42153454954750763
matplotlib_2_2a3707d9c347_lib/matplotlib/axis.py_get_majorticklines_0,matplotlib,2,2a3707d9c3472b1a010492322b6946388d4989ae,lib/matplotlib/axis.py:get_majorticklines,lib/matplotlib/axis.py,get_majorticklines,0,0.40438362727813737
matplotlib_20_805f451b7122_lib/matplotlib/_constrained_layout.py__make_ghost_gridspec_slots_1,matplotlib,20,805f451b7122d1ef595c7a01592bb2f500aed41f,lib/matplotlib/_constrained_layout.py:_make_ghost_gridspec_slots,lib/matplotlib/_constrained_layout.py,_make_ghost_gridspec_slots,1,0.41936044420826063
matplotlib_20_805f451b7122_lib/matplotlib/backend_bases.py_inaxes_1,matplotlib,20,805f451b7122d1ef595c7a01592bb2f500aed41f,lib/matplotlib/backend_bases.py:inaxes,lib/matplotlib/backend_bases.py,inaxes,1,0.5094984678571427
matplotlib_20_805f451b7122_lib/matplotlib/ticker.py___init___0,matplotlib,20,805f451b7122d1ef595c7a01592bb2f500aed41f,lib/matplotlib/ticker.py:__init__,lib/matplotlib/ticker.py,__init__,0,0.46788702935364607
matplotlib_20_805f451b7122_lib/matplotlib/backend_bases.py_start_rasterizing_0,matplotlib,20,805f451b7122d1ef595c7a01592bb2f500aed41f,lib/matplotlib/backend_bases.py:start_rasterizing,lib/matplotlib/backend_bases.py,start_rasterizing,0,0.35986374773778274
matplotlib_20_805f451b7122_examples/ticks_and_spines/multiple_yaxis_with_spines.py_make_patch_spines_invisible_0,matplotlib,20,805f451b7122d1ef595c7a01592bb2f500aed41f,examples/ticks_and_spines/multiple_yaxis_with_spines.py:make_patch_spines_invisible,examples/ticks_and_spines/multiple_yaxis_with_spines.py,make_patch_spines_invisible,0,0.2767522166516382
matplotlib_20_805f451b7122_lib/matplotlib/backends/backend_wx.py_draw_rubberband_0,matplotlib,20,805f451b7122d1ef595c7a01592bb2f500aed41f,lib/matplotlib/backends/backend_wx.py:draw_rubberband,lib/matplotlib/backends/backend_wx.py,draw_rubberband,0,0.6749231169623447
matplotlib_20_805f451b7122_lib/matplotlib/backend_bases.py___init___0,matplotlib,20,805f451b7122d1ef595c7a01592bb2f500aed41f,lib/matplotlib/backend_bases.py:__init__,lib/matplotlib/backend_bases.py,__init__,0,0.7494279794794073
matplotlib_20_805f451b7122_lib/mpl_toolkits/tests/test_mplot3d.py_test_scatter3d_0,matplotlib,20,805f451b7122d1ef595c7a01592bb2f500aed41f,lib/mpl_toolkits/tests/test_mplot3d.py:test_scatter3d,lib/mpl_toolkits/tests/test_mplot3d.py,test_scatter3d,0,0.19824047815751694
matplotlib_21_e240493a899a_lib/matplotlib/axes/_axes.py_bxp_1,matplotlib,21,e240493a899ac05cb992cdb88f5487386586090e,lib/matplotlib/axes/_axes.py:bxp,lib/matplotlib/axes/_axes.py,bxp,1,0.9818095910205151
matplotlib_21_e240493a899a_lib/matplotlib/transforms.py_transform_affine_0,matplotlib,21,e240493a899ac05cb992cdb88f5487386586090e,lib/matplotlib/transforms.py:transform_affine,lib/matplotlib/transforms.py,transform_affine,0,0.3693154387510359
matplotlib_21_e240493a899a_lib/matplotlib/axes/_base.py_invert_yaxis_0,matplotlib,21,e240493a899ac05cb992cdb88f5487386586090e,lib/matplotlib/axes/_base.py:invert_yaxis,lib/matplotlib/axes/_base.py,invert_yaxis,0,0.3468300928075519
matplotlib_21_e240493a899a_lib/mpl_toolkits/axisartist/angle_helper.py___call___0,matplotlib,21,e240493a899ac05cb992cdb88f5487386586090e,lib/mpl_toolkits/axisartist/angle_helper.py:__call__,lib/mpl_toolkits/axisartist/angle_helper.py,__call__,0,0.4480202982149935
matplotlib_21_e240493a899a_lib/matplotlib/text.py_draw_0,matplotlib,21,e240493a899ac05cb992cdb88f5487386586090e,lib/matplotlib/text.py:draw,lib/matplotlib/text.py,draw,0,0.7716324960932989
matplotlib_21_e240493a899a_lib/matplotlib/image.py_make_image_0,matplotlib,21,e240493a899ac05cb992cdb88f5487386586090e,lib/matplotlib/image.py:make_image,lib/matplotlib/image.py,make_image,0,0.636139176323103
matplotlib_21_e240493a899a_lib/mpl_toolkits/axes_grid1/axes_divider.py_set_aspect_0,matplotlib,21,e240493a899ac05cb992cdb88f5487386586090e,lib/mpl_toolkits/axes_grid1/axes_divider.py:set_aspect,lib/mpl_toolkits/axes_grid1/axes_divider.py,set_aspect,0,0.29688691942913303
matplotlib_22_a87cd8a4c436_lib/matplotlib/axes/_axes.py_hist_1,matplotlib,22,a87cd8a4c43688137155accdc57ed64fb95e2d40,lib/matplotlib/axes/_axes.py:hist,lib/matplotlib/axes/_axes.py,hist,1,0.9823892553718359
matplotlib_22_a87cd8a4c436_lib/matplotlib/transforms.py___str___0,matplotlib,22,a87cd8a4c43688137155accdc57ed64fb95e2d40,lib/matplotlib/transforms.py:__str__,lib/matplotlib/transforms.py,__str__,0,0.25966681594616403
matplotlib_22_a87cd8a4c436_lib/mpl_toolkits/axes_grid1/axes_divider.py_change_geometry_0,matplotlib,22,a87cd8a4c43688137155accdc57ed64fb95e2d40,lib/mpl_toolkits/axes_grid1/axes_divider.py:change_geometry,lib/mpl_toolkits/axes_grid1/axes_divider.py,change_geometry,0,0.47160970810185043
matplotlib_22_a87cd8a4c436_lib/matplotlib/tests/test_colors.py_test_colormap_return_types_0,matplotlib,22,a87cd8a4c43688137155accdc57ed64fb95e2d40,lib/matplotlib/tests/test_colors.py:test_colormap_return_types,lib/matplotlib/tests/test_colors.py,test_colormap_return_types,0,0.19466028772388094
matplotlib_23_bb6a4af98477_lib/matplotlib/axes/_base.py_apply_aspect_1,matplotlib,23,bb6a4af984778dbac55c8391ae29fa2b5b201361,lib/matplotlib/axes/_base.py:apply_aspect,lib/matplotlib/axes/_base.py,apply_aspect,1,0.6654736847327847
matplotlib_23_bb6a4af98477_lib/matplotlib/pyplot.py_imshow_0,matplotlib,23,bb6a4af984778dbac55c8391ae29fa2b5b201361,lib/matplotlib/pyplot.py:imshow,lib/matplotlib/pyplot.py,imshow,0,0.9939854357910111
matplotlib_23_bb6a4af98477_lib/matplotlib/colorbar.py_tick_values_0,matplotlib,23,bb6a4af984778dbac55c8391ae29fa2b5b201361,lib/matplotlib/colorbar.py:tick_values,lib/matplotlib/colorbar.py,tick_values,0,0.5510955391559413
matplotlib_23_bb6a4af98477_lib/matplotlib/colorbar.py_remove_0,matplotlib,23,bb6a4af984778dbac55c8391ae29fa2b5b201361,lib/matplotlib/colorbar.py:remove,lib/matplotlib/colorbar.py,remove,0,0.3156077561770097
matplotlib_24_9a5473dbac05_lib/matplotlib/axis.py__make_getset_interval_1,matplotlib,24,9a5473dbac05f3d6773b42c8e16d58a7dc3159b8,lib/matplotlib/axis.py:_make_getset_interval,lib/matplotlib/axis.py,_make_getset_interval,1,0.584413563918353
matplotlib_24_9a5473dbac05_lib/matplotlib/tests/test_mlab.py_test_apply_window_hanning_els3_2D_axis0_0,matplotlib,24,9a5473dbac05f3d6773b42c8e16d58a7dc3159b8,lib/matplotlib/tests/test_mlab.py:test_apply_window_hanning_els3_2D_axis0,lib/matplotlib/tests/test_mlab.py,test_apply_window_hanning_els3_2D_axis0,0,0.23309113518579744
matplotlib_24_9a5473dbac05_lib/matplotlib/projections/polar.py__wrap_locator_formatter_0,matplotlib,24,9a5473dbac05f3d6773b42c8e16d58a7dc3159b8,lib/matplotlib/projections/polar.py:_wrap_locator_formatter,lib/matplotlib/projections/polar.py,_wrap_locator_formatter,0,0.2650800803980679
matplotlib_24_9a5473dbac05_lib/matplotlib/tests/test_image.py_test_load_from_url_0,matplotlib,24,9a5473dbac05f3d6773b42c8e16d58a7dc3159b8,lib/matplotlib/tests/test_image.py:test_load_from_url,lib/matplotlib/tests/test_image.py,test_load_from_url,0,0.2845723829289991
matplotlib_24_9a5473dbac05_lib/matplotlib/tests/test_colors.py__scalar_tester_0,matplotlib,24,9a5473dbac05f3d6773b42c8e16d58a7dc3159b8,lib/matplotlib/tests/test_colors.py:_scalar_tester,lib/matplotlib/tests/test_colors.py,_scalar_tester,0,0.3318476545426262
matplotlib_24_9a5473dbac05_lib/matplotlib/tri/triinterpolate.py_get_function_derivatives_0,matplotlib,24,9a5473dbac05f3d6773b42c8e16d58a7dc3159b8,lib/matplotlib/tri/triinterpolate.py:get_function_derivatives,lib/matplotlib/tri/triinterpolate.py,get_function_derivatives,0,0.5358581421489776
matplotlib_24_9a5473dbac05_lib/matplotlib/artist.py_update_0,matplotlib,24,9a5473dbac05f3d6773b42c8e16d58a7dc3159b8,lib/matplotlib/artist.py:update,lib/matplotlib/artist.py,update,0,0.5269844756121699
matplotlib_25_9a5473dbac05_lib/matplotlib/collections.py___init___1,matplotlib,25,9a5473dbac05f3d6773b42c8e16d58a7dc3159b8,lib/matplotlib/collections.py:__init__,lib/matplotlib/collections.py,__init__,1,0.9191705761839688
matplotlib_25_9a5473dbac05_lib/matplotlib/colors.py__to_rgba_no_colorcycle_0,matplotlib,25,9a5473dbac05f3d6773b42c8e16d58a7dc3159b8,lib/matplotlib/colors.py:_to_rgba_no_colorcycle,lib/matplotlib/colors.py,_to_rgba_no_colorcycle,0,0.6915072849407348
matplotlib_25_9a5473dbac05_lib/matplotlib/axis.py__update_ticks_0,matplotlib,25,9a5473dbac05f3d6773b42c8e16d58a7dc3159b8,lib/matplotlib/axis.py:_update_ticks,lib/matplotlib/axis.py,_update_ticks,0,0.7127285647669019
matplotlib_25_9a5473dbac05_lib/matplotlib/tests/test_cbook.py_test_results_withlabels_0,matplotlib,25,9a5473dbac05f3d6773b42c8e16d58a7dc3159b8,lib/matplotlib/tests/test_cbook.py:test_results_withlabels,lib/matplotlib/tests/test_cbook.py,test_results_withlabels,0,0.35615836169443343
matplotlib_26_04d9d28b820a_lib/matplotlib/axis.py__make_getset_interval_1,matplotlib,26,04d9d28b820af0b4df230a3c67314ed5b0af8fdd,lib/matplotlib/axis.py:_make_getset_interval,lib/matplotlib/axis.py,_make_getset_interval,1,0.5844138946275187
matplotlib_26_04d9d28b820a_lib/matplotlib/cbook/__init__.py_strip_math_0,matplotlib,26,04d9d28b820af0b4df230a3c67314ed5b0af8fdd,lib/matplotlib/cbook/__init__.py:strip_math,lib/matplotlib/cbook/__init__.py,strip_math,0,0.584748238323283
matplotlib_26_04d9d28b820a_lib/matplotlib/dates.py__get_unit_0,matplotlib,26,04d9d28b820af0b4df230a3c67314ed5b0af8fdd,lib/matplotlib/dates.py:_get_unit,lib/matplotlib/dates.py,_get_unit,0,0.45728418245903957
matplotlib_26_04d9d28b820a_lib/matplotlib/widgets.py_ignore_0,matplotlib,26,04d9d28b820af0b4df230a3c67314ed5b0af8fdd,lib/matplotlib/widgets.py:ignore,lib/matplotlib/widgets.py,ignore,0,0.5894712686518908
matplotlib_26_04d9d28b820a_lib/matplotlib/pyplot.py_step_0,matplotlib,26,04d9d28b820af0b4df230a3c67314ed5b0af8fdd,lib/matplotlib/pyplot.py:step,lib/matplotlib/pyplot.py,step,0,0.8389057521870846
matplotlib_26_04d9d28b820a_lib/matplotlib/pyplot.py_legend_0,matplotlib,26,04d9d28b820af0b4df230a3c67314ed5b0af8fdd,lib/matplotlib/pyplot.py:legend,lib/matplotlib/pyplot.py,legend,0,0.6246855106125855
matplotlib_26_04d9d28b820a_lib/matplotlib/tests/test_table.py_test_label_colours_0,matplotlib,26,04d9d28b820af0b4df230a3c67314ed5b0af8fdd,lib/matplotlib/tests/test_table.py:test_label_colours,lib/matplotlib/tests/test_table.py,test_label_colours,0,0.13424629300621094
matplotlib_27_11269123d516_lib/matplotlib/colorbar.py_set_label_1,matplotlib,27,11269123d516cda369764a081ddfb8c1a10ddc53,lib/matplotlib/colorbar.py:set_label,lib/matplotlib/colorbar.py,set_label,1,0.47135650686695446
matplotlib_27_11269123d516_lib/matplotlib/lines.py_get_xdata_0,matplotlib,27,11269123d516cda369764a081ddfb8c1a10ddc53,lib/matplotlib/lines.py:get_xdata,lib/matplotlib/lines.py,get_xdata,0,0.46313859923663164
matplotlib_27_11269123d516_lib/matplotlib/tests/test_legend.py_test_legend_label_args_0,matplotlib,27,11269123d516cda369764a081ddfb8c1a10ddc53,lib/matplotlib/tests/test_legend.py:test_legend_label_args,lib/matplotlib/tests/test_legend.py,test_legend_label_args,0,0.38847439496368413
matplotlib_27_11269123d516_lib/matplotlib/patheffects.py_draw_path_0,matplotlib,27,11269123d516cda369764a081ddfb8c1a10ddc53,lib/matplotlib/patheffects.py:draw_path,lib/matplotlib/patheffects.py,draw_path,0,0.6546159956260162
matplotlib_28_896fb8140a60_lib/matplotlib/axes/_base.py_set_xlim_1,matplotlib,28,896fb8140a600341ebb5eaa4191584f23df2d2a0,lib/matplotlib/axes/_base.py:set_xlim,lib/matplotlib/axes/_base.py,set_xlim,1,0.9320837251227722
matplotlib_28_896fb8140a60_lib/matplotlib/axes/_base.py_get_yticklabels_0,matplotlib,28,896fb8140a600341ebb5eaa4191584f23df2d2a0,lib/matplotlib/axes/_base.py:get_yticklabels,lib/matplotlib/axes/_base.py,get_yticklabels,0,0.4791813258394484
matplotlib_28_896fb8140a60_lib/matplotlib/tri/trifinder.py___init___0,matplotlib,28,896fb8140a600341ebb5eaa4191584f23df2d2a0,lib/matplotlib/tri/trifinder.py:__init__,lib/matplotlib/tri/trifinder.py,__init__,0,0.29961309867443925
matplotlib_28_896fb8140a60_lib/matplotlib/widgets.py_on_key_release_0,matplotlib,28,896fb8140a600341ebb5eaa4191584f23df2d2a0,lib/matplotlib/widgets.py:on_key_release,lib/matplotlib/widgets.py,on_key_release,0,0.6081856589209488
matplotlib_29_cdf9e30e4f3f_lib/matplotlib/axis.py_set_inverted_1,matplotlib,29,cdf9e30e4f3fb7747b178ee9c3849dfdebee7bd0,lib/matplotlib/axis.py:set_inverted,lib/matplotlib/axis.py,set_inverted,1,0.46788582543890944
matplotlib_29_cdf9e30e4f3f_lib/matplotlib/backend_bases.py__set_cursor_0,matplotlib,29,cdf9e30e4f3fb7747b178ee9c3849dfdebee7bd0,lib/matplotlib/backend_bases.py:_set_cursor,lib/matplotlib/backend_bases.py,_set_cursor,0,0.7382208728326543
matplotlib_29_cdf9e30e4f3f_lib/matplotlib/tests/test_patheffects.py_test_PathEffect_points_to_pixels_0,matplotlib,29,cdf9e30e4f3fb7747b178ee9c3849dfdebee7bd0,lib/matplotlib/tests/test_patheffects.py:test_PathEffect_points_to_pixels,lib/matplotlib/tests/test_patheffects.py,test_PathEffect_points_to_pixels,0,0.15527327570183988
matplotlib_29_cdf9e30e4f3f_lib/matplotlib/colorbar.py_update_normal_0,matplotlib,29,cdf9e30e4f3fb7747b178ee9c3849dfdebee7bd0,lib/matplotlib/colorbar.py:update_normal,lib/matplotlib/colorbar.py,update_normal,0,0.6304846255812763
matplotlib_3_5e046f72ae82_lib/matplotlib/markers.py__recache_1,matplotlib,3,5e046f72ae82788788c7e9b9354b87b131891cd8,lib/matplotlib/markers.py:_recache,lib/matplotlib/markers.py,_recache,1,0.3144029692900371
matplotlib_3_5e046f72ae82_lib/matplotlib/artist.py_set_figure_0,matplotlib,3,5e046f72ae82788788c7e9b9354b87b131891cd8,lib/matplotlib/artist.py:set_figure,lib/matplotlib/artist.py,set_figure,0,0.4500139641616133
matplotlib_3_5e046f72ae82_examples/images_contours_and_fields/image_zcoord.py_format_coord_0,matplotlib,3,5e046f72ae82788788c7e9b9354b87b131891cd8,examples/images_contours_and_fields/image_zcoord.py:format_coord,examples/images_contours_and_fields/image_zcoord.py,format_coord,0,0.37824596075211253
matplotlib_3_5e046f72ae82_lib/matplotlib/collections.py_set_paths_0,matplotlib,3,5e046f72ae82788788c7e9b9354b87b131891cd8,lib/matplotlib/collections.py:set_paths,lib/matplotlib/collections.py,set_paths,0,0.2594626669792183
matplotlib_30_3b26ee6f6b31_lib/matplotlib/colors.py_makeMappingArray_1,matplotlib,30,3b26ee6f6b31bc0cca4be0407dbb40f44756030d,lib/matplotlib/colors.py:makeMappingArray,lib/matplotlib/colors.py,makeMappingArray,1,0.38709343632045773
matplotlib_30_3b26ee6f6b31_lib/matplotlib/transforms.py_y1_0,matplotlib,30,3b26ee6f6b31bc0cca4be0407dbb40f44756030d,lib/matplotlib/transforms.py:y1,lib/matplotlib/transforms.py,y1,0,0.34332824440895904
matplotlib_30_3b26ee6f6b31_lib/matplotlib/offsetbox.py_on_motion_blit_0,matplotlib,30,3b26ee6f6b31bc0cca4be0407dbb40f44756030d,lib/matplotlib/offsetbox.py:on_motion_blit,lib/matplotlib/offsetbox.py,on_motion_blit,0,0.4823067478102705
matplotlib_30_3b26ee6f6b31_lib/matplotlib/tests/test_collections.py_test__EventCollection__set_linelength_0,matplotlib,30,3b26ee6f6b31bc0cca4be0407dbb40f44756030d,lib/matplotlib/tests/test_collections.py:test__EventCollection__set_linelength,lib/matplotlib/tests/test_collections.py,test__EventCollection__set_linelength,0,0.2324673914256453
matplotlib_4_793c6b053812_lib/matplotlib/pyplot.py_vlines_1,matplotlib,4,793c6b05381231371267b44b107726f3878e14f2,lib/matplotlib/pyplot.py:vlines,lib/matplotlib/pyplot.py,vlines,1,0.9036538927868059
matplotlib_4_793c6b053812_lib/matplotlib/axes/_axes.py_vlines_1,matplotlib,4,793c6b05381231371267b44b107726f3878e14f2,lib/matplotlib/axes/_axes.py:vlines,lib/matplotlib/axes/_axes.py,vlines,1,0.8205027035298622
matplotlib_4_793c6b053812_lib/matplotlib/axes/_axes.py_hlines_1,matplotlib,4,793c6b05381231371267b44b107726f3878e14f2,lib/matplotlib/axes/_axes.py:hlines,lib/matplotlib/axes/_axes.py,hlines,1,0.8204036095518121
matplotlib_4_793c6b053812_lib/matplotlib/pyplot.py_hlines_1,matplotlib,4,793c6b05381231371267b44b107726f3878e14f2,lib/matplotlib/pyplot.py:hlines,lib/matplotlib/pyplot.py,hlines,1,0.9036538927868059
matplotlib_4_793c6b053812_lib/mpl_toolkits/axisartist/axis_artist.py___init___0,matplotlib,4,793c6b05381231371267b44b107726f3878e14f2,lib/mpl_toolkits/axisartist/axis_artist.py:__init__,lib/mpl_toolkits/axisartist/axis_artist.py,__init__,0,0.5527472968800343
matplotlib_4_793c6b053812_lib/mpl_toolkits/axisartist/axislines.py_get_line_transform_0,matplotlib,4,793c6b05381231371267b44b107726f3878e14f2,lib/mpl_toolkits/axisartist/axislines.py:get_line_transform,lib/mpl_toolkits/axisartist/axislines.py,get_line_transform,0,0.31451153458932596
matplotlib_4_793c6b053812_lib/matplotlib/text.py_xycoords_0,matplotlib,4,793c6b05381231371267b44b107726f3878e14f2,lib/matplotlib/text.py:xycoords,lib/matplotlib/text.py,xycoords,0,0.4467628789924592
matplotlib_4_793c6b053812_lib/matplotlib/tests/test_colors.py_test_TwoSlopeNorm_scaleout_center_0,matplotlib,4,793c6b05381231371267b44b107726f3878e14f2,lib/matplotlib/tests/test_colors.py:test_TwoSlopeNorm_scaleout_center,lib/matplotlib/tests/test_colors.py,test_TwoSlopeNorm_scaleout_center,0,0.2218744188584633
matplotlib_4_793c6b053812_lib/matplotlib/axis.py_get_pickradius_0,matplotlib,4,793c6b05381231371267b44b107726f3878e14f2,lib/matplotlib/axis.py:get_pickradius,lib/matplotlib/axis.py,get_pickradius,0,0.30181781785513434
matplotlib_4_793c6b053812_lib/matplotlib/patches.py_get_transform_0,matplotlib,4,793c6b05381231371267b44b107726f3878e14f2,lib/matplotlib/patches.py:get_transform,lib/matplotlib/patches.py,get_transform,0,0.31847579029032697
matplotlib_4_793c6b053812_lib/matplotlib/tests/test_axes.py_test_pathological_hexbin_0,matplotlib,4,793c6b05381231371267b44b107726f3878e14f2,lib/matplotlib/tests/test_axes.py:test_pathological_hexbin,lib/matplotlib/tests/test_axes.py,test_pathological_hexbin,0,0.3435795871346971
matplotlib_4_793c6b053812_setupext.py_check_0,matplotlib,4,793c6b05381231371267b44b107726f3878e14f2,setupext.py:check,setupext.py,check,0,0.43606737967500936
matplotlib_4_793c6b053812_lib/matplotlib/tests/test_backend_webagg.py_test_webagg_fallback_0,matplotlib,4,793c6b05381231371267b44b107726f3878e14f2,lib/matplotlib/tests/test_backend_webagg.py:test_webagg_fallback,lib/matplotlib/tests/test_backend_webagg.py,test_webagg_fallback,0,0.2821940689298508
matplotlib_4_793c6b053812_lib/matplotlib/axes/_axes.py_phase_spectrum_0,matplotlib,4,793c6b05381231371267b44b107726f3878e14f2,lib/matplotlib/axes/_axes.py:phase_spectrum,lib/matplotlib/axes/_axes.py,phase_spectrum,0,0.8942664877802142
matplotlib_4_793c6b053812_lib/matplotlib/tests/test_tightlayout.py_test_collapsed_0,matplotlib,4,793c6b05381231371267b44b107726f3878e14f2,lib/matplotlib/tests/test_tightlayout.py:test_collapsed,lib/matplotlib/tests/test_tightlayout.py,test_collapsed,0,0.24857533149033978
matplotlib_4_793c6b053812_lib/matplotlib/backends/backend_gtk3.py_trigger_0,matplotlib,4,793c6b05381231371267b44b107726f3878e14f2,lib/matplotlib/backends/backend_gtk3.py:trigger,lib/matplotlib/backends/backend_gtk3.py,trigger,0,0.5148880786459388
matplotlib_5_49593b73854e_lib/matplotlib/axes/_axes.py_scatter_1,matplotlib,5,49593b73854e10ace8f3c05343220328def6a328,lib/matplotlib/axes/_axes.py:scatter,lib/matplotlib/axes/_axes.py,scatter,1,0.9743490181671431
matplotlib_5_49593b73854e_lib/matplotlib/tests/test_mlab.py_test_stride_repeat_0,matplotlib,5,49593b73854e10ace8f3c05343220328def6a328,lib/matplotlib/tests/test_mlab.py:test_stride_repeat,lib/matplotlib/tests/test_mlab.py,test_stride_repeat,0,0.3630432381075365
matplotlib_5_49593b73854e_lib/mpl_toolkits/axisartist/axis_artist.py_draw_0,matplotlib,5,49593b73854e10ace8f3c05343220328def6a328,lib/mpl_toolkits/axisartist/axis_artist.py:draw,lib/mpl_toolkits/axisartist/axis_artist.py,draw,0,0.8296060529245648
matplotlib_5_49593b73854e_lib/matplotlib/mathtext.py_genfrac_0,matplotlib,5,49593b73854e10ace8f3c05343220328def6a328,lib/matplotlib/mathtext.py:genfrac,lib/matplotlib/mathtext.py,genfrac,0,0.5476028207305967
matplotlib_6_fb9e72309aee_lib/matplotlib/axes/_axes.py__parse_scatter_color_args_1,matplotlib,6,fb9e72309aeefb51d1a56ecbdb1e7399d105ff06,lib/matplotlib/axes/_axes.py:_parse_scatter_color_args,lib/matplotlib/axes/_axes.py,_parse_scatter_color_args,1,0.872386093899141
matplotlib_6_fb9e72309aee_lib/matplotlib/pyplot.py_pie_0,matplotlib,6,fb9e72309aeefb51d1a56ecbdb1e7399d105ff06,lib/matplotlib/pyplot.py:pie,lib/matplotlib/pyplot.py,pie,0,0.9936946168671135
matplotlib_6_fb9e72309aee_lib/matplotlib/backends/backend_pgf.py__font_properties_str_0,matplotlib,6,fb9e72309aeefb51d1a56ecbdb1e7399d105ff06,lib/matplotlib/backends/backend_pgf.py:_font_properties_str,lib/matplotlib/backends/backend_pgf.py,_font_properties_str,0,0.4928359027787418
matplotlib_6_fb9e72309aee_lib/matplotlib/ticker.py_set_useOffset_0,matplotlib,6,fb9e72309aeefb51d1a56ecbdb1e7399d105ff06,lib/matplotlib/ticker.py:set_useOffset,lib/matplotlib/ticker.py,set_useOffset,0,0.4104164796669921
matplotlib_7_969513e2a522_lib/matplotlib/colors.py_shade_rgb_1,matplotlib,7,969513e2a5227331a2eb9e4bc4ba8448a0f9831d,lib/matplotlib/colors.py:shade_rgb,lib/matplotlib/colors.py,shade_rgb,1,0.8608106266532491
matplotlib_7_969513e2a522_lib/matplotlib/axis.py_get_label_0,matplotlib,7,969513e2a5227331a2eb9e4bc4ba8448a0f9831d,lib/matplotlib/axis.py:get_label,lib/matplotlib/axis.py,get_label,0,0.3018180970736559
matplotlib_7_969513e2a522_lib/matplotlib/axis.py_set_ticks_0,matplotlib,7,969513e2a5227331a2eb9e4bc4ba8448a0f9831d,lib/matplotlib/axis.py:set_ticks,lib/matplotlib/axis.py,set_ticks,0,0.7315377859655388
matplotlib_7_969513e2a522_lib/matplotlib/backends/backend_webagg_core.py__handle_key_0,matplotlib,7,969513e2a5227331a2eb9e4bc4ba8448a0f9831d,lib/matplotlib/backends/backend_webagg_core.py:_handle_key,lib/matplotlib/backends/backend_webagg_core.py,_handle_key,0,0.809990700065636
matplotlib_8_54bd6f19b23d_lib/matplotlib/axes/_base.py_set_ylim_1,matplotlib,8,54bd6f19b23dc940a4d572583c449613b6b1ae3c,lib/matplotlib/axes/_base.py:set_ylim,lib/matplotlib/axes/_base.py,set_ylim,1,0.9245199044268358
matplotlib_8_54bd6f19b23d_lib/matplotlib/axes/_base.py_set_xlim_1,matplotlib,8,54bd6f19b23dc940a4d572583c449613b6b1ae3c,lib/matplotlib/axes/_base.py:set_xlim,lib/matplotlib/axes/_base.py,set_xlim,1,0.9245199044268358
matplotlib_8_54bd6f19b23d_lib/matplotlib/axis.py_cla_0,matplotlib,8,54bd6f19b23dc940a4d572583c449613b6b1ae3c,lib/matplotlib/axis.py:cla,lib/matplotlib/axis.py,cla,0,0.31493081786603655
matplotlib_8_54bd6f19b23d_lib/matplotlib/artist.py_set_gid_0,matplotlib,8,54bd6f19b23dc940a4d572583c449613b6b1ae3c,lib/matplotlib/artist.py:set_gid,lib/matplotlib/artist.py,set_gid,0,0.33002474788033387
matplotlib_8_54bd6f19b23d_lib/mpl_toolkits/axes_grid1/parasite_axes.py_get_aux_axes_0,matplotlib,8,54bd6f19b23dc940a4d572583c449613b6b1ae3c,lib/mpl_toolkits/axes_grid1/parasite_axes.py:get_aux_axes,lib/mpl_toolkits/axes_grid1/parasite_axes.py,get_aux_axes,0,0.46303185764480337
matplotlib_8_54bd6f19b23d_lib/mpl_toolkits/tests/test_axes_grid1.py_test_twin_axes_empty_and_removed_0,matplotlib,8,54bd6f19b23dc940a4d572583c449613b6b1ae3c,lib/mpl_toolkits/tests/test_axes_grid1.py:test_twin_axes_empty_and_removed,lib/mpl_toolkits/tests/test_axes_grid1.py,test_twin_axes_empty_and_removed,0,0.3629522684541049
matplotlib_8_54bd6f19b23d_lib/matplotlib/offsetbox.py_set_width_0,matplotlib,8,54bd6f19b23dc940a4d572583c449613b6b1ae3c,lib/matplotlib/offsetbox.py:set_width,lib/matplotlib/offsetbox.py,set_width,0,0.3155888280154257
matplotlib_8_54bd6f19b23d_lib/matplotlib/axis.py_get_transform_0,matplotlib,8,54bd6f19b23dc940a4d572583c449613b6b1ae3c,lib/matplotlib/axis.py:get_transform,lib/matplotlib/axis.py,get_transform,0,0.30480897995590883
matplotlib_9_8673167d4c44_lib/matplotlib/projections/polar.py_draw_1,matplotlib,9,8673167d4c44dc2ede02fedd718dadf7f88e102d,lib/matplotlib/projections/polar.py:draw,lib/matplotlib/projections/polar.py,draw,1,0.647892791212192
matplotlib_9_8673167d4c44_lib/mpl_toolkits/tests/test_mplot3d.py_test_proj_axes_cube_ortho_0,matplotlib,9,8673167d4c44dc2ede02fedd718dadf7f88e102d,lib/mpl_toolkits/tests/test_mplot3d.py:test_proj_axes_cube_ortho,lib/mpl_toolkits/tests/test_mplot3d.py,test_proj_axes_cube_ortho,0,0.2473372498751054
matplotlib_9_8673167d4c44_lib/matplotlib/backend_tools.py_update_home_views_0,matplotlib,9,8673167d4c44dc2ede02fedd718dadf7f88e102d,lib/matplotlib/backend_tools.py:update_home_views,lib/matplotlib/backend_tools.py,update_home_views,0,0.527100936401741
matplotlib_9_8673167d4c44_lib/matplotlib/pyplot.py_xticks_0,matplotlib,9,8673167d4c44dc2ede02fedd718dadf7f88e102d,lib/matplotlib/pyplot.py:xticks,lib/matplotlib/pyplot.py,xticks,0,0.767675214255227
pandas_5_4f4282f8a7c1_pandas/core/groupby/groupby.py_sem_1,pandas,5,4f4282f8a7c1033fc3efe9f4eab5368a70ae5041,pandas/core/groupby/groupby.py:sem,pandas/core/groupby/groupby.py,sem,1,0.5267177889623857
pandas_5_4f4282f8a7c1_pandas/core/groupby/groupby.py__set_group_selection_1,pandas,5,4f4282f8a7c1033fc3efe9f4eab5368a70ae5041,pandas/core/groupby/groupby.py:_set_group_selection,pandas/core/groupby/groupby.py,_set_group_selection,1,0.5423313555202366
pandas_5_4f4282f8a7c1_pandas/core/groupby/groupby.py_std_1,pandas,5,4f4282f8a7c1033fc3efe9f4eab5368a70ae5041,pandas/core/groupby/groupby.py:std,pandas/core/groupby/groupby.py,std,1,0.5195893821240148
pandas_5_4f4282f8a7c1_pandas/core/series.py_duplicated_0,pandas,5,4f4282f8a7c1033fc3efe9f4eab5368a70ae5041,pandas/core/series.py:duplicated,pandas/core/series.py,duplicated,0,0.5129804673194798
pandas_5_4f4282f8a7c1_pandas/tseries/offsets.py__get_roll_0,pandas,5,4f4282f8a7c1033fc3efe9f4eab5368a70ae5041,pandas/tseries/offsets.py:_get_roll,pandas/tseries/offsets.py,_get_roll,0,0.43625901370049447
pandas_5_4f4282f8a7c1_pandas/core/series.py__set_with_0,pandas,5,4f4282f8a7c1033fc3efe9f4eab5368a70ae5041,pandas/core/series.py:_set_with,pandas/core/series.py,_set_with,0,0.8499299710180521
pandas_5_4f4282f8a7c1_pandas/tests/arrays/sparse/test_libsparse.py_test_check_integrity_0,pandas,5,4f4282f8a7c1033fc3efe9f4eab5368a70ae5041,pandas/tests/arrays/sparse/test_libsparse.py:test_check_integrity,pandas/tests/arrays/sparse/test_libsparse.py,test_check_integrity,0,0.3140465902412237
pandas_5_4f4282f8a7c1_pandas/tests/indexing/test_partial.py_test_loc_with_list_of_strings_representing_datetimes_missing_value_0,pandas,5,4f4282f8a7c1033fc3efe9f4eab5368a70ae5041,pandas/tests/indexing/test_partial.py:test_loc_with_list_of_strings_representing_datetimes_missing_value,pandas/tests/indexing/test_partial.py,test_loc_with_list_of_strings_representing_datetimes_missing_value,0,0.426167446443864
pandas_5_4f4282f8a7c1_pandas/core/indexes/datetimelike.py_searchsorted_0,pandas,5,4f4282f8a7c1033fc3efe9f4eab5368a70ae5041,pandas/core/indexes/datetimelike.py:searchsorted,pandas/core/indexes/datetimelike.py,searchsorted,0,0.672072876850169
pandas_5_4f4282f8a7c1_pandas/tests/tseries/offsets/test_offsets.py_test_apply_corner_0,pandas,5,4f4282f8a7c1033fc3efe9f4eab5368a70ae5041,pandas/tests/tseries/offsets/test_offsets.py:test_apply_corner,pandas/tests/tseries/offsets/test_offsets.py,test_apply_corner,0,0.4265550518328179
pandas_5_4f4282f8a7c1_pandas/tests/dtypes/test_dtypes.py_test_parser_0,pandas,5,4f4282f8a7c1033fc3efe9f4eab5368a70ae5041,pandas/tests/dtypes/test_dtypes.py:test_parser,pandas/tests/dtypes/test_dtypes.py,test_parser,0,0.37275345831754464
pandas_5_4f4282f8a7c1_pandas/tests/util/test_assert_index_equal.py_test_index_equal_length_mismatch_0,pandas,5,4f4282f8a7c1033fc3efe9f4eab5368a70ae5041,pandas/tests/util/test_assert_index_equal.py:test_index_equal_length_mismatch,pandas/tests/util/test_assert_index_equal.py,test_index_equal_length_mismatch,0,0.2966310822180591
sanic_1_e7001b00747b_sanic/app.py_register_named_middleware_1,sanic,1,e7001b00747b659f7042b0534802b936ee8a53e0,sanic/app.py:register_named_middleware,sanic/app.py,register_named_middleware,1,0.8279475743051943
sanic_1_e7001b00747b_tests/test_middleware.py_test_middleware_request_0,sanic,1,e7001b00747b659f7042b0534802b936ee8a53e0,tests/test_middleware.py:test_middleware_request,tests/test_middleware.py,test_middleware_request,0,0.22720239659924965
sanic_1_e7001b00747b_examples/request_timeout.py_timeout_0,sanic,1,e7001b00747b659f7042b0534802b936ee8a53e0,examples/request_timeout.py:timeout,examples/request_timeout.py,timeout,0,0.29875613276928126
sanic_1_e7001b00747b_tests/test_named_routes.py_test_dynamic_named_route_unhashable_0,sanic,1,e7001b00747b659f7042b0534802b936ee8a53e0,tests/test_named_routes.py:test_dynamic_named_route_unhashable,tests/test_named_routes.py,test_dynamic_named_route_unhashable,0,0.317841379192028
sanic_3_91f6abaa8124_sanic/app.py_url_for_1,sanic,3,91f6abaa81248189fbcbdf685e8bdcbb7846609f,sanic/app.py:url_for,sanic/app.py,url_for,1,0.6635816642265135
sanic_3_91f6abaa8124_examples/try_everything.py_before_stop_0,sanic,3,91f6abaa81248189fbcbdf685e8bdcbb7846609f,examples/try_everything.py:before_stop,examples/try_everything.py,before_stop,0,0.2926766500040622
sanic_3_91f6abaa8124_tests/conftest.py_generate_random_direct_route_0,sanic,3,91f6abaa81248189fbcbdf685e8bdcbb7846609f,tests/conftest.py:generate_random_direct_route,tests/conftest.py,generate_random_direct_route,0,0.5875885225737824
sanic_3_91f6abaa8124_tests/test_requests.py_test_uri_template_asgi_0,sanic,3,91f6abaa81248189fbcbdf685e8bdcbb7846609f,tests/test_requests.py:test_uri_template_asgi,tests/test_requests.py,test_uri_template_asgi,0,0.27604254651666504
sanic_4_e506c8930494_sanic/request.py_url_for_1,sanic,4,e506c89304948bba593e8603ecace1c495b06fd5,sanic/request.py:url_for,sanic/request.py,url_for,1,0.496900217496089
sanic_4_e506c8930494_tests/test_middleware.py_test_middleware_response_raise_cancelled_error_0,sanic,4,e506c89304948bba593e8603ecace1c495b06fd5,tests/test_middleware.py:test_middleware_response_raise_cancelled_error,tests/test_middleware.py,test_middleware_response_raise_cancelled_error,0,0.36284521092522576
sanic_4_e506c8930494_tests/test_keep_alive_timeout.py_handler2_0,sanic,4,e506c89304948bba593e8603ecace1c495b06fd5,tests/test_keep_alive_timeout.py:handler2,tests/test_keep_alive_timeout.py,handler2,0,0.2848794154594918
sanic_4_e506c8930494_tests/test_exceptions.py_test_catch_exception_list_0,sanic,4,e506c89304948bba593e8603ecace1c495b06fd5,tests/test_exceptions.py:test_catch_exception_list,tests/test_exceptions.py,test_catch_exception_list,0,0.22600066772953714
scrapy_1_c57512fa669e_scrapy/spidermiddlewares/offsite.py_get_host_regex_1,scrapy,1,c57512fa669e6f6b1b766a7639206a380f0d10ce,scrapy/spidermiddlewares/offsite.py:get_host_regex,scrapy/spidermiddlewares/offsite.py,get_host_regex,1,0.4303125047159454
scrapy_1_c57512fa669e_scrapy/utils/spider.py_spidercls_for_request_0,scrapy,1,c57512fa669e6f6b1b766a7639206a380f0d10ce,scrapy/utils/spider.py:spidercls_for_request,scrapy/utils/spider.py,spidercls_for_request,0,0.5237215512457254
scrapy_1_c57512fa669e_scrapy/spidermiddlewares/referer.py_request_scheduled_0,scrapy,1,c57512fa669e6f6b1b766a7639206a380f0d10ce,scrapy/spidermiddlewares/referer.py:request_scheduled,scrapy/spidermiddlewares/referer.py,request_scheduled,0,0.7110312156927141
scrapy_1_c57512fa669e_scrapy/http/response/text.py_selector_0,scrapy,1,c57512fa669e6f6b1b766a7639206a380f0d10ce,scrapy/http/response/text.py:selector,scrapy/http/response/text.py,selector,0,0.35271378698398687
scrapy_10_6cc83c041eac_scrapy/downloadermiddlewares/redirect.py_process_response_1,scrapy,10,6cc83c041eac36e7688dbd9c4c55487a43b622e0,scrapy/downloadermiddlewares/redirect.py:process_response,scrapy/downloadermiddlewares/redirect.py,process_response,1,0.5839568508612559
scrapy_10_6cc83c041eac_tests/test_utils_reqser.py_setUp_0,scrapy,10,6cc83c041eac36e7688dbd9c4c55487a43b622e0,tests/test_utils_reqser.py:setUp,tests/test_utils_reqser.py,setUp,0,0.2252327297470249
scrapy_10_6cc83c041eac_scrapy/xlib/tx/client.py_request_0,scrapy,10,6cc83c041eac36e7688dbd9c4c55487a43b622e0,scrapy/xlib/tx/client.py:request,scrapy/xlib/tx/client.py,request,0,0.7673436839428196
scrapy_10_6cc83c041eac_scrapy/spidermiddlewares/urllength.py_from_settings_0,scrapy,10,6cc83c041eac36e7688dbd9c4c55487a43b622e0,scrapy/spidermiddlewares/urllength.py:from_settings,scrapy/spidermiddlewares/urllength.py,from_settings,0,0.3346654550204043
scrapy_11_241bd00e76df_scrapy/utils/gz.py_gunzip_1,scrapy,11,241bd00e76df142a24699819f8496bdec8f5c83a,scrapy/utils/gz.py:gunzip,scrapy/utils/gz.py,gunzip,1,0.5861365069320621
scrapy_11_241bd00e76df_scrapy/utils/datatypes.py___init___0,scrapy,11,241bd00e76df142a24699819f8496bdec8f5c83a,scrapy/utils/datatypes.py:__init__,scrapy/utils/datatypes.py,__init__,0,0.2832607569146411
scrapy_11_241bd00e76df_tests/mockserver.py_render_GET_0,scrapy,11,241bd00e76df142a24699819f8496bdec8f5c83a,tests/mockserver.py:render_GET,tests/mockserver.py,render_GET,0,0.4084140701098616
scrapy_11_241bd00e76df_scrapy/downloadermiddlewares/retry.py_from_crawler_0,scrapy,11,241bd00e76df142a24699819f8496bdec8f5c83a,scrapy/downloadermiddlewares/retry.py:from_crawler,scrapy/downloadermiddlewares/retry.py,from_crawler,0,0.2909651162658641
scrapy_12_34e7dadf38ba_scrapy/selector/unified.py___init___1,scrapy,12,34e7dadf38ba1796094c0c76e92ea8d9837681cc,scrapy/selector/unified.py:__init__,scrapy/selector/unified.py,__init__,1,0.743783665637645
scrapy_12_34e7dadf38ba_tests/test_utils_serialize.py_test_encode_decode_0,scrapy,12,34e7dadf38ba1796094c0c76e92ea8d9837681cc,tests/test_utils_serialize.py:test_encode_decode,tests/test_utils_serialize.py,test_encode_decode,0,0.29251307243276387
scrapy_12_34e7dadf38ba_tests/test_utils_deprecate.py_test_custom_class_paths_0,scrapy,12,34e7dadf38ba1796094c0c76e92ea8d9837681cc,tests/test_utils_deprecate.py:test_custom_class_paths,tests/test_utils_deprecate.py,test_custom_class_paths,0,0.2757319776211324
scrapy_12_34e7dadf38ba_scrapy/utils/url.py_canonicalize_url_0,scrapy,12,34e7dadf38ba1796094c0c76e92ea8d9837681cc,scrapy/utils/url.py:canonicalize_url,scrapy/utils/url.py,canonicalize_url,0,0.5216698356510909
scrapy_14_b7553d921afe_scrapy/utils/gz.py_is_gzipped_1,scrapy,14,b7553d921afe356ec858bb1d2e5b1702df05ea24,scrapy/utils/gz.py:is_gzipped,scrapy/utils/gz.py,is_gzipped,1,0.23224152951238813
scrapy_14_b7553d921afe_tests/test_downloadermiddleware_redirect.py_test_request_meta_handling_0,scrapy,14,b7553d921afe356ec858bb1d2e5b1702df05ea24,tests/test_downloadermiddleware_redirect.py:test_request_meta_handling,tests/test_downloadermiddleware_redirect.py,test_request_meta_handling,0,0.21605640933576292
scrapy_14_b7553d921afe_scrapy/xlib/tx/client.py_dataReceived_0,scrapy,14,b7553d921afe356ec858bb1d2e5b1702df05ea24,scrapy/xlib/tx/client.py:dataReceived,scrapy/xlib/tx/client.py,dataReceived,0,0.4601654192940439
scrapy_14_b7553d921afe_scrapy/commands/__init__.py_set_crawler_0,scrapy,14,b7553d921afe356ec858bb1d2e5b1702df05ea24,scrapy/commands/__init__.py:set_crawler,scrapy/commands/__init__.py,set_crawler,0,0.2750499885854111
scrapy_15_b7925e42202d_scrapy/utils/url.py__safe_ParseResult_1,scrapy,15,b7925e42202d79d2ba9d00b6aded3a451c92fe81,scrapy/utils/url.py:_safe_ParseResult,scrapy/utils/url.py,_safe_ParseResult,1,0.312393873559941
scrapy_15_b7925e42202d_scrapy/crawler.py__create_engine_0,scrapy,15,b7925e42202d79d2ba9d00b6aded3a451c92fe81,scrapy/crawler.py:_create_engine,scrapy/crawler.py,_create_engine,0,0.33797504399046974
scrapy_15_b7925e42202d_tests/test_downloadermiddleware_redirect.py_test_meta_refresh_0,scrapy,15,b7925e42202d79d2ba9d00b6aded3a451c92fe81,tests/test_downloadermiddleware_redirect.py:test_meta_refresh,tests/test_downloadermiddleware_redirect.py,test_meta_refresh,0,0.23070158741566393
scrapy_15_b7925e42202d_tests/test_spidermiddleware_httperror.py_test_middleware_works_0,scrapy,15,b7925e42202d79d2ba9d00b6aded3a451c92fe81,tests/test_spidermiddleware_httperror.py:test_middleware_works,tests/test_spidermiddleware_httperror.py,test_middleware_works,0,0.25354356930501604
scrapy_16_73a5571c6044_scrapy/utils/url.py_parse_url_1,scrapy,16,73a5571c6044d5aea47b4f973e325c2f3d4e25dc,scrapy/utils/url.py:parse_url,scrapy/utils/url.py,parse_url,1,0.3616565334421096
scrapy_16_73a5571c6044_scrapy/utils/url.py_canonicalize_url_1,scrapy,16,73a5571c6044d5aea47b4f973e325c2f3d4e25dc,scrapy/utils/url.py:canonicalize_url,scrapy/utils/url.py,canonicalize_url,1,0.38424534229070473
scrapy_16_73a5571c6044_scrapy/utils/url.py__unquotepath_1,scrapy,16,73a5571c6044d5aea47b4f973e325c2f3d4e25dc,scrapy/utils/url.py:_unquotepath,scrapy/utils/url.py,_unquotepath,1,0.3059063143096305
scrapy_16_73a5571c6044_tests/test_loader.py_test_get_value_0,scrapy,16,73a5571c6044d5aea47b4f973e325c2f3d4e25dc,tests/test_loader.py:test_get_value,tests/test_loader.py,test_get_value,0,0.1989237086581652
scrapy_16_73a5571c6044_scrapy/core/downloader/webclient.py_timeout_0,scrapy,16,73a5571c6044d5aea47b4f973e325c2f3d4e25dc,scrapy/core/downloader/webclient.py:timeout,scrapy/core/downloader/webclient.py,timeout,0,0.31690399104801326
scrapy_16_73a5571c6044_scrapy/commands/__init__.py_long_desc_0,scrapy,16,73a5571c6044d5aea47b4f973e325c2f3d4e25dc,scrapy/commands/__init__.py:long_desc,scrapy/commands/__init__.py,long_desc,0,0.2444691679138739
scrapy_16_73a5571c6044_tests/test_http_request.py__test_request_0,scrapy,16,73a5571c6044d5aea47b4f973e325c2f3d4e25dc,tests/test_http_request.py:_test_request,tests/test_http_request.py,_test_request,0,0.27136488436733813
scrapy_16_73a5571c6044_scrapy/pipelines/files.py_file_key_0,scrapy,16,73a5571c6044d5aea47b4f973e325c2f3d4e25dc,scrapy/pipelines/files.py:file_key,scrapy/pipelines/files.py,file_key,0,0.46807074583792146
scrapy_16_73a5571c6044_tests/test_feedexport.py_get_test_spider_0,scrapy,16,73a5571c6044d5aea47b4f973e325c2f3d4e25dc,tests/test_feedexport.py:get_test_spider,tests/test_feedexport.py,get_test_spider,0,0.41601273467411887
scrapy_16_73a5571c6044_scrapy/utils/datatypes.py___setitem___0,scrapy,16,73a5571c6044d5aea47b4f973e325c2f3d4e25dc,scrapy/utils/datatypes.py:__setitem__,scrapy/utils/datatypes.py,__setitem__,0,0.43036487414953895
scrapy_16_73a5571c6044_scrapy/downloadermiddlewares/robotstxt.py_process_request_2_0,scrapy,16,73a5571c6044d5aea47b4f973e325c2f3d4e25dc,scrapy/downloadermiddlewares/robotstxt.py:process_request_2,scrapy/downloadermiddlewares/robotstxt.py,process_request_2,0,0.4739771754683369
scrapy_16_73a5571c6044_scrapy/xlib/tx/interfaces.py_writeConnectionLost_0,scrapy,16,73a5571c6044d5aea47b4f973e325c2f3d4e25dc,scrapy/xlib/tx/interfaces.py:writeConnectionLost,scrapy/xlib/tx/interfaces.py,writeConnectionLost,0,0.21570737130201714
scrapy_17_ebef6d7c6dd8_scrapy/utils/response.py_response_status_message_1,scrapy,17,ebef6d7c6dd8922210db8a4a44f48fe27ee0cd16,scrapy/utils/response.py:response_status_message,scrapy/utils/response.py,response_status_message,1,0.2644246371070847
scrapy_17_ebef6d7c6dd8_scrapy/commands/shell.py__start_crawler_thread_0,scrapy,17,ebef6d7c6dd8922210db8a4a44f48fe27ee0cd16,scrapy/commands/shell.py:_start_crawler_thread,scrapy/commands/shell.py,_start_crawler_thread,0,0.23584805215347013
scrapy_17_ebef6d7c6dd8_scrapy/spiders/init.py_start_requests_0,scrapy,17,ebef6d7c6dd8922210db8a4a44f48fe27ee0cd16,scrapy/spiders/init.py:start_requests,scrapy/spiders/init.py,start_requests,0,0.2136767762975761
scrapy_17_ebef6d7c6dd8_scrapy/xlib/tx/iweb.py_getRootURL_0,scrapy,17,ebef6d7c6dd8922210db8a4a44f48fe27ee0cd16,scrapy/xlib/tx/iweb.py:getRootURL,scrapy/xlib/tx/iweb.py,getRootURL,0,0.179239339088621
scrapy_18_41588397c043_scrapy/responsetypes.py_from_content_disposition_1,scrapy,18,41588397c04356f2b0c393b61ed68271a08d6ccd,scrapy/responsetypes.py:from_content_disposition,scrapy/responsetypes.py,from_content_disposition,1,0.3884885719346342
scrapy_18_41588397c043_scrapy/utils/request.py_referer_str_0,scrapy,18,41588397c04356f2b0c393b61ed68271a08d6ccd,scrapy/utils/request.py:referer_str,scrapy/utils/request.py,referer_str,0,0.32472986951200195
scrapy_18_41588397c043_scrapy/extensions/memusage.py__check_limit_0,scrapy,18,41588397c04356f2b0c393b61ed68271a08d6ccd,scrapy/extensions/memusage.py:_check_limit,scrapy/extensions/memusage.py,_check_limit,0,0.5264401583949672
scrapy_18_41588397c043_tests/test_downloadermiddleware_httpcache.py__storage_0,scrapy,18,41588397c04356f2b0c393b61ed68271a08d6ccd,tests/test_downloadermiddleware_httpcache.py:_storage,tests/test_downloadermiddleware_httpcache.py,_storage,0,0.4547975733225365
scrapy_19_e328a9b9dfa4_scrapy/http/cookies.py_get_origin_req_host_1,scrapy,19,e328a9b9dfa4fbc79c59ed4f45f757e998301c31,scrapy/http/cookies.py:get_origin_req_host,scrapy/http/cookies.py,get_origin_req_host,1,0.2260131683170797
scrapy_19_e328a9b9dfa4_tests/test_linkextractors.py_test_restrict_xpaths_with_html_entities_0,scrapy,19,e328a9b9dfa4fbc79c59ed4f45f757e998301c31,tests/test_linkextractors.py:test_restrict_xpaths_with_html_entities,tests/test_linkextractors.py,test_restrict_xpaths_with_html_entities,0,0.22990732362685942
scrapy_19_e328a9b9dfa4_scrapy/xlib/tx/client.py__computeHostValue_0,scrapy,19,e328a9b9dfa4fbc79c59ed4f45f757e998301c31,scrapy/xlib/tx/client.py:_computeHostValue,scrapy/xlib/tx/client.py,_computeHostValue,0,0.6675938304200864
scrapy_19_e328a9b9dfa4_tests/test_squeues.py_test_serialize_request_recursive_0,scrapy,19,e328a9b9dfa4fbc79c59ed4f45f757e998301c31,tests/test_squeues.py:test_serialize_request_recursive,tests/test_squeues.py,test_serialize_request_recursive,0,0.2366913344272167
scrapy_2_f02c3d1dcf3e_scrapy/utils/datatypes.py___setitem___1,scrapy,2,f02c3d1dcf3e4880388d19e961e7911be5dc54ff,scrapy/utils/datatypes.py:__setitem__,scrapy/utils/datatypes.py,__setitem__,1,0.4302718326555709
scrapy_2_f02c3d1dcf3e_tests/test_toplevel.py_test_selector_shortcut_0,scrapy,2,f02c3d1dcf3e4880388d19e961e7911be5dc54ff,tests/test_toplevel.py:test_selector_shortcut,tests/test_toplevel.py,test_selector_shortcut,0,0.24469691392152693
scrapy_2_f02c3d1dcf3e_tests/test_link.py_test_repr_0,scrapy,2,f02c3d1dcf3e4880388d19e961e7911be5dc54ff,tests/test_link.py:test_repr,tests/test_link.py,test_repr,0,0.22518197018897268
scrapy_2_f02c3d1dcf3e_scrapy/cmdline.py__run_command_0,scrapy,2,f02c3d1dcf3e4880388d19e961e7911be5dc54ff,scrapy/cmdline.py:_run_command,scrapy/cmdline.py,_run_command,0,0.5092223543105169
scrapy_20_e328a9b9dfa4_scrapy/spiders/sitemap.py__parse_sitemap_1,scrapy,20,e328a9b9dfa4fbc79c59ed4f45f757e998301c31,scrapy/spiders/sitemap.py:_parse_sitemap,scrapy/spiders/sitemap.py,_parse_sitemap,1,0.7962548110833235
scrapy_20_e328a9b9dfa4_tests/test_utils_url.py_test_protocol_relative_path_0,scrapy,20,e328a9b9dfa4fbc79c59ed4f45f757e998301c31,tests/test_utils_url.py:test_protocol_relative_path,tests/test_utils_url.py,test_protocol_relative_path,0,0.22163646073559587
scrapy_20_e328a9b9dfa4_tests/test_loader.py_test_input_processor_inheritance_0,scrapy,20,e328a9b9dfa4fbc79c59ed4f45f757e998301c31,tests/test_loader.py:test_input_processor_inheritance,tests/test_loader.py,test_input_processor_inheritance,0,0.18827675151124662
scrapy_20_e328a9b9dfa4_scrapy/xlib/tx/client.py_resumeProducing_0,scrapy,20,e328a9b9dfa4fbc79c59ed4f45f757e998301c31,scrapy/xlib/tx/client.py:resumeProducing,scrapy/xlib/tx/client.py,resumeProducing,0,0.4008554057404307
scrapy_21_43a53aca1207_scrapy/downloadermiddlewares/robotstxt.py__robots_error_1,scrapy,21,43a53aca1207a82b663fe7a90c375546ce340a8e,scrapy/downloadermiddlewares/robotstxt.py:_robots_error,scrapy/downloadermiddlewares/robotstxt.py,_robots_error,1,0.3353529656220661
scrapy_21_43a53aca1207_tests/test_utils_url.py_test_port_0,scrapy,21,43a53aca1207a82b663fe7a90c375546ce340a8e,tests/test_utils_url.py:test_port,tests/test_utils_url.py,test_port,0,0.22163691195998825
scrapy_21_43a53aca1207_scrapy/core/downloader/handlers/file.py___init___0,scrapy,21,43a53aca1207a82b663fe7a90c375546ce340a8e,scrapy/core/downloader/handlers/file.py:__init__,scrapy/core/downloader/handlers/file.py,__init__,0,0.2648464971022573
scrapy_21_43a53aca1207_scrapy/extensions/closespider.py_spider_opened_0,scrapy,21,43a53aca1207a82b663fe7a90c375546ce340a8e,scrapy/extensions/closespider.py:spider_opened,scrapy/extensions/closespider.py,spider_opened,0,0.26766366655374074
scrapy_22_a35aec71e96b_scrapy/exporters.py__export_xml_field_1,scrapy,22,a35aec71e96b0c0288c370afa425e8e700dca8b3,scrapy/exporters.py:_export_xml_field,scrapy/exporters.py,_export_xml_field,1,0.6541612168319825
scrapy_22_a35aec71e96b_scrapy/utils/deprecate.py_update_classpath_0,scrapy,22,a35aec71e96b0c0288c370afa425e8e700dca8b3,scrapy/utils/deprecate.py:update_classpath,scrapy/utils/deprecate.py,update_classpath,0,0.3578274563042064
scrapy_22_a35aec71e96b_scrapy/downloadermiddlewares/ajaxcrawl.py_process_response_0,scrapy,22,a35aec71e96b0c0288c370afa425e8e700dca8b3,scrapy/downloadermiddlewares/ajaxcrawl.py:process_response,scrapy/downloadermiddlewares/ajaxcrawl.py,process_response,0,0.5237519859357509
scrapy_22_a35aec71e96b_scrapy/core/downloader/handlers/http11.py___init___0,scrapy,22,a35aec71e96b0c0288c370afa425e8e700dca8b3,scrapy/core/downloader/handlers/http11.py:__init__,scrapy/core/downloader/handlers/http11.py,__init__,0,0.3544048049074908
scrapy_23_c9e046d11dc6_scrapy/downloadermiddlewares/httpproxy.py__get_proxy_1,scrapy,23,c9e046d11dc63fbdc40effce4e6d15bcecd44593,scrapy/downloadermiddlewares/httpproxy.py:_get_proxy,scrapy/downloadermiddlewares/httpproxy.py,_get_proxy,1,0.41355314548306293
scrapy_23_c9e046d11dc6_scrapy/downloadermiddlewares/httpproxy.py__set_proxy_1,scrapy,23,c9e046d11dc63fbdc40effce4e6d15bcecd44593,scrapy/downloadermiddlewares/httpproxy.py:_set_proxy,scrapy/downloadermiddlewares/httpproxy.py,_set_proxy,1,0.44286935684200324
scrapy_23_c9e046d11dc6_tests/test_loader.py_test_constructor_with_response_0,scrapy,23,c9e046d11dc63fbdc40effce4e6d15bcecd44593,tests/test_loader.py:test_constructor_with_response,tests/test_loader.py,test_constructor_with_response,0,0.236421418589238
scrapy_23_c9e046d11dc6_scrapy/extensions/memusage.py___init___0,scrapy,23,c9e046d11dc63fbdc40effce4e6d15bcecd44593,scrapy/extensions/memusage.py:__init__,scrapy/extensions/memusage.py,__init__,0,0.3705830437072935
scrapy_23_c9e046d11dc6_scrapy/utils/misc.py_md5sum_0,scrapy,23,c9e046d11dc63fbdc40effce4e6d15bcecd44593,scrapy/utils/misc.py:md5sum,scrapy/utils/misc.py,md5sum,0,0.39814343653051415
scrapy_23_c9e046d11dc6_scrapy/utils/request.py_request_authenticate_0,scrapy,23,c9e046d11dc63fbdc40effce4e6d15bcecd44593,scrapy/utils/request.py:request_authenticate,scrapy/utils/request.py,request_authenticate,0,0.3473332432055341
scrapy_23_c9e046d11dc6_tests/test_squeues.py_test_serialize_item_0,scrapy,23,c9e046d11dc63fbdc40effce4e6d15bcecd44593,tests/test_squeues.py:test_serialize_item,tests/test_squeues.py,test_serialize_item,0,0.23706721398839944
scrapy_23_c9e046d11dc6_scrapy/pipelines/images.py_file_key_0,scrapy,23,c9e046d11dc63fbdc40effce4e6d15bcecd44593,scrapy/pipelines/images.py:file_key,scrapy/pipelines/images.py,file_key,0,0.36197224866813005
scrapy_24_98c060d0b2cc_scrapy/core/downloader/handlers/http11.py_requestTunnel_1,scrapy,24,98c060d0b2cc76934e16abc03a033f21850fd565,scrapy/core/downloader/handlers/http11.py:requestTunnel,scrapy/core/downloader/handlers/http11.py,requestTunnel,1,0.4680467084709076
scrapy_24_98c060d0b2cc_scrapy/xlib/tx/interfaces.py_fileno_0,scrapy,24,98c060d0b2cc76934e16abc03a033f21850fd565,scrapy/xlib/tx/interfaces.py:fileno,scrapy/xlib/tx/interfaces.py,fileno,0,0.1781838158634753
scrapy_24_98c060d0b2cc_scrapy/pipelines/files.py_stat_file_0,scrapy,24,98c060d0b2cc76934e16abc03a033f21850fd565,scrapy/pipelines/files.py:stat_file,scrapy/pipelines/files.py,stat_file,0,0.5974766990315213
scrapy_24_98c060d0b2cc_tests/test_utils_python.py_test_one_with_encoding_0,scrapy,24,98c060d0b2cc76934e16abc03a033f21850fd565,tests/test_utils_python.py:test_one_with_encoding,tests/test_utils_python.py,test_one_with_encoding,0,0.23822261898640176
scrapy_25_57f87b95d4d7_scrapy/http/request/form.py__get_form_1,scrapy,25,57f87b95d4d705f8afdd8fb9f7551033a7d88ee2,scrapy/http/request/form.py:_get_form,scrapy/http/request/form.py,_get_form,1,0.8038258993536157
scrapy_25_57f87b95d4d7_scrapy/http/request/form.py__get_form_url_1,scrapy,25,57f87b95d4d705f8afdd8fb9f7551033a7d88ee2,scrapy/http/request/form.py:_get_form_url,scrapy/http/request/form.py,_get_form_url,1,0.3669751409420268
scrapy_25_57f87b95d4d7_scrapy/utils/engine.py_print_engine_status_0,scrapy,25,57f87b95d4d705f8afdd8fb9f7551033a7d88ee2,scrapy/utils/engine.py:print_engine_status,scrapy/utils/engine.py,print_engine_status,0,0.2198801711751427
scrapy_25_57f87b95d4d7_tests/test_http_request.py_test_copy_0,scrapy,25,57f87b95d4d705f8afdd8fb9f7551033a7d88ee2,tests/test_http_request.py:test_copy,tests/test_http_request.py,test_copy,0,0.2230396177047329
scrapy_25_57f87b95d4d7_tests/test_exporters.py__get_exporter_0,scrapy,25,57f87b95d4d705f8afdd8fb9f7551033a7d88ee2,tests/test_exporters.py:_get_exporter,tests/test_exporters.py,_get_exporter,0,0.32787260852584926
scrapy_25_57f87b95d4d7_scrapy/utils/datatypes.py_appendlist_0,scrapy,25,57f87b95d4d705f8afdd8fb9f7551033a7d88ee2,scrapy/utils/datatypes.py:appendlist,scrapy/utils/datatypes.py,appendlist,0,0.3385397191967839
scrapy_25_57f87b95d4d7_scrapy/commands/bench.py___exit___0,scrapy,25,57f87b95d4d705f8afdd8fb9f7551033a7d88ee2,scrapy/commands/bench.py:__exit__,scrapy/commands/bench.py,__exit__,0,0.3920828269646488
scrapy_25_57f87b95d4d7_scrapy/core/scraper.py__itemproc_finished_0,scrapy,25,57f87b95d4d705f8afdd8fb9f7551033a7d88ee2,scrapy/core/scraper.py:_itemproc_finished,scrapy/core/scraper.py,_itemproc_finished,0,0.6383236690502102
scrapy_26_f249b309ab77_scrapy/settings/__init__.py__getcomposite_1,scrapy,26,f249b309ab779b5ab518f54f309d7a4ac6661ec7,scrapy/settings/__init__.py:_getcomposite,scrapy/settings/__init__.py,_getcomposite,1,0.3851126823344537
scrapy_26_f249b309ab77_scrapy/settings/__init__.py_getbool_1,scrapy,26,f249b309ab779b5ab518f54f309d7a4ac6661ec7,scrapy/settings/__init__.py:getbool,scrapy/settings/__init__.py,getbool,1,0.3503039238790946
scrapy_26_f249b309ab77_tests/test_utils_reqser.py_test_unserializable_callback2_0,scrapy,26,f249b309ab779b5ab518f54f309d7a4ac6661ec7,tests/test_utils_reqser.py:test_unserializable_callback2,tests/test_utils_reqser.py,test_unserializable_callback2,0,0.2216674851679442
scrapy_26_f249b309ab77_tests/test_downloadermiddleware_ajaxcrawlable.py_test_binary_response_0,scrapy,26,f249b309ab779b5ab518f54f309d7a4ac6661ec7,tests/test_downloadermiddleware_ajaxcrawlable.py:test_binary_response,tests/test_downloadermiddleware_ajaxcrawlable.py,test_binary_response,0,0.22082585841602065
scrapy_26_f249b309ab77_scrapy/utils/python.py_stringify_dict_0,scrapy,26,f249b309ab779b5ab518f54f309d7a4ac6661ec7,scrapy/utils/python.py:stringify_dict,scrapy/utils/python.py,stringify_dict,0,0.5225708747454786
scrapy_26_f249b309ab77_scrapy/spiderloader.py_find_by_request_0,scrapy,26,f249b309ab779b5ab518f54f309d7a4ac6661ec7,scrapy/spiderloader.py:find_by_request,scrapy/spiderloader.py,find_by_request,0,0.2714506574747181
scrapy_26_f249b309ab77_extras/qps-bench-server.py___init___0,scrapy,26,f249b309ab779b5ab518f54f309d7a4ac6661ec7,extras/qps-bench-server.py:__init__,extras/qps-bench-server.py,__init__,0,0.241627090755731
scrapy_26_f249b309ab77_scrapy/xlib/tx/interfaces.py_callLater_0,scrapy,26,f249b309ab779b5ab518f54f309d7a4ac6661ec7,scrapy/xlib/tx/interfaces.py:callLater,scrapy/xlib/tx/interfaces.py,callLater,0,0.351392875623434
scrapy_27_280eab241680_scrapy/downloadermiddlewares/redirect.py_process_response_1,scrapy,27,280eab241680c93a763a3ef3a9ccd0c257259ca0,scrapy/downloadermiddlewares/redirect.py:process_response,scrapy/downloadermiddlewares/redirect.py,process_response,1,0.5751412236179838
scrapy_27_280eab241680_scrapy/downloadermiddlewares/stats.py_process_request_0,scrapy,27,280eab241680c93a763a3ef3a9ccd0c257259ca0,scrapy/downloadermiddlewares/stats.py:process_request,scrapy/downloadermiddlewares/stats.py,process_request,0,0.2907424463644231
scrapy_27_280eab241680_tests/test_webclient.py_setUp_0,scrapy,27,280eab241680c93a763a3ef3a9ccd0c257259ca0,tests/test_webclient.py:setUp,tests/test_webclient.py,setUp,0,0.2059006294407844
scrapy_27_280eab241680_scrapy/utils/log.py_filter_0,scrapy,27,280eab241680c93a763a3ef3a9ccd0c257259ca0,scrapy/utils/log.py:filter,scrapy/utils/log.py,filter,0,0.38058454110668816
scrapy_28_e2f31f3018c0_scrapy/dupefilters.py___init___1,scrapy,28,e2f31f3018c0037f65982209c22f93b80a5d6e7b,scrapy/dupefilters.py:__init__,scrapy/dupefilters.py,__init__,1,0.3988800103865709
scrapy_28_e2f31f3018c0_scrapy/extensions/throttle.py__adjust_delay_0,scrapy,28,e2f31f3018c0037f65982209c22f93b80a5d6e7b,scrapy/extensions/throttle.py:_adjust_delay,scrapy/extensions/throttle.py,_adjust_delay,0,0.4356262472004381
scrapy_28_e2f31f3018c0_tests/test_downloadermiddleware_httpproxy.py_test_enviroment_proxies_0,scrapy,28,e2f31f3018c0037f65982209c22f93b80a5d6e7b,tests/test_downloadermiddleware_httpproxy.py:test_enviroment_proxies,tests/test_downloadermiddleware_httpproxy.py,test_enviroment_proxies,0,0.2927320636861556
scrapy_28_e2f31f3018c0_tests/test_middleware.py_test_enabled_0,scrapy,28,e2f31f3018c0037f65982209c22f93b80a5d6e7b,tests/test_middleware.py:test_enabled,tests/test_middleware.py,test_enabled,0,0.2176270058075879
scrapy_29_5c4666a3d489_scrapy/utils/request.py_request_httprepr_1,scrapy,29,5c4666a3d489bd3efa2e188de58721a125a5bfad,scrapy/utils/request.py:request_httprepr,scrapy/utils/request.py,request_httprepr,1,0.3126284325088495
scrapy_29_5c4666a3d489_tests/test_downloadermiddleware_decompression.py_test_plain_response_0,scrapy,29,5c4666a3d489bd3efa2e188de58721a125a5bfad,tests/test_downloadermiddleware_decompression.py:test_plain_response,tests/test_downloadermiddleware_decompression.py,test_plain_response,0,0.23064904653058027
scrapy_29_5c4666a3d489_tests/test_pipeline_media.py__mocked_download_func_0,scrapy,29,5c4666a3d489bd3efa2e188de58721a125a5bfad,tests/test_pipeline_media.py:_mocked_download_func,tests/test_pipeline_media.py,_mocked_download_func,0,0.3378172116280048
scrapy_29_5c4666a3d489_scrapy/crawler.py_stop_0,scrapy,29,5c4666a3d489bd3efa2e188de58721a125a5bfad,scrapy/crawler.py:stop,scrapy/crawler.py,stop,0,0.410403745088549
scrapy_3_be2e910dd06b_scrapy/downloadermiddlewares/redirect.py_process_response_1,scrapy,3,be2e910dd06ba4904e7b10eb5a7e3251e8dab099,scrapy/downloadermiddlewares/redirect.py:process_response,scrapy/downloadermiddlewares/redirect.py,process_response,1,0.4966617497834633
scrapy_3_be2e910dd06b_scrapy/core/downloader/webclient.py_handleResponse_0,scrapy,3,be2e910dd06ba4904e7b10eb5a7e3251e8dab099,scrapy/core/downloader/webclient.py:handleResponse,scrapy/core/downloader/webclient.py,handleResponse,0,0.4592361763320586
scrapy_3_be2e910dd06b_scrapy/commands/parse.py_run_0,scrapy,3,be2e910dd06ba4904e7b10eb5a7e3251e8dab099,scrapy/commands/parse.py:run,scrapy/commands/parse.py,run,0,0.4911696566223071
scrapy_3_be2e910dd06b_tests/test_utils_python.py_test_binaryistext_0,scrapy,3,be2e910dd06ba4904e7b10eb5a7e3251e8dab099,tests/test_utils_python.py:test_binaryistext,tests/test_utils_python.py,test_binaryistext,0,0.25166327939760474
scrapy_30_4d41cc0dc482_scrapy/utils/testproc.py___init___1,scrapy,30,4d41cc0dc4821da07d467b368528c61ce48a0df2,scrapy/utils/testproc.py:__init__,scrapy/utils/testproc.py,__init__,1,0.22476888452500335
scrapy_30_4d41cc0dc482_scrapy/cmdline.py__iter_command_classes_1,scrapy,30,4d41cc0dc4821da07d467b368528c61ce48a0df2,scrapy/cmdline.py:_iter_command_classes,scrapy/cmdline.py,_iter_command_classes,1,0.5780996098362442
scrapy_30_4d41cc0dc482_scrapy/extensions/httpcache.py__request_key_0,scrapy,30,4d41cc0dc4821da07d467b368528c61ce48a0df2,scrapy/extensions/httpcache.py:_request_key,scrapy/extensions/httpcache.py,_request_key,0,0.3586432258415125
scrapy_30_4d41cc0dc482_tests/test_logformatter.py___str___0,scrapy,30,4d41cc0dc4821da07d467b368528c61ce48a0df2,tests/test_logformatter.py:__str__,tests/test_logformatter.py,__str__,0,0.23603783633135067
scrapy_30_4d41cc0dc482_scrapy/resolver.py__cache_result_0,scrapy,30,4d41cc0dc4821da07d467b368528c61ce48a0df2,scrapy/resolver.py:_cache_result,scrapy/resolver.py,_cache_result,0,0.31288698018327155
scrapy_30_4d41cc0dc482_scrapy/xlib/tx/_newclient.py_lineReceived_0,scrapy,30,4d41cc0dc4821da07d467b368528c61ce48a0df2,scrapy/xlib/tx/_newclient.py:lineReceived,scrapy/xlib/tx/_newclient.py,lineReceived,0,0.7310924287963151
scrapy_30_4d41cc0dc482_tests/test_selector_csstranslator.py_setUp_0,scrapy,30,4d41cc0dc4821da07d467b368528c61ce48a0df2,tests/test_selector_csstranslator.py:setUp,tests/test_selector_csstranslator.py,setUp,0,0.23451619171854288
scrapy_30_4d41cc0dc482_tests/test_pipeline_files.py_test_file_not_expired_0,scrapy,30,4d41cc0dc4821da07d467b368528c61ce48a0df2,tests/test_pipeline_files.py:test_file_not_expired,tests/test_pipeline_files.py,test_file_not_expired,0,0.3616873795051474
scrapy_31_5f02ef82e856_scrapy/http/cookies.py_get_header_1,scrapy,31,5f02ef82e8560242eb34b336f385addfdef3211d,scrapy/http/cookies.py:get_header,scrapy/http/cookies.py,get_header,1,0.31237014366045474
scrapy_31_5f02ef82e856_scrapy/http/cookies.py_get_all_1,scrapy,31,5f02ef82e8560242eb34b336f385addfdef3211d,scrapy/http/cookies.py:get_all,scrapy/http/cookies.py,get_all,1,0.31237014366045474
scrapy_31_5f02ef82e856_scrapy/http/cookies.py_header_items_1,scrapy,31,5f02ef82e8560242eb34b336f385addfdef3211d,scrapy/http/cookies.py:header_items,scrapy/http/cookies.py,header_items,1,0.2186941624419832
scrapy_31_5f02ef82e856_scrapy/extensions/httpcache.py___init___0,scrapy,31,5f02ef82e8560242eb34b336f385addfdef3211d,scrapy/extensions/httpcache.py:__init__,scrapy/extensions/httpcache.py,__init__,0,0.3439174499936766
scrapy_31_5f02ef82e856_tests/test_downloadermiddleware_httpcache.py__get_settings_0,scrapy,31,5f02ef82e8560242eb34b336f385addfdef3211d,tests/test_downloadermiddleware_httpcache.py:_get_settings,tests/test_downloadermiddleware_httpcache.py,_get_settings,0,0.34192599401582835
scrapy_31_5f02ef82e856_scrapy/downloadermiddlewares/redirect.py_process_response_0,scrapy,31,5f02ef82e8560242eb34b336f385addfdef3211d,scrapy/downloadermiddlewares/redirect.py:process_response,scrapy/downloadermiddlewares/redirect.py,process_response,0,0.5751307110438438
scrapy_31_5f02ef82e856_scrapy/signalmanager.py_connect_0,scrapy,31,5f02ef82e8560242eb34b336f385addfdef3211d,scrapy/signalmanager.py:connect,scrapy/signalmanager.py,connect,0,0.35231831873748704
scrapy_31_5f02ef82e856_scrapy/xlib/tx/client.py_connectionLost_0,scrapy,31,5f02ef82e8560242eb34b336f385addfdef3211d,scrapy/xlib/tx/client.py:connectionLost,scrapy/xlib/tx/client.py,connectionLost,0,0.620023457932487
scrapy_31_5f02ef82e856_scrapy/xlib/tx/iweb.py_setETag_0,scrapy,31,5f02ef82e8560242eb34b336f385addfdef3211d,scrapy/xlib/tx/iweb.py:setETag,scrapy/xlib/tx/iweb.py,setETag,0,0.21297707896110613
scrapy_31_5f02ef82e856_scrapy/shell.py_print_help_0,scrapy,31,5f02ef82e8560242eb34b336f385addfdef3211d,scrapy/shell.py:print_help,scrapy/shell.py,print_help,0,0.4786294691679781
scrapy_31_5f02ef82e856_scrapy/xlib/tx/interfaces.py_joinGroup_0,scrapy,31,5f02ef82e8560242eb34b336f385addfdef3211d,scrapy/xlib/tx/interfaces.py:joinGroup,scrapy/xlib/tx/interfaces.py,joinGroup,0,0.25672850124550217
scrapy_31_5f02ef82e856_scrapy/pipelines/media.py_media_to_download_0,scrapy,31,5f02ef82e8560242eb34b336f385addfdef3211d,scrapy/pipelines/media.py:media_to_download,scrapy/pipelines/media.py,media_to_download,0,0.3605953116275674
scrapy_32_342cb622f1ea_scrapy/crawler.py___init___1,scrapy,32,342cb622f1ea93268477da557099010bbd72529a,scrapy/crawler.py:__init__,scrapy/crawler.py,__init__,1,0.3654900619911976
scrapy_32_342cb622f1ea_scrapy/utils/datatypes.py_lists_0,scrapy,32,342cb622f1ea93268477da557099010bbd72529a,scrapy/utils/datatypes.py:lists,scrapy/utils/datatypes.py,lists,0,0.23137495477286815
scrapy_32_342cb622f1ea_scrapy/core/downloader/handlers/ftp.py_dataReceived_0,scrapy,32,342cb622f1ea93268477da557099010bbd72529a,scrapy/core/downloader/handlers/ftp.py:dataReceived,scrapy/core/downloader/handlers/ftp.py,dataReceived,0,0.29334060976072246
scrapy_32_342cb622f1ea_scrapy/xlib/tx/interfaces.py_setTcpKeepAlive_0,scrapy,32,342cb622f1ea93268477da557099010bbd72529a,scrapy/xlib/tx/interfaces.py:setTcpKeepAlive,scrapy/xlib/tx/interfaces.py,setTcpKeepAlive,0,0.21504508484859342
scrapy_33_2d216771976c_scrapy/core/engine.py__next_request_from_scheduler_1,scrapy,33,2d216771976cd7aedfb88ae97418c2d4dcc84917,scrapy/core/engine.py:_next_request_from_scheduler,scrapy/core/engine.py,_next_request_from_scheduler,1,0.39413634165920725
scrapy_33_2d216771976c_scrapy/core/engine.py_close_spider_1,scrapy,33,2d216771976cd7aedfb88ae97418c2d4dcc84917,scrapy/core/engine.py:close_spider,scrapy/core/engine.py,close_spider,1,0.3165884599231342
scrapy_33_2d216771976c_scrapy/log.py_err_1,scrapy,33,2d216771976cd7aedfb88ae97418c2d4dcc84917,scrapy/log.py:err,scrapy/log.py,err,1,0.30172751960549865
scrapy_33_2d216771976c_scrapy/extensions/feedexport.py_close_spider_1,scrapy,33,2d216771976cd7aedfb88ae97418c2d4dcc84917,scrapy/extensions/feedexport.py:close_spider,scrapy/extensions/feedexport.py,close_spider,1,0.4440171329367235
scrapy_33_2d216771976c_scrapy/pipelines/media.py_item_completed_1,scrapy,33,2d216771976cd7aedfb88ae97418c2d4dcc84917,scrapy/pipelines/media.py:item_completed,scrapy/pipelines/media.py,item_completed,1,0.6712895088426998
scrapy_33_2d216771976c_scrapy/utils/log.py_filter_1,scrapy,33,2d216771976cd7aedfb88ae97418c2d4dcc84917,scrapy/utils/log.py:filter,scrapy/utils/log.py,filter,1,0.3892191050148367
scrapy_33_2d216771976c_scrapy/core/engine.py__handle_downloader_output_1,scrapy,33,2d216771976cd7aedfb88ae97418c2d4dcc84917,scrapy/core/engine.py:_handle_downloader_output,scrapy/core/engine.py,_handle_downloader_output,1,0.5115191662099641
scrapy_33_2d216771976c_scrapy/utils/signal.py_send_catch_log_deferred_1,scrapy,33,2d216771976cd7aedfb88ae97418c2d4dcc84917,scrapy/utils/signal.py:send_catch_log_deferred,scrapy/utils/signal.py,send_catch_log_deferred,1,0.41947936058691737
scrapy_33_2d216771976c_scrapy/core/scraper.py_enqueue_scrape_1,scrapy,33,2d216771976cd7aedfb88ae97418c2d4dcc84917,scrapy/core/scraper.py:enqueue_scrape,scrapy/core/scraper.py,enqueue_scrape,1,0.47141921678417864
scrapy_33_2d216771976c_scrapy/pipelines/files.py_media_to_download_1,scrapy,33,2d216771976cd7aedfb88ae97418c2d4dcc84917,scrapy/pipelines/files.py:media_to_download,scrapy/pipelines/files.py,media_to_download,1,0.5338552607381579
scrapy_33_2d216771976c_scrapy/downloadermiddlewares/robotstxt.py__logerror_1,scrapy,33,2d216771976cd7aedfb88ae97418c2d4dcc84917,scrapy/downloadermiddlewares/robotstxt.py:_logerror,scrapy/downloadermiddlewares/robotstxt.py,_logerror,1,0.4656846501102603
scrapy_33_2d216771976c_scrapy/pipelines/media.py__process_request_1,scrapy,33,2d216771976cd7aedfb88ae97418c2d4dcc84917,scrapy/pipelines/media.py:_process_request,scrapy/pipelines/media.py,_process_request,1,0.38746884255008285
scrapy_33_2d216771976c_scrapy/core/scraper.py_handle_spider_error_1,scrapy,33,2d216771976cd7aedfb88ae97418c2d4dcc84917,scrapy/core/scraper.py:handle_spider_error,scrapy/core/scraper.py,handle_spider_error,1,0.5832357567064468
scrapy_33_2d216771976c_scrapy/core/scraper.py__log_download_errors_1,scrapy,33,2d216771976cd7aedfb88ae97418c2d4dcc84917,scrapy/core/scraper.py:_log_download_errors,scrapy/core/scraper.py,_log_download_errors,1,0.7463747638778263
scrapy_33_2d216771976c_scrapy/core/scraper.py__itemproc_finished_1,scrapy,33,2d216771976cd7aedfb88ae97418c2d4dcc84917,scrapy/core/scraper.py:_itemproc_finished,scrapy/core/scraper.py,_itemproc_finished,1,0.6347005943953394
scrapy_33_2d216771976c_tests/test_proxy_connect.py_test_https_connect_tunnel_error_0,scrapy,33,2d216771976cd7aedfb88ae97418c2d4dcc84917,tests/test_proxy_connect.py:test_https_connect_tunnel_error,tests/test_proxy_connect.py,test_https_connect_tunnel_error,0,0.3690069546102017
scrapy_33_2d216771976c_tests/test_command_shell.py_test_request_replace_0,scrapy,33,2d216771976cd7aedfb88ae97418c2d4dcc84917,tests/test_command_shell.py:test_request_replace,tests/test_command_shell.py,test_request_replace,0,0.2146387424372914
scrapy_33_2d216771976c_tests/test_utils_reqser.py_test_utf8_body_0,scrapy,33,2d216771976cd7aedfb88ae97418c2d4dcc84917,tests/test_utils_reqser.py:test_utf8_body,tests/test_utils_reqser.py,test_utf8_body,0,0.2323244896846428
scrapy_33_2d216771976c_scrapy/extensions/spiderstate.py_from_crawler_0,scrapy,33,2d216771976cd7aedfb88ae97418c2d4dcc84917,scrapy/extensions/spiderstate.py:from_crawler,scrapy/extensions/spiderstate.py,from_crawler,0,0.25694863350869246
scrapy_33_2d216771976c_scrapy/spiders/sitemap.py__parse_sitemap_0,scrapy,33,2d216771976cd7aedfb88ae97418c2d4dcc84917,scrapy/spiders/sitemap.py:_parse_sitemap,scrapy/spiders/sitemap.py,_parse_sitemap,0,0.7902991135287821
scrapy_33_2d216771976c_scrapy/http/cookies.py___init___0,scrapy,33,2d216771976cd7aedfb88ae97418c2d4dcc84917,scrapy/http/cookies.py:__init__,scrapy/http/cookies.py,__init__,0,0.2647700003786307
scrapy_33_2d216771976c_scrapy/http/response/text.py_selector_0,scrapy,33,2d216771976cd7aedfb88ae97418c2d4dcc84917,scrapy/http/response/text.py:selector,scrapy/http/response/text.py,selector,0,0.3123971782524793
scrapy_33_2d216771976c_tests/test_crawl.py_test_timeout_failure_0,scrapy,33,2d216771976cd7aedfb88ae97418c2d4dcc84917,tests/test_crawl.py:test_timeout_failure,tests/test_crawl.py,test_timeout_failure,0,0.24691490481368547
scrapy_33_2d216771976c_scrapy/middleware.py__get_mwlist_from_settings_0,scrapy,33,2d216771976cd7aedfb88ae97418c2d4dcc84917,scrapy/middleware.py:_get_mwlist_from_settings,scrapy/middleware.py,_get_mwlist_from_settings,0,0.28086491564810134
scrapy_33_2d216771976c_scrapy/http/response/__init__.py___str___0,scrapy,33,2d216771976cd7aedfb88ae97418c2d4dcc84917,scrapy/http/response/__init__.py:__str__,scrapy/http/response/__init__.py,__str__,0,0.23603355950395224
scrapy_33_2d216771976c_scrapy/xlib/tx/interfaces.py_spawnProcess_0,scrapy,33,2d216771976cd7aedfb88ae97418c2d4dcc84917,scrapy/xlib/tx/interfaces.py:spawnProcess,scrapy/xlib/tx/interfaces.py,spawnProcess,0,0.6163470855029491
scrapy_33_2d216771976c_tests/test_crawl.py__test_delay_0,scrapy,33,2d216771976cd7aedfb88ae97418c2d4dcc84917,tests/test_crawl.py:_test_delay,tests/test_crawl.py,_test_delay,0,0.3860801272534459
scrapy_33_2d216771976c_scrapy/utils/datatypes.py___init___0,scrapy,33,2d216771976cd7aedfb88ae97418c2d4dcc84917,scrapy/utils/datatypes.py:__init__,scrapy/utils/datatypes.py,__init__,0,0.276127397990808
scrapy_33_2d216771976c_scrapy/utils/project.py_project_data_dir_0,scrapy,33,2d216771976cd7aedfb88ae97418c2d4dcc84917,scrapy/utils/project.py:project_data_dir,scrapy/utils/project.py,project_data_dir,0,0.3961673390832595
scrapy_33_2d216771976c_scrapy/http/cookies.py_add_cookie_header_0,scrapy,33,2d216771976cd7aedfb88ae97418c2d4dcc84917,scrapy/http/cookies.py:add_cookie_header,scrapy/http/cookies.py,add_cookie_header,0,0.4697632224951086
scrapy_33_2d216771976c_scrapy/downloadermiddlewares/decompression.py__is_gzip_0,scrapy,33,2d216771976cd7aedfb88ae97418c2d4dcc84917,scrapy/downloadermiddlewares/decompression.py:_is_gzip,scrapy/downloadermiddlewares/decompression.py,_is_gzip,0,0.38908401773960893
scrapy_33_2d216771976c_scrapy/xlib/tx/_newclient.py_request_0,scrapy,33,2d216771976cd7aedfb88ae97418c2d4dcc84917,scrapy/xlib/tx/_newclient.py:request,scrapy/xlib/tx/_newclient.py,request,0,0.38677078629292444
scrapy_33_2d216771976c_scrapy/statscollectors.py_close_spider_0,scrapy,33,2d216771976cd7aedfb88ae97418c2d4dcc84917,scrapy/statscollectors.py:close_spider,scrapy/statscollectors.py,close_spider,0,0.38783635062206206
scrapy_33_2d216771976c_tests/test_exporters.py__get_exporter_0,scrapy,33,2d216771976cd7aedfb88ae97418c2d4dcc84917,tests/test_exporters.py:_get_exporter,tests/test_exporters.py,_get_exporter,0,0.32804497920578424
scrapy_33_2d216771976c_scrapy/settings/__init__.py___len___0,scrapy,33,2d216771976cd7aedfb88ae97418c2d4dcc84917,scrapy/settings/__init__.py:__len__,scrapy/settings/__init__.py,__len__,0,0.252569024850426
scrapy_33_2d216771976c_scrapy/pipelines/files.py_from_settings_0,scrapy,33,2d216771976cd7aedfb88ae97418c2d4dcc84917,scrapy/pipelines/files.py:from_settings,scrapy/pipelines/files.py,from_settings,0,0.37277282632399783
scrapy_33_2d216771976c_tests/test_downloader_handlers.py_test_request_signing5_0,scrapy,33,2d216771976cd7aedfb88ae97418c2d4dcc84917,tests/test_downloader_handlers.py:test_request_signing5,tests/test_downloader_handlers.py,test_request_signing5,0,0.4227101498923504
scrapy_33_2d216771976c_scrapy/xlib/tx/interfaces.py_getTcpNoDelay_0,scrapy,33,2d216771976cd7aedfb88ae97418c2d4dcc84917,scrapy/xlib/tx/interfaces.py:getTcpNoDelay,scrapy/xlib/tx/interfaces.py,getTcpNoDelay,0,0.17925515028198163
scrapy_33_2d216771976c_scrapy/xlib/tx/client.py_deliverBody_0,scrapy,33,2d216771976cd7aedfb88ae97418c2d4dcc84917,scrapy/xlib/tx/client.py:deliverBody,scrapy/xlib/tx/client.py,deliverBody,0,0.455133746323341
scrapy_33_2d216771976c_scrapy/spidermiddlewares/offsite.py_should_follow_0,scrapy,33,2d216771976cd7aedfb88ae97418c2d4dcc84917,scrapy/spidermiddlewares/offsite.py:should_follow,scrapy/spidermiddlewares/offsite.py,should_follow,0,0.3174833574714338
scrapy_33_2d216771976c_scrapy/settings/__init__.py___setitem___0,scrapy,33,2d216771976cd7aedfb88ae97418c2d4dcc84917,scrapy/settings/__init__.py:__setitem__,scrapy/settings/__init__.py,__setitem__,0,0.36162725904370274
scrapy_33_2d216771976c_scrapy/mail.py_send_0,scrapy,33,2d216771976cd7aedfb88ae97418c2d4dcc84917,scrapy/mail.py:send,scrapy/mail.py,send,0,0.7588014142473609
scrapy_33_2d216771976c_scrapy/loader/__init__.py_get_collected_values_0,scrapy,33,2d216771976cd7aedfb88ae97418c2d4dcc84917,scrapy/loader/__init__.py:get_collected_values,scrapy/loader/__init__.py,get_collected_values,0,0.31829563460892596
scrapy_33_2d216771976c_tests/test_commands.py_tearDown_0,scrapy,33,2d216771976cd7aedfb88ae97418c2d4dcc84917,tests/test_commands.py:tearDown,tests/test_commands.py,tearDown,0,0.2951233574043207
scrapy_33_2d216771976c_scrapy/xlib/tx/interfaces.py_lookupNamingAuthorityPointer_0,scrapy,33,2d216771976cd7aedfb88ae97418c2d4dcc84917,scrapy/xlib/tx/interfaces.py:lookupNamingAuthorityPointer,scrapy/xlib/tx/interfaces.py,lookupNamingAuthorityPointer,0,0.2541944369217324
scrapy_33_2d216771976c_scrapy/utils/test.py_assert_aws_environ_0,scrapy,33,2d216771976cd7aedfb88ae97418c2d4dcc84917,scrapy/utils/test.py:assert_aws_environ,scrapy/utils/test.py,assert_aws_environ,0,0.27801313079760703
scrapy_33_2d216771976c_scrapy/core/engine.py_add_request_0,scrapy,33,2d216771976cd7aedfb88ae97418c2d4dcc84917,scrapy/core/engine.py:add_request,scrapy/core/engine.py,add_request,0,0.3245112639478613
scrapy_33_2d216771976c_scrapy/utils/test.py_get_pythonpath_0,scrapy,33,2d216771976cd7aedfb88ae97418c2d4dcc84917,scrapy/utils/test.py:get_pythonpath,scrapy/utils/test.py,get_pythonpath,0,0.2002778359352615
scrapy_33_2d216771976c_scrapy/xlib/tx/interfaces.py_sendFileDescriptor_0,scrapy,33,2d216771976cd7aedfb88ae97418c2d4dcc84917,scrapy/xlib/tx/interfaces.py:sendFileDescriptor,scrapy/xlib/tx/interfaces.py,sendFileDescriptor,0,0.21297223311245148
scrapy_33_2d216771976c_tests/test_settings/__init__.py_test_set_new_attribute_0,scrapy,33,2d216771976cd7aedfb88ae97418c2d4dcc84917,tests/test_settings/__init__.py:test_set_new_attribute,tests/test_settings/__init__.py,test_set_new_attribute,0,0.216754549033863
scrapy_33_2d216771976c_tests/test_http_response.py_test_bom_is_removed_from_body_0,scrapy,33,2d216771976cd7aedfb88ae97418c2d4dcc84917,tests/test_http_response.py:test_bom_is_removed_from_body,tests/test_http_response.py,test_bom_is_removed_from_body,0,0.17435458417874336
scrapy_33_2d216771976c_tests/test_commands.py_test_arguments_0,scrapy,33,2d216771976cd7aedfb88ae97418c2d4dcc84917,tests/test_commands.py:test_arguments,tests/test_commands.py,test_arguments,0,0.27831287583300107
scrapy_33_2d216771976c_tests/test_loader.py_test_replace_xpath_re_0,scrapy,33,2d216771976cd7aedfb88ae97418c2d4dcc84917,tests/test_loader.py:test_replace_xpath_re,tests/test_loader.py,test_replace_xpath_re,0,0.2194613454917358
scrapy_33_2d216771976c_scrapy/xlib/tx/interfaces.py_listenUDP_0,scrapy,33,2d216771976cd7aedfb88ae97418c2d4dcc84917,scrapy/xlib/tx/interfaces.py:listenUDP,scrapy/xlib/tx/interfaces.py,listenUDP,0,0.35422669283526237
scrapy_33_2d216771976c_scrapy/responsetypes.py___init___0,scrapy,33,2d216771976cd7aedfb88ae97418c2d4dcc84917,scrapy/responsetypes.py:__init__,scrapy/responsetypes.py,__init__,0,0.2938156060289996
scrapy_33_2d216771976c_scrapy/downloadermiddlewares/redirect.py__redirect_0,scrapy,33,2d216771976cd7aedfb88ae97418c2d4dcc84917,scrapy/downloadermiddlewares/redirect.py:_redirect,scrapy/downloadermiddlewares/redirect.py,_redirect,0,0.49825110706088355
scrapy_33_2d216771976c_scrapy/utils/iterators.py_xmliter_lxml_0,scrapy,33,2d216771976cd7aedfb88ae97418c2d4dcc84917,scrapy/utils/iterators.py:xmliter_lxml,scrapy/utils/iterators.py,xmliter_lxml,0,0.5912370401608544
scrapy_33_2d216771976c_scrapy/http/response/__init__.py__set_url_0,scrapy,33,2d216771976cd7aedfb88ae97418c2d4dcc84917,scrapy/http/response/__init__.py:_set_url,scrapy/http/response/__init__.py,_set_url,0,0.342761559856914
scrapy_33_2d216771976c_tests/test_spider.py_test_follow_links_attribute_population_0,scrapy,33,2d216771976cd7aedfb88ae97418c2d4dcc84917,tests/test_spider.py:test_follow_links_attribute_population,tests/test_spider.py,test_follow_links_attribute_population,0,0.2793672763724829
scrapy_33_2d216771976c_scrapy/utils/misc.py_walk_modules_0,scrapy,33,2d216771976cd7aedfb88ae97418c2d4dcc84917,scrapy/utils/misc.py:walk_modules,scrapy/utils/misc.py,walk_modules,0,0.4737211539785529
scrapy_33_2d216771976c_scrapy/statscollectors.py_clear_stats_0,scrapy,33,2d216771976cd7aedfb88ae97418c2d4dcc84917,scrapy/statscollectors.py:clear_stats,scrapy/statscollectors.py,clear_stats,0,0.25400789535317425
scrapy_33_2d216771976c_scrapy/downloadermiddlewares/decompression.py_process_response_0,scrapy,33,2d216771976cd7aedfb88ae97418c2d4dcc84917,scrapy/downloadermiddlewares/decompression.py:process_response,scrapy/downloadermiddlewares/decompression.py,process_response,0,0.6044482146194804
scrapy_33_2d216771976c_tests/test_toplevel.py_test_spider_shortcut_0,scrapy,33,2d216771976cd7aedfb88ae97418c2d4dcc84917,tests/test_toplevel.py:test_spider_shortcut,tests/test_toplevel.py,test_spider_shortcut,0,0.24476025220117
scrapy_33_2d216771976c_tests/test_downloadermiddleware_httpcompression.py__getresponse_0,scrapy,33,2d216771976cd7aedfb88ae97418c2d4dcc84917,tests/test_downloadermiddleware_httpcompression.py:_getresponse,tests/test_downloadermiddleware_httpcompression.py,_getresponse,0,0.37888711173623807
scrapy_33_2d216771976c_scrapy/xlib/tx/interfaces.py_childDataReceived_0,scrapy,33,2d216771976cd7aedfb88ae97418c2d4dcc84917,scrapy/xlib/tx/interfaces.py:childDataReceived,scrapy/xlib/tx/interfaces.py,childDataReceived,0,0.25595112159258093
scrapy_33_2d216771976c_scrapy/xlib/tx/endpoints.py___init___0,scrapy,33,2d216771976cd7aedfb88ae97418c2d4dcc84917,scrapy/xlib/tx/endpoints.py:__init__,scrapy/xlib/tx/endpoints.py,__init__,0,0.5553422324768893
scrapy_33_2d216771976c_tests/test_downloadermiddleware_httpcompression.py_test_process_response_force_recalculate_encoding_0,scrapy,33,2d216771976cd7aedfb88ae97418c2d4dcc84917,tests/test_downloadermiddleware_httpcompression.py:test_process_response_force_recalculate_encoding,tests/test_downloadermiddleware_httpcompression.py,test_process_response_force_recalculate_encoding,0,0.2167521380547345
scrapy_33_2d216771976c_tests/test_utils_deprecate.py_test_clsdict_0,scrapy,33,2d216771976cd7aedfb88ae97418c2d4dcc84917,tests/test_utils_deprecate.py:test_clsdict,tests/test_utils_deprecate.py,test_clsdict,0,0.30305087181670926
scrapy_33_2d216771976c_tests/test_http_response.py_test_replace_encoding_0,scrapy,33,2d216771976cd7aedfb88ae97418c2d4dcc84917,tests/test_http_response.py:test_replace_encoding,tests/test_http_response.py,test_replace_encoding,0,0.2173423318610983
scrapy_34_e521740b3951_scrapy/item.py___new___1,scrapy,34,e521740b3951bacc80d3c9c1db8652ed5e914b89,scrapy/item.py:__new__,scrapy/item.py,__new__,1,0.608755354946642
scrapy_34_e521740b3951_scrapy/downloadermiddlewares/httpauth.py_spider_opened_0,scrapy,34,e521740b3951bacc80d3c9c1db8652ed5e914b89,scrapy/downloadermiddlewares/httpauth.py:spider_opened,scrapy/downloadermiddlewares/httpauth.py,spider_opened,0,0.3213979415609577
scrapy_34_e521740b3951_scrapy/xlib/tx/_newclient.py__disconnectParser_0,scrapy,34,e521740b3951bacc80d3c9c1db8652ed5e914b89,scrapy/xlib/tx/_newclient.py:_disconnectParser,scrapy/xlib/tx/_newclient.py,_disconnectParser,0,0.47444205375221576
scrapy_34_e521740b3951_tests/test_selector_csstranslator.py_x_0,scrapy,34,e521740b3951bacc80d3c9c1db8652ed5e914b89,tests/test_selector_csstranslator.py:x,tests/test_selector_csstranslator.py,x,0,0.323912107849734
scrapy_35_0a5bbbaed3e1_scrapy/crawler.py__get_spider_loader_1,scrapy,35,0a5bbbaed3e182d2151b6b34357667901ece353f,scrapy/crawler.py:_get_spider_loader,scrapy/crawler.py,_get_spider_loader,1,0.35730326971379667
scrapy_35_0a5bbbaed3e1_scrapy/core/downloader/webclient.py_lineReceived_0,scrapy,35,0a5bbbaed3e182d2151b6b34357667901ece353f,scrapy/core/downloader/webclient.py:lineReceived,scrapy/core/downloader/webclient.py,lineReceived,0,0.2944727023186128
scrapy_35_0a5bbbaed3e1_scrapy/utils/datatypes.py___contains___0,scrapy,35,0a5bbbaed3e182d2151b6b34357667901ece353f,scrapy/utils/datatypes.py:__contains__,scrapy/utils/datatypes.py,__contains__,0,0.2698270220406744
scrapy_35_0a5bbbaed3e1_scrapy/spiderloader.py_list_0,scrapy,35,0a5bbbaed3e182d2151b6b34357667901ece353f,scrapy/spiderloader.py:list,scrapy/spiderloader.py,list,0,0.2284978846290924
scrapy_36_cb8140a42a27_scrapy/utils/misc.py_create_instance_1,scrapy,36,cb8140a42a27ede87b0880372024f2f1804618b8,scrapy/utils/misc.py:create_instance,scrapy/utils/misc.py,create_instance,1,0.6830627356056086
scrapy_36_cb8140a42a27_tests/test_utils_gz.py_test_gunzip_no_gzip_file_raises_0,scrapy,36,cb8140a42a27ede87b0880372024f2f1804618b8,tests/test_utils_gz.py:test_gunzip_no_gzip_file_raises,tests/test_utils_gz.py,test_gunzip_no_gzip_file_raises,0,0.29925694105747114
scrapy_36_cb8140a42a27_tests/test_downloader_handlers.py_render_0,scrapy,36,cb8140a42a27ede87b0880372024f2f1804618b8,tests/test_downloader_handlers.py:render,tests/test_downloader_handlers.py,render,0,0.5942332003719585
scrapy_36_cb8140a42a27_docs/conftest.py_load_response_0,scrapy,36,cb8140a42a27ede87b0880372024f2f1804618b8,docs/conftest.py:load_response,docs/conftest.py,load_response,0,0.3545406345050735
scrapy_37_1d5c270ce8ca_scrapy/http/request/__init__.py__set_url_1,scrapy,37,1d5c270ce8caf954ce83c8db262e2a35707e0c5e,scrapy/http/request/__init__.py:_set_url,scrapy/http/request/__init__.py,_set_url,1,0.366951439101683
scrapy_37_1d5c270ce8ca_tests/test_http_response.py_test_bom_is_removed_from_body_0,scrapy,37,1d5c270ce8caf954ce83c8db262e2a35707e0c5e,tests/test_http_response.py:test_bom_is_removed_from_body,tests/test_http_response.py,test_bom_is_removed_from_body,0,0.2151069805428858
scrapy_37_1d5c270ce8ca_tests/test_linkextractors.py_test_ftp_links_0,scrapy,37,1d5c270ce8caf954ce83c8db262e2a35707e0c5e,tests/test_linkextractors.py:test_ftp_links,tests/test_linkextractors.py,test_ftp_links,0,0.22914411603020834
scrapy_37_1d5c270ce8ca_tests/test_utils_python.py_test_utf_16_strings_contain_null_bytes_0,scrapy,37,1d5c270ce8caf954ce83c8db262e2a35707e0c5e,tests/test_utils_python.py:test_utf_16_strings_contain_null_bytes,tests/test_utils_python.py,test_utf_16_strings_contain_null_bytes,0,0.24797826381086638
scrapy_38_6cc6bbb5fc5c_scrapy/http/request/form.py__get_clickable_1,scrapy,38,6cc6bbb5fc5c102271829a554772effb0444023c,scrapy/http/request/form.py:_get_clickable,scrapy/http/request/form.py,_get_clickable,1,0.451346298847624
scrapy_38_6cc6bbb5fc5c_tests/test_utils_misc/__init__.py_test_load_object_0,scrapy,38,6cc6bbb5fc5c102271829a554772effb0444023c,tests/test_utils_misc/__init__.py:test_load_object,tests/test_utils_misc/__init__.py,test_load_object,0,0.2242168437370963
scrapy_38_6cc6bbb5fc5c_scrapy/linkextractors/lxmlhtml.py__iter_links_0,scrapy,38,6cc6bbb5fc5c102271829a554772effb0444023c,scrapy/linkextractors/lxmlhtml.py:_iter_links,scrapy/linkextractors/lxmlhtml.py,_iter_links,0,0.5920056257600287
scrapy_38_6cc6bbb5fc5c_tests/test_downloadermiddleware_cookies.py_test_setting_enabled_cookies_debug_0,scrapy,38,6cc6bbb5fc5c102271829a554772effb0444023c,tests/test_downloadermiddleware_cookies.py:test_setting_enabled_cookies_debug,tests/test_downloadermiddleware_cookies.py,test_setting_enabled_cookies_debug,0,0.29730735585056917
scrapy_39_692975acb40c_scrapy/spiders/__init__.py_start_requests_1,scrapy,39,692975acb40c6394424dfb728b1ffa46b3b3c55d,scrapy/spiders/__init__.py:start_requests,scrapy/spiders/__init__.py,start_requests,1,0.4538869557310095
scrapy_39_692975acb40c_tests/test_http_headers.py_assertSortedEqual_0,scrapy,39,692975acb40c6394424dfb728b1ffa46b3b3c55d,tests/test_http_headers.py:assertSortedEqual,tests/test_http_headers.py,assertSortedEqual,0,0.3531331291404243
scrapy_39_692975acb40c_scrapy/commands/startproject.py_run_0,scrapy,39,692975acb40c6394424dfb728b1ffa46b3b3c55d,scrapy/commands/startproject.py:run,scrapy/commands/startproject.py,run,0,0.410200173508204
scrapy_39_692975acb40c_tests/test_command_version.py_test_verbose_output_0,scrapy,39,692975acb40c6394424dfb728b1ffa46b3b3c55d,tests/test_command_version.py:test_verbose_output,tests/test_command_version.py,test_verbose_output,0,0.20696221331285566
scrapy_4_c8f3d07e86dd_scrapy/contracts/__init__.py__clean_req_1,scrapy,4,c8f3d07e86dd41074971b5423fb932c2eda6db1e,scrapy/contracts/__init__.py:_clean_req,scrapy/contracts/__init__.py,_clean_req,1,0.46224853151573353
scrapy_4_c8f3d07e86dd_tests/test_utils_log.py_setUp_0,scrapy,4,c8f3d07e86dd41074971b5423fb932c2eda6db1e,tests/test_utils_log.py:setUp,tests/test_utils_log.py,setUp,0,0.250594164834771
scrapy_4_c8f3d07e86dd_scrapy/utils/url.py_parse_url_0,scrapy,4,c8f3d07e86dd41074971b5423fb932c2eda6db1e,scrapy/utils/url.py:parse_url,scrapy/utils/url.py,parse_url,0,0.359900818498384
scrapy_4_c8f3d07e86dd_tests/test_settings/__init__.py_test_get_settings_priority_0,scrapy,4,c8f3d07e86dd41074971b5423fb932c2eda6db1e,tests/test_settings/__init__.py:test_get_settings_priority,tests/test_settings/__init__.py,test_get_settings_priority,0,0.2874632206640348
scrapy_4_c8f3d07e86dd_scrapy/downloadermiddlewares/decompression.py__is_bzip2_0,scrapy,4,c8f3d07e86dd41074971b5423fb932c2eda6db1e,scrapy/downloadermiddlewares/decompression.py:_is_bzip2,scrapy/downloadermiddlewares/decompression.py,_is_bzip2,0,0.3986909170509368
scrapy_4_c8f3d07e86dd_scrapy/utils/reactor.py___call___0,scrapy,4,c8f3d07e86dd41074971b5423fb932c2eda6db1e,scrapy/utils/reactor.py:__call__,scrapy/utils/reactor.py,__call__,0,0.20735540335411753
scrapy_4_c8f3d07e86dd_tests/test_linkextractors.py_test_encoded_url_0,scrapy,4,c8f3d07e86dd41074971b5423fb932c2eda6db1e,tests/test_linkextractors.py:test_encoded_url,tests/test_linkextractors.py,test_encoded_url,0,0.22972504589458856
scrapy_40_7d24df37380c_scrapy/exporters.py__serialize_value_1,scrapy,40,7d24df37380cd5a5b7394cd2534e240bd2eff0ca,scrapy/exporters.py:_serialize_value,scrapy/exporters.py,_serialize_value,1,0.45013973709086463
scrapy_40_7d24df37380c_scrapy/xlib/tx/client.py___init___0,scrapy,40,7d24df37380cd5a5b7394cd2534e240bd2eff0ca,scrapy/xlib/tx/client.py:__init__,scrapy/xlib/tx/client.py,__init__,0,0.5359430940080507
scrapy_40_7d24df37380c_tests/test_webclient.py_test_earlyHeaders_0,scrapy,40,7d24df37380cd5a5b7394cd2534e240bd2eff0ca,tests/test_webclient.py:test_earlyHeaders,tests/test_webclient.py,test_earlyHeaders,0,0.22207013096746966
scrapy_40_7d24df37380c_tests/test_command_shell.py_test_response_type_html_0,scrapy,40,7d24df37380cd5a5b7394cd2534e240bd2eff0ca,tests/test_command_shell.py:test_response_type_html,tests/test_command_shell.py,test_response_type_html,0,0.22167824964502308
scrapy_5_426da0ed0763_scrapy/http/response/__init__.py_follow_1,scrapy,5,426da0ed07637e7efbcfb0fe49546e187d5d7f67,scrapy/http/response/__init__.py:follow,scrapy/http/response/__init__.py,follow,1,0.8562013955884924
scrapy_5_426da0ed0763_tests/spiders.py_start_requests_0,scrapy,5,426da0ed07637e7efbcfb0fe49546e187d5d7f67,tests/spiders.py:start_requests,tests/spiders.py,start_requests,0,0.3867513321183265
scrapy_5_426da0ed0763_tests/test_downloader_handlers.py_render_0,scrapy,5,426da0ed07637e7efbcfb0fe49546e187d5d7f67,tests/test_downloader_handlers.py:render,tests/test_downloader_handlers.py,render,0,0.5854789045606327
scrapy_5_426da0ed0763_scrapy/utils/python.py_memoizemethod_noargs_0,scrapy,5,426da0ed07637e7efbcfb0fe49546e187d5d7f67,scrapy/utils/python.py:memoizemethod_noargs,scrapy/utils/python.py,memoizemethod_noargs,0,0.33537678251332903
scrapy_6_8aa2e4f9976d_scrapy/pipelines/images.py_convert_image_1,scrapy,6,8aa2e4f9976d31bbe3a0014b4f1f96ace1b87043,scrapy/pipelines/images.py:convert_image,scrapy/pipelines/images.py,convert_image,1,0.5765090075022542
scrapy_6_8aa2e4f9976d_tests/test_responsetypes.py_test_custom_mime_types_loaded_0,scrapy,6,8aa2e4f9976d31bbe3a0014b4f1f96ace1b87043,tests/test_responsetypes.py:test_custom_mime_types_loaded,tests/test_responsetypes.py,test_custom_mime_types_loaded,0,0.21543175337620524
scrapy_6_8aa2e4f9976d_scrapy/downloadermiddlewares/httpcache.py_spider_closed_0,scrapy,6,8aa2e4f9976d31bbe3a0014b4f1f96ace1b87043,scrapy/downloadermiddlewares/httpcache.py:spider_closed,scrapy/downloadermiddlewares/httpcache.py,spider_closed,0,0.290056168387853
scrapy_6_8aa2e4f9976d_scrapy/http/response/__init__.py___str___0,scrapy,6,8aa2e4f9976d31bbe3a0014b4f1f96ace1b87043,scrapy/http/response/__init__.py:__str__,scrapy/http/response/__init__.py,__str__,0,0.24938341685187768
scrapy_7_e1ceaf3b5fa2_scrapy/http/request/form.py__get_form_url_1,scrapy,7,e1ceaf3b5fa29326f032c4ed3f50943384b9e63d,scrapy/http/request/form.py:_get_form_url,scrapy/http/request/form.py,_get_form_url,1,0.37940918164264076
scrapy_7_e1ceaf3b5fa2_tests/test_feedexport.py_test_store_file_uri_makedirs_0,scrapy,7,e1ceaf3b5fa29326f032c4ed3f50943384b9e63d,tests/test_feedexport.py:test_store_file_uri_makedirs,tests/test_feedexport.py,test_store_file_uri_makedirs,0,0.3508468176156896
scrapy_7_e1ceaf3b5fa2_tests/test_downloadermiddleware_robotstxt.py_test_robotstxt_immediate_error_0,scrapy,7,e1ceaf3b5fa29326f032c4ed3f50943384b9e63d,tests/test_downloadermiddleware_robotstxt.py:test_robotstxt_immediate_error,tests/test_downloadermiddleware_robotstxt.py,test_robotstxt_immediate_error,0,0.2577991721280048
scrapy_7_e1ceaf3b5fa2_scrapy/http/cookies.py_has_header_0,scrapy,7,e1ceaf3b5fa29326f032c4ed3f50943384b9e63d,scrapy/http/cookies.py:has_header,scrapy/http/cookies.py,has_header,0,0.2742575217396699
scrapy_8_f2f9350c47db_scrapy/item.py___new___1,scrapy,8,f2f9350c47db73bdfb60773601b59b0633e1595a,scrapy/item.py:__new__,scrapy/item.py,__new__,1,0.604105851439236
scrapy_8_f2f9350c47db_tests/test_settings/__init__.py_test_set_equal_priority_0,scrapy,8,f2f9350c47db73bdfb60773601b59b0633e1595a,tests/test_settings/__init__.py:test_set_equal_priority,tests/test_settings/__init__.py,test_set_equal_priority,0,0.22439176368317137
scrapy_8_f2f9350c47db_tests/test_utils_iterators.py_test_xmliter_unusual_node_0,scrapy,8,f2f9350c47db73bdfb60773601b59b0633e1595a,tests/test_utils_iterators.py:test_xmliter_unusual_node,tests/test_utils_iterators.py,test_xmliter_unusual_node,0,0.2226477742637006
scrapy_8_f2f9350c47db_scrapy/utils/url.py_url_is_from_spider_0,scrapy,8,f2f9350c47db73bdfb60773601b59b0633e1595a,scrapy/utils/url.py:url_is_from_spider,scrapy/utils/url.py,url_is_from_spider,0,0.28749669230077823
scrapy_9_a9c69458ff16_scrapy/mail.py_send_1,scrapy,9,a9c69458ff1667cc4d20ba25bb6a0dd9a5a08ce6,scrapy/mail.py:send,scrapy/mail.py,send,1,0.8010890749900219
scrapy_9_a9c69458ff16_tests/test_closespider.py_setUp_0,scrapy,9,a9c69458ff1667cc4d20ba25bb6a0dd9a5a08ce6,tests/test_closespider.py:setUp,tests/test_closespider.py,setUp,0,0.22801531156666882
scrapy_9_a9c69458ff16_tests/test_http_response.py_test_replace_0,scrapy,9,a9c69458ff1667cc4d20ba25bb6a0dd9a5a08ce6,tests/test_http_response.py:test_replace,tests/test_http_response.py,test_replace,0,0.21900273038902127
scrapy_9_a9c69458ff16_conftest.py_chdir_0,scrapy,9,a9c69458ff1667cc4d20ba25bb6a0dd9a5a08ce6,conftest.py:chdir,conftest.py,chdir,0,0.22528541276998068
spacy_1_9ce059dd067e_spacy/errors.py_add_codes_1,spacy,1,9ce059dd067ecc3f097d04023e3cfa0d70d35bb8,spacy/errors.py:add_codes,spacy/errors.py,add_codes,1,0.2204610154815292
spacy_1_9ce059dd067e_spacy/lang/ko/__init__.py_check_spaces_0,spacy,1,9ce059dd067ecc3f097d04023e3cfa0d70d35bb8,spacy/lang/ko/__init__.py:check_spaces,spacy/lang/ko/__init__.py,check_spaces,0,0.5097186983966899
spacy_1_9ce059dd067e_spacy/lang/fi/lex_attrs.py_like_num_0,spacy,1,9ce059dd067ecc3f097d04023e3cfa0d70d35bb8,spacy/lang/fi/lex_attrs.py:like_num,spacy/lang/fi/lex_attrs.py,like_num,0,0.42244028353329116
spacy_1_9ce059dd067e_spacy/_ml.py_cpu_softmax_0,spacy,1,9ce059dd067ecc3f097d04023e3cfa0d70d35bb8,spacy/_ml.py:cpu_softmax,spacy/_ml.py,cpu_softmax,0,0.45074966229395885
spacy_1_9ce059dd067e_spacy/tests/doc/test_doc_api.py_test_doc_api_sents_empty_string_0,spacy,1,9ce059dd067ecc3f097d04023e3cfa0d70d35bb8,spacy/tests/doc/test_doc_api.py:test_doc_api_sents_empty_string,spacy/tests/doc/test_doc_api.py,test_doc_api_sents_empty_string,0,0.23917007055565676
spacy_1_9ce059dd067e_spacy/tests/regression/test_issue1501-2000.py_test_issue1945_0,spacy,1,9ce059dd067ecc3f097d04023e3cfa0d70d35bb8,spacy/tests/regression/test_issue1501-2000.py:test_issue1945,spacy/tests/regression/test_issue1501-2000.py,test_issue1945,0,0.2286411345021235
spacy_1_9ce059dd067e_spacy/tests/lang/id/test_text.py_test_id_lex_attrs_capitals_0,spacy,1,9ce059dd067ecc3f097d04023e3cfa0d70d35bb8,spacy/tests/lang/id/test_text.py:test_id_lex_attrs_capitals,spacy/tests/lang/id/test_text.py,test_id_lex_attrs_capitals,0,0.21995522837733714
spacy_2_efec28ce70a0_spacy/util.py_load_model_from_path_1,spacy,2,efec28ce70a0ff69471cc379867deebe7eb881e0,spacy/util.py:load_model_from_path,spacy/util.py,load_model_from_path,1,0.7072073154013649
spacy_2_efec28ce70a0_spacy/tests/lang/sr/test_tokenizer.py_test_sr_tokenizer_splits_trailing_dot_0,spacy,2,efec28ce70a0ff69471cc379867deebe7eb881e0,spacy/tests/lang/sr/test_tokenizer.py:test_sr_tokenizer_splits_trailing_dot,spacy/tests/lang/sr/test_tokenizer.py,test_sr_tokenizer_splits_trailing_dot,0,0.2689472160542844
spacy_2_efec28ce70a0_spacy/tests/matcher/test_phrase_matcher.py_test_matcher_phrase_matcher_0,spacy,2,efec28ce70a0ff69471cc379867deebe7eb881e0,spacy/tests/matcher/test_phrase_matcher.py:test_matcher_phrase_matcher,spacy/tests/matcher/test_phrase_matcher.py,test_matcher_phrase_matcher,0,0.17656670999030968
spacy_2_efec28ce70a0_spacy/lang/th/__init__.py___call___0,spacy,2,efec28ce70a0ff69471cc379867deebe7eb881e0,spacy/lang/th/__init__.py:__call__,spacy/lang/th/__init__.py,__call__,0,0.3327622952944234
spacy_3_dac70f29eb3b_bin/wiki_entity_linking/wikipedia_processor.py__process_wp_text_1,spacy,3,dac70f29eb3b1f21ae9e2c6346666bf6a46307b6,bin/wiki_entity_linking/wikipedia_processor.py:_process_wp_text,bin/wiki_entity_linking/wikipedia_processor.py,_process_wp_text,1,0.5280637669775504
spacy_3_dac70f29eb3b_spacy/tests/doc/test_retokenize_merge.py_test_doc_retokenize_merge_hang_0,spacy,3,dac70f29eb3b1f21ae9e2c6346666bf6a46307b6,spacy/tests/doc/test_retokenize_merge.py:test_doc_retokenize_merge_hang,spacy/tests/doc/test_retokenize_merge.py,test_doc_retokenize_merge_hang,0,0.3143748885474437
spacy_3_dac70f29eb3b_spacy/tests/util.py_get_doc_0,spacy,3,dac70f29eb3b1f21ae9e2c6346666bf6a46307b6,spacy/tests/util.py:get_doc,spacy/tests/util.py,get_doc,0,0.9637736223607474
spacy_3_dac70f29eb3b_spacy/tests/util.py_apply_transition_sequence_0,spacy,3,dac70f29eb3b1f21ae9e2c6346666bf6a46307b6,spacy/tests/util.py:apply_transition_sequence,spacy/tests/util.py,apply_transition_sequence,0,0.5889388722808527
spacy_4_abd5c06374ea_spacy/cli/converters/conllu2json.py_read_conllx_1,spacy,4,abd5c06374eab5db0cf897b73543b1f3eb007e12,spacy/cli/converters/conllu2json.py:read_conllx,spacy/cli/converters/conllu2json.py,read_conllx,1,0.7157321800269957
spacy_4_abd5c06374ea_spacy/tests/morphology/test_morph_features.py_test_morphology_tags_hash_independent_of_order_0,spacy,4,abd5c06374eab5db0cf897b73543b1f3eb007e12,spacy/tests/morphology/test_morph_features.py:test_morphology_tags_hash_independent_of_order,spacy/tests/morphology/test_morph_features.py,test_morphology_tags_hash_independent_of_order,0,0.23662871831140497
spacy_4_abd5c06374ea_spacy/util.py_itershuffle_0,spacy,4,abd5c06374eab5db0cf897b73543b1f3eb007e12,spacy/util.py:itershuffle,spacy/util.py,itershuffle,0,0.7718999757098367
spacy_4_abd5c06374ea_spacy/tests/lang/da/test_exceptions.py_test_da_tokenizer_handles_ambiguous_abbr_0,spacy,4,abd5c06374eab5db0cf897b73543b1f3eb007e12,spacy/tests/lang/da/test_exceptions.py:test_da_tokenizer_handles_ambiguous_abbr,spacy/tests/lang/da/test_exceptions.py,test_da_tokenizer_handles_ambiguous_abbr,0,0.2668186820032878
spacy_5_bdfb696677a7_spacy/language.py_evaluate_1,spacy,5,bdfb696677a7591ced018e7597c00929e97c6837,spacy/language.py:evaluate,spacy/language.py,evaluate,1,0.8495313436838838
spacy_5_bdfb696677a7_spacy/tests/doc/test_span.py_test_spans_span_sent_0,spacy,5,bdfb696677a7591ced018e7597c00929e97c6837,spacy/tests/doc/test_span.py:test_spans_span_sent,spacy/tests/doc/test_span.py,test_spans_span_sent,0,0.29539094343481087
spacy_5_bdfb696677a7_spacy/tests/regression/test_issue3001-3500.py_test_issue3209_0,spacy,5,bdfb696677a7591ced018e7597c00929e97c6837,spacy/tests/regression/test_issue3001-3500.py:test_issue3209,spacy/tests/regression/test_issue3001-3500.py,test_issue3209,0,0.21295267417175726
spacy_5_bdfb696677a7_spacy/tokens/underscore.py_get_0,spacy,5,bdfb696677a7591ced018e7597c00929e97c6837,spacy/tokens/underscore.py:get,spacy/tokens/underscore.py,get,0,0.3044637646396566
spacy_6_6b874ef09611_spacy/language.py_remove_pipe_1,spacy,6,6b874ef09611ac32ad038203423d44087cbeb3ae,spacy/language.py:remove_pipe,spacy/language.py,remove_pipe,1,0.560192084077965
spacy_6_6b874ef09611_spacy/tests/regression/test_issue3526.py_test_entity_ruler_from_disk_old_format_safe_0,spacy,6,6b874ef09611ac32ad038203423d44087cbeb3ae,spacy/tests/regression/test_issue3526.py:test_entity_ruler_from_disk_old_format_safe,spacy/tests/regression/test_issue3526.py,test_entity_ruler_from_disk_old_format_safe,0,0.47483459491183827
spacy_6_6b874ef09611_spacy/tests/pipeline/test_textcat.py_test_simple_train_0,spacy,6,6b874ef09611ac32ad038203423d44087cbeb3ae,spacy/tests/pipeline/test_textcat.py:test_simple_train,spacy/tests/pipeline/test_textcat.py,test_simple_train,0,0.3370193808628897
spacy_6_6b874ef09611_spacy/lemmatizer.py_num_0,spacy,6,6b874ef09611ac32ad038203423d44087cbeb3ae,spacy/lemmatizer.py:num,spacy/lemmatizer.py,num,0,0.35735344632466964
spacy_7_da6e0de34f49_spacy/util.py_filter_spans_1,spacy,7,da6e0de34f4947fdebc839df3969c641014cfa97,spacy/util.py:filter_spans,spacy/util.py,filter_spans,1,0.5389861374585894
spacy_7_da6e0de34f49_examples/information_extraction/entity_relations.py_filter_spans_1,spacy,7,da6e0de34f4947fdebc839df3969c641014cfa97,examples/information_extraction/entity_relations.py:filter_spans,examples/information_extraction/entity_relations.py,filter_spans,1,0.3968963754017205
spacy_7_da6e0de34f49_spacy/tests/parser/test_nn_beam.py_moves_0,spacy,7,da6e0de34f4947fdebc839df3969c641014cfa97,spacy/tests/parser/test_nn_beam.py:moves,spacy/tests/parser/test_nn_beam.py,moves,0,0.2671972371827696
spacy_7_da6e0de34f49_examples/keras_parikh_entailment/keras_decomposable_attention.py_test_build_model_0,spacy,7,da6e0de34f4947fdebc839df3969c641014cfa97,examples/keras_parikh_entailment/keras_decomposable_attention.py:test_build_model,examples/keras_parikh_entailment/keras_decomposable_attention.py,test_build_model,0,0.18399078564260093
spacy_7_da6e0de34f49_spacy/displacy/__init__.py_parse_deps_0,spacy,7,da6e0de34f4947fdebc839df3969c641014cfa97,spacy/displacy/__init__.py:parse_deps,spacy/displacy/__init__.py,parse_deps,0,0.582602138547811
spacy_7_da6e0de34f49_spacy/tests/lang/en/test_exceptions.py_test_en_tokenizer_excludes_ambiguous_0,spacy,7,da6e0de34f4947fdebc839df3969c641014cfa97,spacy/tests/lang/en/test_exceptions.py:test_en_tokenizer_excludes_ambiguous,spacy/tests/lang/en/test_exceptions.py,test_en_tokenizer_excludes_ambiguous,0,0.2668166917549749
spacy_7_da6e0de34f49_spacy/tests/parser/test_nn_beam.py_test_create_beam_0,spacy,7,da6e0de34f4947fdebc839df3969c641014cfa97,spacy/tests/parser/test_nn_beam.py:test_create_beam,spacy/tests/parser/test_nn_beam.py,test_create_beam,0,0.2705486552667335
spacy_7_da6e0de34f49_spacy/tests/morphology/test_morph_features.py_test_add_morphology_with_string_names_0,spacy,7,da6e0de34f4947fdebc839df3969c641014cfa97,spacy/tests/morphology/test_morph_features.py:test_add_morphology_with_string_names,spacy/tests/morphology/test_morph_features.py,test_add_morphology_with_string_names,0,0.24030178109779057
thefuck_1_2ced7a7f33ae_thefuck/rules/pip_unknown_command.py_get_new_command_1,thefuck,1,2ced7a7f33ae0bec3ffc7a43ce95330bdf6cfcb9,thefuck/rules/pip_unknown_command.py:get_new_command,thefuck/rules/pip_unknown_command.py,get_new_command,1,0.17442448925807588
thefuck_1_2ced7a7f33ae_thefuck/shells/fish.py__put_to_history_0,thefuck,1,2ced7a7f33ae0bec3ffc7a43ce95330bdf6cfcb9,thefuck/shells/fish.py:_put_to_history,thefuck/shells/fish.py,_put_to_history,0,0.6065920853421033
thefuck_1_2ced7a7f33ae_tests/shells/test_fish.py_Popen_0,thefuck,1,2ced7a7f33ae0bec3ffc7a43ce95330bdf6cfcb9,tests/shells/test_fish.py:Popen,tests/shells/test_fish.py,Popen,0,0.22316392357925868
thefuck_1_2ced7a7f33ae_tests/rules/test_brew_link.py_new_command_0,thefuck,1,2ced7a7f33ae0bec3ffc7a43ce95330bdf6cfcb9,tests/rules/test_brew_link.py:new_command,tests/rules/test_brew_link.py,new_command,0,0.17965006831257108
thefuck_10_8bd6c5da67e5_thefuck/rules/man.py_get_new_command_1,thefuck,10,8bd6c5da67e55c64257345efa4e3cc454c42475c,thefuck/rules/man.py:get_new_command,thefuck/rules/man.py,get_new_command,1,0.2300336219691762
thefuck_10_8bd6c5da67e5_thefuck/shells/fish.py__get_overridden_aliases_0,thefuck,10,8bd6c5da67e55c64257345efa4e3cc454c42475c,thefuck/shells/fish.py:_get_overridden_aliases,thefuck/shells/fish.py,_get_overridden_aliases,0,0.29243141445972964
thefuck_10_8bd6c5da67e5_thefuck/rules/npm_wrong_command.py_get_new_command_0,thefuck,10,8bd6c5da67e55c64257345efa4e3cc454c42475c,thefuck/rules/npm_wrong_command.py:get_new_command,thefuck/rules/npm_wrong_command.py,get_new_command,0,0.19303234384312803
thefuck_10_8bd6c5da67e5_tests/rules/test_git_not_command.py_git_not_command_0,thefuck,10,8bd6c5da67e55c64257345efa4e3cc454c42475c,tests/rules/test_git_not_command.py:git_not_command,tests/rules/test_git_not_command.py,git_not_command,0,0.13793465158283588
thefuck_11_92f3c8fb52b3_thefuck/rules/git_push.py_get_new_command_1,thefuck,11,92f3c8fb52b32b79005b4864c31a5c2d8c45f4b1,thefuck/rules/git_push.py:get_new_command,thefuck/rules/git_push.py,get_new_command,1,0.16991580450587104
thefuck_11_92f3c8fb52b3_thefuck/rules/git_pull_uncommitted_changes.py_get_new_command_0,thefuck,11,92f3c8fb52b32b79005b4864c31a5c2d8c45f4b1,thefuck/rules/git_pull_uncommitted_changes.py:get_new_command,thefuck/rules/git_pull_uncommitted_changes.py,get_new_command,0,0.17402843296859197
thefuck_11_92f3c8fb52b3_tests/rules/test_history.py_test_not_match_0,thefuck,11,92f3c8fb52b32b79005b4864c31a5c2d8c45f4b1,tests/rules/test_history.py:test_not_match,tests/rules/test_history.py,test_not_match,0,0.17540439115451
thefuck_11_92f3c8fb52b3_tests/rules/test_git_checkout.py_test_get_new_command_0,thefuck,11,92f3c8fb52b32b79005b4864c31a5c2d8c45f4b1,tests/rules/test_git_checkout.py:test_get_new_command,tests/rules/test_git_checkout.py,test_get_new_command,0,0.38281846137570397
thefuck_12_4c2fc490f280_thefuck/rules/no_command.py_match_1,thefuck,12,4c2fc490f280ca3921785d8f58a37274ced35ce6,thefuck/rules/no_command.py:match,thefuck/rules/no_command.py,match,1,0.17560630818344156
thefuck_12_4c2fc490f280_tests/rules/test_git_branch_exists.py_test_match_0,thefuck,12,4c2fc490f280ca3921785d8f58a37274ced35ce6,tests/rules/test_git_branch_exists.py:test_match,tests/rules/test_git_branch_exists.py,test_match,0,0.28064333906886596
thefuck_12_4c2fc490f280_tests/rules/test_cd_mkdir.py_test_not_match_0,thefuck,12,4c2fc490f280ca3921785d8f58a37274ced35ce6,tests/rules/test_cd_mkdir.py:test_not_match,tests/rules/test_cd_mkdir.py,test_not_match,0,0.17668335076440478
thefuck_12_4c2fc490f280_tests/test_logs.py_test_debug_0,thefuck,12,4c2fc490f280ca3921785d8f58a37274ced35ce6,tests/test_logs.py:test_debug,tests/test_logs.py,test_debug,0,0.3341180963679208
thefuck_13_2af65071d84a_thefuck/rules/git_branch_exists.py_match_1,thefuck,13,2af65071d84a7d1d14a4126364d9b4c9b5241f3c,thefuck/rules/git_branch_exists.py:match,thefuck/rules/git_branch_exists.py,match,1,0.1860534344579042
thefuck_13_2af65071d84a_thefuck/rules/git_branch_exists.py_get_new_command_1,thefuck,13,2af65071d84a7d1d14a4126364d9b4c9b5241f3c,thefuck/rules/git_branch_exists.py:get_new_command,thefuck/rules/git_branch_exists.py,get_new_command,1,0.2520176720973682
thefuck_13_2af65071d84a_tests/test_ui.py_test_without_confirmation_0,thefuck,13,2af65071d84a7d1d14a4126364d9b4c9b5241f3c,tests/test_ui.py:test_without_confirmation,tests/test_ui.py,test_without_confirmation,0,0.3605205027728621
thefuck_13_2af65071d84a_tests/rules/test_git_rebase_no_changes.py_test_match_0,thefuck,13,2af65071d84a7d1d14a4126364d9b4c9b5241f3c,tests/rules/test_git_rebase_no_changes.py:test_match,tests/rules/test_git_rebase_no_changes.py,test_match,0,0.16961733098745344
thefuck_13_2af65071d84a_thefuck/types.py___eq___0,thefuck,13,2af65071d84a7d1d14a4126364d9b4c9b5241f3c,thefuck/types.py:__eq__,thefuck/types.py,__eq__,0,0.3966986546918959
thefuck_13_2af65071d84a_thefuck/rules/git_remote_seturl_add.py_match_0,thefuck,13,2af65071d84a7d1d14a4126364d9b4c9b5241f3c,thefuck/rules/git_remote_seturl_add.py:match,thefuck/rules/git_remote_seturl_add.py,match,0,0.17524577205967812
thefuck_13_2af65071d84a_thefuck/specific/archlinux.py_get_pkgfile_0,thefuck,13,2af65071d84a7d1d14a4126364d9b4c9b5241f3c,thefuck/specific/archlinux.py:get_pkgfile,thefuck/specific/archlinux.py,get_pkgfile,0,0.31251439724471103
thefuck_13_2af65071d84a_tests/test_utils.py_test_old_match_0,thefuck,13,2af65071d84a7d1d14a4126364d9b4c9b5241f3c,tests/test_utils.py:test_old_match,tests/test_utils.py,test_old_match,0,0.33481543739713004
thefuck_14_183b70c8b888_thefuck/shells/fish.py__get_overridden_aliases_1,thefuck,14,183b70c8b8885843efefd2bd4e74dc0a7d42d173,thefuck/shells/fish.py:_get_overridden_aliases,thefuck/shells/fish.py,_get_overridden_aliases,1,0.2749174508632612
thefuck_14_183b70c8b888_thefuck/types.py___repr___0,thefuck,14,183b70c8b8885843efefd2bd4e74dc0a7d42d173,thefuck/types.py:__repr__,thefuck/types.py,__repr__,0,0.23403663680651624
thefuck_14_183b70c8b888_tests/shells/test_zsh.py_test_to_shell_0,thefuck,14,183b70c8b8885843efefd2bd4e74dc0a7d42d173,tests/shells/test_zsh.py:test_to_shell,tests/shells/test_zsh.py,test_to_shell,0,0.22505986178674395
thefuck_14_183b70c8b888_thefuck/rules/mvn_no_command.py_match_0,thefuck,14,183b70c8b8885843efefd2bd4e74dc0a7d42d173,thefuck/rules/mvn_no_command.py:match,thefuck/rules/mvn_no_command.py,match,0,0.16939255038901818
thefuck_15_3a39deb48599_thefuck/rules/git_add.py_get_new_command_1,thefuck,15,3a39deb485995e67afb1919972cd1c9aaedf4c32,thefuck/rules/git_add.py:get_new_command,thefuck/rules/git_add.py,get_new_command,1,0.17421042368084072
thefuck_15_3a39deb48599_thefuck/rules/git_add.py_match_1,thefuck,15,3a39deb485995e67afb1919972cd1c9aaedf4c32,thefuck/rules/git_add.py:match,thefuck/rules/git_add.py,match,1,0.18066000914515812
thefuck_15_3a39deb48599_thefuck/rules/git_push_pull.py_match_0,thefuck,15,3a39deb485995e67afb1919972cd1c9aaedf4c32,thefuck/rules/git_push_pull.py:match,thefuck/rules/git_push_pull.py,match,0,0.17908024926944108
thefuck_15_3a39deb48599_tests/rules/test_git_checkout.py_test_match_0,thefuck,15,3a39deb485995e67afb1919972cd1c9aaedf4c32,tests/rules/test_git_checkout.py:test_match,tests/rules/test_git_checkout.py,test_match,0,0.19236953488049632
thefuck_15_3a39deb48599_thefuck/shells/tcsh.py_get_aliases_0,thefuck,15,3a39deb485995e67afb1919972cd1c9aaedf4c32,thefuck/shells/tcsh.py:get_aliases,thefuck/shells/tcsh.py,get_aliases,0,0.19329351525518174
thefuck_15_3a39deb48599_thefuck/shells/fish.py__script_from_history_0,thefuck,15,3a39deb485995e67afb1919972cd1c9aaedf4c32,thefuck/shells/fish.py:_script_from_history,thefuck/shells/fish.py,_script_from_history,0,0.3395769798504635
thefuck_15_3a39deb48599_tests/shells/test_fish.py_test_and__0,thefuck,15,3a39deb485995e67afb1919972cd1c9aaedf4c32,tests/shells/test_fish.py:test_and_,tests/shells/test_fish.py,test_and_,0,0.21783145844858995
thefuck_15_3a39deb48599_thefuck/rules/apt_invalid_operation.py_match_0,thefuck,15,3a39deb485995e67afb1919972cd1c9aaedf4c32,thefuck/rules/apt_invalid_operation.py:match,thefuck/rules/apt_invalid_operation.py,match,0,0.18760489650065915
thefuck_16_d92765d5df66_thefuck/shells/zsh.py_app_alias_1,thefuck,16,d92765d5df6607cb2f2fb67cee7b63f64ac7aa6b,thefuck/shells/zsh.py:app_alias,thefuck/shells/zsh.py,app_alias,1,0.332722545018648
thefuck_16_d92765d5df66_thefuck/shells/fish.py_app_alias_1,thefuck,16,d92765d5df6607cb2f2fb67cee7b63f64ac7aa6b,thefuck/shells/fish.py:app_alias,thefuck/shells/fish.py,app_alias,1,0.2358551550075678
thefuck_16_d92765d5df66_thefuck/shells/bash.py_app_alias_1,thefuck,16,d92765d5df6607cb2f2fb67cee7b63f64ac7aa6b,thefuck/shells/bash.py:app_alias,thefuck/shells/bash.py,app_alias,1,0.32462268698863056
thefuck_16_d92765d5df66_thefuck/types.py_run_1,thefuck,16,d92765d5df6607cb2f2fb67cee7b63f64ac7aa6b,thefuck/types.py:run,thefuck/types.py,run,1,0.37090742622139783
thefuck_16_d92765d5df66_tests/specific/test_git.py_test_git_support_0,thefuck,16,d92765d5df6607cb2f2fb67cee7b63f64ac7aa6b,tests/specific/test_git.py:test_git_support,tests/specific/test_git.py,test_git_support,0,0.28144293333491643
thefuck_16_d92765d5df66_tests/rules/test_heroku_not_command.py_suggest_stderr_0,thefuck,16,d92765d5df6607cb2f2fb67cee7b63f64ac7aa6b,tests/rules/test_heroku_not_command.py:suggest_stderr,tests/rules/test_heroku_not_command.py,suggest_stderr,0,0.18801783250297935
thefuck_16_d92765d5df66_tests/rules/test_composer_not_command.py_test_get_new_command_0,thefuck,16,d92765d5df6607cb2f2fb67cee7b63f64ac7aa6b,tests/rules/test_composer_not_command.py:test_get_new_command,tests/rules/test_composer_not_command.py,test_get_new_command,0,0.21668125697164844
thefuck_16_d92765d5df66_thefuck/rules/tsuru_login.py_match_0,thefuck,16,d92765d5df6607cb2f2fb67cee7b63f64ac7aa6b,thefuck/rules/tsuru_login.py:match,thefuck/rules/tsuru_login.py,match,0,0.17457808312348416
thefuck_16_d92765d5df66_thefuck/shells/generic.py_and__0,thefuck,16,d92765d5df6607cb2f2fb67cee7b63f64ac7aa6b,thefuck/shells/generic.py:and_,thefuck/shells/generic.py,and_,0,0.26833702902546447
thefuck_16_d92765d5df66_tests/conftest.py_no_cache_0,thefuck,16,d92765d5df6607cb2f2fb67cee7b63f64ac7aa6b,tests/conftest.py:no_cache,tests/conftest.py,no_cache,0,0.1828682264269432
thefuck_16_d92765d5df66_tests/functional/test_zsh.py_proc_0,thefuck,16,d92765d5df6607cb2f2fb67cee7b63f64ac7aa6b,tests/functional/test_zsh.py:proc,tests/functional/test_zsh.py,proc,0,0.3550496319074284
thefuck_16_d92765d5df66_thefuck/logs.py_debug_0,thefuck,16,d92765d5df6607cb2f2fb67cee7b63f64ac7aa6b,thefuck/logs.py:debug,thefuck/logs.py,debug,0,0.28258120321916075
thefuck_16_d92765d5df66_tests/rules/test_git_push_pull.py_test_get_new_command_0,thefuck,16,d92765d5df6607cb2f2fb67cee7b63f64ac7aa6b,tests/rules/test_git_push_pull.py:test_get_new_command,tests/rules/test_git_push_pull.py,test_get_new_command,0,0.22521754933953814
thefuck_16_d92765d5df66_tests/rules/test_fix_file.py_test_not_file_0,thefuck,16,d92765d5df6607cb2f2fb67cee7b63f64ac7aa6b,tests/rules/test_fix_file.py:test_not_file,tests/rules/test_fix_file.py,test_not_file,0,0.28292321386097374
thefuck_16_d92765d5df66_thefuck/shells/tcsh.py__get_history_file_name_0,thefuck,16,d92765d5df6607cb2f2fb67cee7b63f64ac7aa6b,thefuck/shells/tcsh.py:_get_history_file_name,thefuck/shells/tcsh.py,_get_history_file_name,0,0.19089264695498107
thefuck_16_d92765d5df66_thefuck/rules/dirty_unzip.py_match_0,thefuck,16,d92765d5df6607cb2f2fb67cee7b63f64ac7aa6b,thefuck/rules/dirty_unzip.py:match,thefuck/rules/dirty_unzip.py,match,0,0.29441765237626916
thefuck_17_f7f0660114a0_thefuck/shells/zsh.py_get_aliases_1,thefuck,17,f7f0660114a02fe49578ec5684dd02c81042d175,thefuck/shells/zsh.py:get_aliases,thefuck/shells/zsh.py,get_aliases,1,0.19864971254097863
thefuck_17_f7f0660114a0_thefuck/shells/bash.py_app_alias_1,thefuck,17,f7f0660114a02fe49578ec5684dd02c81042d175,thefuck/shells/bash.py:app_alias,thefuck/shells/bash.py,app_alias,1,0.33390839959122776
thefuck_17_f7f0660114a0_thefuck/shells/bash.py_get_aliases_1,thefuck,17,f7f0660114a02fe49578ec5684dd02c81042d175,thefuck/shells/bash.py:get_aliases,thefuck/shells/bash.py,get_aliases,1,0.1933283786916575
thefuck_17_f7f0660114a0_thefuck/utils.py_compatibility_call_0,thefuck,17,f7f0660114a02fe49578ec5684dd02c81042d175,thefuck/utils.py:compatibility_call,thefuck/utils.py,compatibility_call,0,0.440070789928343
thefuck_17_f7f0660114a0_tests/test_ui.py_test_with_confirmation_with_side_effct_0,thefuck,17,f7f0660114a02fe49578ec5684dd02c81042d175,tests/test_ui.py:test_with_confirmation_with_side_effct,tests/test_ui.py,test_with_confirmation_with_side_effct,0,0.37092588045033764
thefuck_17_f7f0660114a0_thefuck/rules/git_two_dashes.py_match_0,thefuck,17,f7f0660114a02fe49578ec5684dd02c81042d175,thefuck/rules/git_two_dashes.py:match,thefuck/rules/git_two_dashes.py,match,0,0.17458815431671587
thefuck_17_f7f0660114a0_tests/rules/test_history.py_test_get_new_command_0,thefuck,17,f7f0660114a02fe49578ec5684dd02c81042d175,tests/rules/test_history.py:test_get_new_command,tests/rules/test_history.py,test_get_new_command,0,0.2238013202533087
thefuck_17_f7f0660114a0_tests/rules/test_apt_invalid_operation.py_test_match_0,thefuck,17,f7f0660114a02fe49578ec5684dd02c81042d175,tests/rules/test_apt_invalid_operation.py:test_match,tests/rules/test_apt_invalid_operation.py,test_match,0,0.23118913094778398
thefuck_17_f7f0660114a0_thefuck/utils.py_get_all_executables_0,thefuck,17,f7f0660114a02fe49578ec5684dd02c81042d175,thefuck/utils.py:get_all_executables,thefuck/utils.py,get_all_executables,0,0.32423740015055147
thefuck_17_f7f0660114a0_tests/rules/test_brew_unknown_command.py_brew_unknown_cmd2_0,thefuck,17,f7f0660114a02fe49578ec5684dd02c81042d175,tests/rules/test_brew_unknown_command.py:brew_unknown_cmd2,tests/rules/test_brew_unknown_command.py,brew_unknown_cmd2,0,0.1457772058706652
thefuck_17_f7f0660114a0_thefuck/shells/fish.py__script_from_history_0,thefuck,17,f7f0660114a02fe49578ec5684dd02c81042d175,thefuck/shells/fish.py:_script_from_history,thefuck/shells/fish.py,_script_from_history,0,0.3396464078771277
thefuck_17_f7f0660114a0_thefuck/rules/git_add.py_match_0,thefuck,17,f7f0660114a02fe49578ec5684dd02c81042d175,thefuck/rules/git_add.py:match,thefuck/rules/git_add.py,match,0,0.1807134794818687
thefuck_18_b65a9a0a4fd9_thefuck/rules/sudo.py_match_1,thefuck,18,b65a9a0a4fd9bef394b45a1d367d29aa1e1c403e,thefuck/rules/sudo.py:match,thefuck/rules/sudo.py,match,1,0.321731527879156
thefuck_18_b65a9a0a4fd9_thefuck/rules/fix_file.py__search_0,thefuck,18,b65a9a0a4fd9bef394b45a1d367d29aa1e1c403e,thefuck/rules/fix_file.py:_search,thefuck/rules/fix_file.py,_search,0,0.3759442839421925
thefuck_18_b65a9a0a4fd9_thefuck/rules/gulp_not_task.py_get_gulp_tasks_0,thefuck,18,b65a9a0a4fd9bef394b45a1d367d29aa1e1c403e,thefuck/rules/gulp_not_task.py:get_gulp_tasks,thefuck/rules/gulp_not_task.py,get_gulp_tasks,0,0.13885351618978764
thefuck_18_b65a9a0a4fd9_tests/rules/test_pacman.py_test_not_match_0,thefuck,18,b65a9a0a4fd9bef394b45a1d367d29aa1e1c403e,tests/rules/test_pacman.py:test_not_match,tests/rules/test_pacman.py,test_not_match,0,0.18938618550448544
thefuck_19_959b96cf6ec8_thefuck/rules/git_push_force.py_get_new_command_1,thefuck,19,959b96cf6ec8cedda05dc58efe0e0f3bd6ed2f4e,thefuck/rules/git_push_force.py:get_new_command,thefuck/rules/git_push_force.py,get_new_command,1,0.17439213707634574
thefuck_19_959b96cf6ec8_thefuck/shells.py_get_aliases_0,thefuck,19,959b96cf6ec8cedda05dc58efe0e0f3bd6ed2f4e,thefuck/shells.py:get_aliases,thefuck/shells.py,get_aliases,0,0.2637715216321016
thefuck_19_959b96cf6ec8_thefuck/rules/mercurial.py_extract_possibilities_0,thefuck,19,959b96cf6ec8cedda05dc58efe0e0f3bd6ed2f4e,thefuck/rules/mercurial.py:extract_possibilities,thefuck/rules/mercurial.py,extract_possibilities,0,0.2556628257369255
thefuck_19_959b96cf6ec8_thefuck/rules/brew_install.py__get_formulas_0,thefuck,19,959b96cf6ec8cedda05dc58efe0e0f3bd6ed2f4e,thefuck/rules/brew_install.py:_get_formulas,thefuck/rules/brew_install.py,_get_formulas,0,0.3917840220451742
thefuck_2_40ab4eb62db5_thefuck/utils.py_get_all_executables_1,thefuck,2,40ab4eb62db57627bff10cf029d29c94704086a2,thefuck/utils.py:get_all_executables,thefuck/utils.py,get_all_executables,1,0.3310115483203313
thefuck_2_40ab4eb62db5_thefuck/rules/cd_correction.py_get_new_command_0,thefuck,2,40ab4eb62db57627bff10cf029d29c94704086a2,thefuck/rules/cd_correction.py:get_new_command,thefuck/rules/cd_correction.py,get_new_command,0,0.4681910312544958
thefuck_2_40ab4eb62db5_thefuck/rules/sed_unterminated_s.py_get_new_command_0,thefuck,2,40ab4eb62db57627bff10cf029d29c94704086a2,thefuck/rules/sed_unterminated_s.py:get_new_command,thefuck/rules/sed_unterminated_s.py,get_new_command,0,0.33878001960177095
thefuck_2_40ab4eb62db5_thefuck/rules/fab_command_not_found.py_get_new_command_0,thefuck,2,40ab4eb62db57627bff10cf029d29c94704086a2,thefuck/rules/fab_command_not_found.py:get_new_command,thefuck/rules/fab_command_not_found.py,get_new_command,0,0.23417266321341842
thefuck_20_0a6a3db65d2f_thefuck/rules/dirty_unzip.py__zip_file_1,thefuck,20,0a6a3db65d2fc480c5b2f1135137f34c9f06b742,thefuck/rules/dirty_unzip.py:_zip_file,thefuck/rules/dirty_unzip.py,_zip_file,1,0.46714529582070125
thefuck_20_0a6a3db65d2f_thefuck/rules/dirty_unzip.py_get_new_command_1,thefuck,20,0a6a3db65d2fc480c5b2f1135137f34c9f06b742,thefuck/rules/dirty_unzip.py:get_new_command,thefuck/rules/dirty_unzip.py,get_new_command,1,0.18862577761144228
thefuck_20_0a6a3db65d2f_tests/rules/test_brew_install.py_brew_no_available_formula_0,thefuck,20,0a6a3db65d2fc480c5b2f1135137f34c9f06b742,tests/rules/test_brew_install.py:brew_no_available_formula,tests/rules/test_brew_install.py,brew_no_available_formula,0,0.14587409425498912
thefuck_20_0a6a3db65d2f_thefuck/types.py___eq___0,thefuck,20,0a6a3db65d2fc480c5b2f1135137f34c9f06b742,thefuck/types.py:__eq__,thefuck/types.py,__eq__,0,0.3759554396670517
thefuck_20_0a6a3db65d2f_thefuck/shells.py_app_alias_0,thefuck,20,0a6a3db65d2fc480c5b2f1135137f34c9f06b742,thefuck/shells.py:app_alias,thefuck/shells.py,app_alias,0,0.24520340315501737
thefuck_20_0a6a3db65d2f_tests/rules/test_go_run.py_test_get_new_command_0,thefuck,20,0a6a3db65d2fc480c5b2f1135137f34c9f06b742,tests/rules/test_go_run.py:test_get_new_command,tests/rules/test_go_run.py,test_get_new_command,0,0.22548829697768488
thefuck_20_0a6a3db65d2f_tests/rules/test_git_push_force.py_test_get_new_command_0,thefuck,20,0a6a3db65d2fc480c5b2f1135137f34c9f06b742,tests/rules/test_git_push_force.py:test_get_new_command,tests/rules/test_git_push_force.py,test_get_new_command,0,0.22542846436905442
thefuck_20_0a6a3db65d2f_thefuck/rules/python_execute.py_match_0,thefuck,20,0a6a3db65d2fc480c5b2f1135137f34c9f06b742,thefuck/rules/python_execute.py:match,thefuck/rules/python_execute.py,match,0,0.1685548631929064
thefuck_21_71dc2666ccf6_thefuck/rules/git_fix_stash.py_match_1,thefuck,21,71dc2666ccf62e653291d9a7a08e2c6c3320425b,thefuck/rules/git_fix_stash.py:match,thefuck/rules/git_fix_stash.py,match,1,0.17972013235159456
thefuck_21_71dc2666ccf6_tests/rules/test_java.py_test_match_0,thefuck,21,71dc2666ccf62e653291d9a7a08e2c6c3320425b,tests/rules/test_java.py:test_match,tests/rules/test_java.py,test_match,0,0.17701624899040222
thefuck_21_71dc2666ccf6_thefuck/rules/cp_omitting_directory.py_match_0,thefuck,21,71dc2666ccf62e653291d9a7a08e2c6c3320425b,thefuck/rules/cp_omitting_directory.py:match,thefuck/rules/cp_omitting_directory.py,match,0,0.17977166238283188
thefuck_21_71dc2666ccf6_thefuck/utils.py_for_app_0,thefuck,21,71dc2666ccf62e653291d9a7a08e2c6c3320425b,thefuck/utils.py:for_app,thefuck/utils.py,for_app,0,0.39968095424103184
thefuck_22_faa7ee603057_thefuck/types.py__realise_1,thefuck,22,faa7ee603057fa98c25507d30180c055d10d13d4,thefuck/types.py:_realise,thefuck/types.py,_realise,1,0.18514662069175775
thefuck_22_faa7ee603057_thefuck/rules/switch_lang.py_get_new_command_0,thefuck,22,faa7ee603057fa98c25507d30180c055d10d13d4,thefuck/rules/switch_lang.py:get_new_command,thefuck/rules/switch_lang.py,get_new_command,0,0.24217557952414706
thefuck_22_faa7ee603057_tests/rules/test_git_push_force.py_test_not_match_0,thefuck,22,faa7ee603057fa98c25507d30180c055d10d13d4,tests/rules/test_git_push_force.py:test_not_match,tests/rules/test_git_push_force.py,test_not_match,0,0.17698831643077031
thefuck_22_faa7ee603057_tests/rules/test_man.py_test_match_0,thefuck,22,faa7ee603057fa98c25507d30180c055d10d13d4,tests/rules/test_man.py:test_match,tests/rules/test_man.py,test_match,0,0.17698831643077031
thefuck_23_4129ff2717cc_thefuck/utils.py_cache_1,thefuck,23,4129ff2717cc6e6fa51d70cc4e6c31d56ef8e2c9,thefuck/utils.py:cache,thefuck/utils.py,cache,1,0.42661843234868135
thefuck_23_4129ff2717cc_thefuck/types.py___getattr___0,thefuck,23,4129ff2717cc6e6fa51d70cc4e6c31d56ef8e2c9,thefuck/types.py:__getattr__,thefuck/types.py,__getattr__,0,0.22947252660668413
thefuck_23_4129ff2717cc_tests/test_ui.py_test_command_selector_0,thefuck,23,4129ff2717cc6e6fa51d70cc4e6c31d56ef8e2c9,tests/test_ui.py:test_command_selector,tests/test_ui.py,test_command_selector,0,0.13490445503819884
thefuck_23_4129ff2717cc_tests/rules/test_mvn_no_command.py_test_match_0,thefuck,23,4129ff2717cc6e6fa51d70cc4e6c31d56ef8e2c9,tests/rules/test_mvn_no_command.py:test_match,tests/rules/test_mvn_no_command.py,test_match,0,0.1769908684839277
thefuck_23_4129ff2717cc_tests/rules/test_git_push.py_test_match_0,thefuck,23,4129ff2717cc6e6fa51d70cc4e6c31d56ef8e2c9,tests/rules/test_git_push.py:test_match,tests/rules/test_git_push.py,test_match,0,0.16991198929373094
thefuck_23_4129ff2717cc_tests/rules/test_ls_lah.py_test_match_0,thefuck,23,4129ff2717cc6e6fa51d70cc4e6c31d56ef8e2c9,tests/rules/test_ls_lah.py:test_match,tests/rules/test_ls_lah.py,test_match,0,0.11992740281563943
thefuck_23_4129ff2717cc_tests/rules/test_switch_lang.py_test_match_0,thefuck,23,4129ff2717cc6e6fa51d70cc4e6c31d56ef8e2c9,tests/rules/test_switch_lang.py:test_match,tests/rules/test_switch_lang.py,test_match,0,0.1769908684839277
thefuck_24_12394ca8423a_thefuck/types.py__remove_duplicates_1,thefuck,24,12394ca8423a438915fed996383b44471fc1139d,thefuck/types.py:_remove_duplicates,thefuck/types.py,_remove_duplicates,1,0.22997438712758683
thefuck_24_12394ca8423a_thefuck/types.py__get_first_two_unique_1,thefuck,24,12394ca8423a438915fed996383b44471fc1139d,thefuck/types.py:_get_first_two_unique,thefuck/types.py,_get_first_two_unique,1,0.3647517283076619
thefuck_24_12394ca8423a_tests/rules/test_ssh_known_host.py_ssh_error_0,thefuck,24,12394ca8423a438915fed996383b44471fc1139d,tests/rules/test_ssh_known_host.py:ssh_error,tests/rules/test_ssh_known_host.py,ssh_error,0,0.24040125475380844
thefuck_24_12394ca8423a_thefuck/rules/grep_recursive.py_match_0,thefuck,24,12394ca8423a438915fed996383b44471fc1139d,thefuck/rules/grep_recursive.py:match,thefuck/rules/grep_recursive.py,match,0,0.2154329542968283
thefuck_24_12394ca8423a_tests/test_ui.py_test_with_confirmation_0,thefuck,24,12394ca8423a438915fed996383b44471fc1139d,tests/test_ui.py:test_with_confirmation,tests/test_ui.py,test_with_confirmation,0,0.371276287560809
thefuck_24_12394ca8423a_tests/rules/test_apt_get.py_test_get_new_command_mocked_0,thefuck,24,12394ca8423a438915fed996383b44471fc1139d,tests/rules/test_apt_get.py:test_get_new_command_mocked,tests/rules/test_apt_get.py,test_get_new_command_mocked,0,0.3611089412751273
thefuck_24_12394ca8423a_tests/rules/test_brew_unknown_command.py_test_get_new_command_0,thefuck,24,12394ca8423a438915fed996383b44471fc1139d,tests/rules/test_brew_unknown_command.py:test_get_new_command,tests/rules/test_brew_unknown_command.py,test_get_new_command,0,0.22509706732556908
thefuck_24_12394ca8423a_tests/rules/test_git_push_pull.py_test_match_0,thefuck,24,12394ca8423a438915fed996383b44471fc1139d,tests/rules/test_git_push_pull.py:test_match,tests/rules/test_git_push_pull.py,test_match,0,0.17702826159333301
thefuck_25_42a8b4f63926_thefuck/rules/mkdir_p.py_get_new_command_1,thefuck,25,42a8b4f639269886e468762e6d100b6f01aad8ab,thefuck/rules/mkdir_p.py:get_new_command,thefuck/rules/mkdir_p.py,get_new_command,1,0.22278187141473105
thefuck_25_42a8b4f63926_thefuck/shells.py_app_alias_0,thefuck,25,42a8b4f639269886e468762e6d100b6f01aad8ab,thefuck/shells.py:app_alias,thefuck/shells.py,app_alias,0,0.26067223768473097
thefuck_25_42a8b4f63926_tests/rules/test_composer_not_command.py_composer_not_command_0,thefuck,25,42a8b4f639269886e468762e6d100b6f01aad8ab,tests/rules/test_composer_not_command.py:composer_not_command,tests/rules/test_composer_not_command.py,composer_not_command,0,0.13354484756025956
thefuck_25_42a8b4f63926_tests/rules/test_git_pull.py_test_get_new_command_0,thefuck,25,42a8b4f639269886e468762e6d100b6f01aad8ab,tests/rules/test_git_pull.py:test_get_new_command,tests/rules/test_git_pull.py,test_get_new_command,0,0.17526569982883303
thefuck_26_7cb0388ed084_thefuck/rules/vagrant_up.py_get_new_command_1,thefuck,26,7cb0388ed0845545e878b29783bbf8e901a02745,thefuck/rules/vagrant_up.py:get_new_command,thefuck/rules/vagrant_up.py,get_new_command,1,0.29479489258822605
thefuck_26_7cb0388ed084_tests/test_shells.py_test_put_to_history_0,thefuck,26,7cb0388ed0845545e878b29783bbf8e901a02745,tests/test_shells.py:test_put_to_history,tests/test_shells.py,test_put_to_history,0,0.33035279479133994
thefuck_26_7cb0388ed084_thefuck/types.py_update_0,thefuck,26,7cb0388ed0845545e878b29783bbf8e901a02745,thefuck/types.py:update,thefuck/types.py,update,0,0.20851409221241513
thefuck_26_7cb0388ed084_thefuck/shells.py_thefuck_alias_0,thefuck,26,7cb0388ed0845545e878b29783bbf8e901a02745,thefuck/shells.py:thefuck_alias,thefuck/shells.py,thefuck_alias,0,0.16131968131544394
thefuck_27_bc6b107066d3_thefuck/rules/open.py_get_new_command_1,thefuck,27,bc6b107066d3f1e60b4cfcaa8cf6399e98cf1b1c,thefuck/rules/open.py:get_new_command,thefuck/rules/open.py,get_new_command,1,0.21021788672560565
thefuck_27_bc6b107066d3_thefuck/archlinux.py_archlinux_env_0,thefuck,27,bc6b107066d3f1e60b4cfcaa8cf6399e98cf1b1c,thefuck/archlinux.py:archlinux_env,thefuck/archlinux.py,archlinux_env,0,0.27257544331863426
thefuck_27_bc6b107066d3_thefuck/rules/no_command.py_match_0,thefuck,27,bc6b107066d3f1e60b4cfcaa8cf6399e98cf1b1c,thefuck/rules/no_command.py:match,thefuck/rules/no_command.py,match,0,0.21700603880672645
thefuck_27_bc6b107066d3_thefuck/rules/dirty_unzip.py_match_0,thefuck,27,bc6b107066d3f1e60b4cfcaa8cf6399e98cf1b1c,thefuck/rules/dirty_unzip.py:match,thefuck/rules/dirty_unzip.py,match,0,0.24015405939782647
thefuck_28_88831c424f56_thefuck/rules/fix_file.py_get_new_command_1,thefuck,28,88831c424f569e6a55fc98883d3eeecc7d425b18,thefuck/rules/fix_file.py:get_new_command,thefuck/rules/fix_file.py,get_new_command,1,0.23503284928013357
thefuck_28_88831c424f56_thefuck/utils.py_which_0,thefuck,28,88831c424f569e6a55fc98883d3eeecc7d425b18,thefuck/utils.py:which,thefuck/utils.py,which,0,0.5469466382006708
thefuck_28_88831c424f56_tests/test_shells.py_test_to_shell_0,thefuck,28,88831c424f569e6a55fc98883d3eeecc7d425b18,tests/test_shells.py:test_to_shell,tests/test_shells.py,test_to_shell,0,0.21826585260033565
thefuck_28_88831c424f56_tests/rules/test_git_not_command.py_git_not_command_closest_0,thefuck,28,88831c424f569e6a55fc98883d3eeecc7d425b18,tests/rules/test_git_not_command.py:git_not_command_closest,tests/rules/test_git_not_command.py,git_not_command_closest,0,0.13779226329709968
thefuck_29_4a2f869c6d6e_thefuck/types.py_update_1,thefuck,29,4a2f869c6d6ef03d8d7ada1121cc6631d7ef979e,thefuck/types.py:update,thefuck/types.py,update,1,0.21024101589608457
thefuck_29_4a2f869c6d6e_thefuck/utils.py_get_all_executables_0,thefuck,29,4a2f869c6d6ef03d8d7ada1121cc6631d7ef979e,thefuck/utils.py:get_all_executables,thefuck/utils.py,get_all_executables,0,0.2592889091872963
thefuck_29_4a2f869c6d6e_thefuck/shells.py__get_history_line_0,thefuck,29,4a2f869c6d6ef03d8d7ada1121cc6631d7ef979e,thefuck/shells.py:_get_history_line,thefuck/shells.py,_get_history_line,0,0.26084651568329076
thefuck_29_4a2f869c6d6e_thefuck/rules/whois.py_match_0,thefuck,29,4a2f869c6d6ef03d8d7ada1121cc6631d7ef979e,thefuck/rules/whois.py:match,thefuck/rules/whois.py,match,0,0.20215463275925954
thefuck_3_ac343fb1bd7d_thefuck/shells/fish.py_info_1,thefuck,3,ac343fb1bd7dadbb9e1a9fd7e3071f5778e338a4,thefuck/shells/fish.py:info,thefuck/shells/fish.py,info,1,0.20407357965424155
thefuck_3_ac343fb1bd7d_tests/test_types.py_test_is_match_0,thefuck,3,ac343fb1bd7dadbb9e1a9fd7e3071f5778e338a4,tests/test_types.py:test_is_match,tests/test_types.py,test_is_match,0,0.21222696005838643
thefuck_3_ac343fb1bd7d_thefuck/shells/fish.py__put_to_history_0,thefuck,3,ac343fb1bd7dadbb9e1a9fd7e3071f5778e338a4,thefuck/shells/fish.py:_put_to_history,thefuck/shells/fish.py,_put_to_history,0,0.5966745257611075
thefuck_3_ac343fb1bd7d_thefuck/utils.py_get_alias_0,thefuck,3,ac343fb1bd7dadbb9e1a9fd7e3071f5778e338a4,thefuck/utils.py:get_alias,thefuck/utils.py,get_alias,0,0.24767216233868897
thefuck_30_de513cacb150_thefuck/rules/fix_file.py_match_1,thefuck,30,de513cacb150049e3f95434f8d6d30b7ed1e0ea7,thefuck/rules/fix_file.py:match,thefuck/rules/fix_file.py,match,1,0.24899752352903362
thefuck_30_de513cacb150_thefuck/rules/gulp_not_task.py_get_new_command_0,thefuck,30,de513cacb150049e3f95434f8d6d30b7ed1e0ea7,thefuck/rules/gulp_not_task.py:get_new_command,thefuck/rules/gulp_not_task.py,get_new_command,0,0.23431453527854368
thefuck_30_de513cacb150_tests/test_conf.py_test_from_file_0,thefuck,30,de513cacb150049e3f95434f8d6d30b7ed1e0ea7,tests/test_conf.py:test_from_file,tests/test_conf.py,test_from_file,0,0.2284995841648615
thefuck_30_de513cacb150_thefuck/shells.py_app_alias_0,thefuck,30,de513cacb150049e3f95434f8d6d30b7ed1e0ea7,thefuck/shells.py:app_alias,thefuck/shells.py,app_alias,0,0.260908540229975
thefuck_31_66e2ec7e3f0d_thefuck/rules/git_diff_staged.py_get_new_command_1,thefuck,31,66e2ec7e3f0d3f848c01d87bb3503b0ff90fc78a,thefuck/rules/git_diff_staged.py:get_new_command,thefuck/rules/git_diff_staged.py,get_new_command,1,0.21625025395284286
thefuck_31_66e2ec7e3f0d_tests/rules/test_git_not_command.py_git_not_command_closest_0,thefuck,31,66e2ec7e3f0d3f848c01d87bb3503b0ff90fc78a,tests/rules/test_git_not_command.py:git_not_command_closest,tests/rules/test_git_not_command.py,git_not_command_closest,0,0.13816627354500743
thefuck_31_66e2ec7e3f0d_thefuck/rules/git_branch_list.py_get_new_command_0,thefuck,31,66e2ec7e3f0d3f848c01d87bb3503b0ff90fc78a,thefuck/rules/git_branch_list.py:get_new_command,thefuck/rules/git_branch_list.py,get_new_command,0,0.21623382405927238
thefuck_31_66e2ec7e3f0d_tests/rules/test_mercurial.py_test_match_0,thefuck,31,66e2ec7e3f0d3f848c01d87bb3503b0ff90fc78a,tests/rules/test_mercurial.py:test_match,tests/rules/test_mercurial.py,test_match,0,0.17760975361555476
thefuck_32_cb33c912e5f2_thefuck/rules/ls_lah.py_match_1,thefuck,32,cb33c912e5f2f4c2da6b70d708ff0437bfcd3b94,thefuck/rules/ls_lah.py:match,thefuck/rules/ls_lah.py,match,1,0.21150819876232652
thefuck_32_cb33c912e5f2_thefuck/conf.py___add___0,thefuck,32,cb33c912e5f2f4c2da6b70d708ff0437bfcd3b94,thefuck/conf.py:__add__,thefuck/conf.py,__add__,0,0.244938017858389
thefuck_32_cb33c912e5f2_thefuck/shells.py_thefuck_alias_0,thefuck,32,cb33c912e5f2f4c2da6b70d708ff0437bfcd3b94,thefuck/shells.py:thefuck_alias,thefuck/shells.py,thefuck_alias,0,0.15644684758130145
thefuck_32_cb33c912e5f2_thefuck/rules/rm_root.py_match_0,thefuck,32,cb33c912e5f2f4c2da6b70d708ff0437bfcd3b94,thefuck/rules/rm_root.py:match,thefuck/rules/rm_root.py,match,0,0.21366104930407553
thefuck_4_68949a592248_thefuck/shells/fish.py__get_aliases_1,thefuck,4,68949a592248913b52bfd50036893553153fcddb,thefuck/shells/fish.py:_get_aliases,thefuck/shells/fish.py,_get_aliases,1,0.38601151466628736
thefuck_4_68949a592248_thefuck/rules/yarn_help.py_get_new_command_0,thefuck,4,68949a592248913b52bfd50036893553153fcddb,thefuck/rules/yarn_help.py:get_new_command,thefuck/rules/yarn_help.py,get_new_command,0,0.1756325469417944
thefuck_4_68949a592248_tests/rules/test_missing_space_before_subcommand.py_test_get_new_command_0,thefuck,4,68949a592248913b52bfd50036893553153fcddb,tests/rules/test_missing_space_before_subcommand.py:test_get_new_command,tests/rules/test_missing_space_before_subcommand.py,test_get_new_command,0,0.2232856404616742
thefuck_4_68949a592248_thefuck/rules/man.py_get_new_command_0,thefuck,4,68949a592248913b52bfd50036893553153fcddb,thefuck/rules/man.py:get_new_command,thefuck/rules/man.py,get_new_command,0,0.22966780499503128
thefuck_5_7c858fadb345_thefuck/rules/git_push.py_match_1,thefuck,5,7c858fadb3458be829d3d43666ccb46c3ed5b8a0,thefuck/rules/git_push.py:match,thefuck/rules/git_push.py,match,1,0.18016614731684438
thefuck_5_7c858fadb345_tests/rules/test_mvn_no_command.py_test_not_match_0,thefuck,5,7c858fadb3458be829d3d43666ccb46c3ed5b8a0,tests/rules/test_mvn_no_command.py:test_not_match,tests/rules/test_mvn_no_command.py,test_not_match,0,0.1763098513227357
thefuck_5_7c858fadb345_tests/rules/test_tsuru_login.py_test_get_new_command_0,thefuck,5,7c858fadb3458be829d3d43666ccb46c3ed5b8a0,tests/rules/test_tsuru_login.py:test_get_new_command,tests/rules/test_tsuru_login.py,test_get_new_command,0,0.2246732075470279
thefuck_5_7c858fadb345_thefuck/rules/git_fix_stash.py_get_new_command_0,thefuck,5,7c858fadb3458be829d3d43666ccb46c3ed5b8a0,thefuck/rules/git_fix_stash.py:get_new_command,thefuck/rules/git_fix_stash.py,get_new_command,0,0.24909601583889246
thefuck_6_797ca1c5647c_thefuck/rules/git_branch_exists.py_match_1,thefuck,6,797ca1c5647c565f62e21a8e29515c8b0fbe275f,thefuck/rules/git_branch_exists.py:match,thefuck/rules/git_branch_exists.py,match,1,0.1864397497105328
thefuck_6_797ca1c5647c_thefuck/rules/git_branch_exists.py_get_new_command_1,thefuck,6,797ca1c5647c565f62e21a8e29515c8b0fbe275f,thefuck/rules/git_branch_exists.py:get_new_command,thefuck/rules/git_branch_exists.py,get_new_command,1,0.24956452745421626
thefuck_6_797ca1c5647c_thefuck/rules/mkdir_p.py_match_0,thefuck,6,797ca1c5647c565f62e21a8e29515c8b0fbe275f,thefuck/rules/mkdir_p.py:match,thefuck/rules/mkdir_p.py,match,0,0.17414947005128373
thefuck_6_797ca1c5647c_tests/test_ui.py_test_with_confirmation_select_second_0,thefuck,6,797ca1c5647c565f62e21a8e29515c8b0fbe275f,tests/test_ui.py:test_with_confirmation_select_second,tests/test_ui.py,test_with_confirmation_select_second,0,0.3660088051318313
thefuck_6_797ca1c5647c_thefuck/rules/brew_cask_dependency.py_get_new_command_0,thefuck,6,797ca1c5647c565f62e21a8e29515c8b0fbe275f,thefuck/rules/brew_cask_dependency.py:get_new_command,thefuck/rules/brew_cask_dependency.py,get_new_command,0,0.18715793360406233
thefuck_6_797ca1c5647c_thefuck/logs.py_failed_0,thefuck,6,797ca1c5647c565f62e21a8e29515c8b0fbe275f,thefuck/logs.py:failed,thefuck/logs.py,failed,0,0.19896943935161068
thefuck_6_797ca1c5647c_thefuck/rules/composer_not_command.py_get_new_command_0,thefuck,6,797ca1c5647c565f62e21a8e29515c8b0fbe275f,thefuck/rules/composer_not_command.py:get_new_command,thefuck/rules/composer_not_command.py,get_new_command,0,0.23950924963920867
thefuck_6_797ca1c5647c_tests/rules/test_git_rebase_merge_dir.py_test_not_match_0,thefuck,6,797ca1c5647c565f62e21a8e29515c8b0fbe275f,tests/rules/test_git_rebase_merge_dir.py:test_not_match,tests/rules/test_git_rebase_merge_dir.py,test_not_match,0,0.17516231627955173
thefuck_7_64d6835e15a2_thefuck/rules/php_s.py_match_1,thefuck,7,64d6835e15a22cf8803d398cbb593f748c550e8a,thefuck/rules/php_s.py:match,thefuck/rules/php_s.py,match,1,0.16895584164111932
thefuck_7_64d6835e15a2_thefuck/rules/mercurial.py_extract_possibilities_0,thefuck,7,64d6835e15a22cf8803d398cbb593f748c550e8a,thefuck/rules/mercurial.py:extract_possibilities,thefuck/rules/mercurial.py,extract_possibilities,0,0.2540834737181326
thefuck_7_64d6835e15a2_tests/rules/test_git_branch_exists.py_test_not_match_0,thefuck,7,64d6835e15a22cf8803d398cbb593f748c550e8a,tests/rules/test_git_branch_exists.py:test_not_match,tests/rules/test_git_branch_exists.py,test_not_match,0,0.17517149310720842
thefuck_7_64d6835e15a2_thefuck/shells/generic.py_from_shell_0,thefuck,7,64d6835e15a22cf8803d398cbb593f748c550e8a,thefuck/shells/generic.py:from_shell,thefuck/shells/generic.py,from_shell,0,0.30517728790323667
thefuck_8_449cb9a00693_thefuck/rules/dnf_no_such_command.py__get_operations_1,thefuck,8,449cb9a00693c8b4d97d5fda8d732cf0978e117e,thefuck/rules/dnf_no_such_command.py:_get_operations,thefuck/rules/dnf_no_such_command.py,_get_operations,1,0.1547787070037203
thefuck_8_449cb9a00693_thefuck/rules/dnf_no_such_command.py__parse_operations_1,thefuck,8,449cb9a00693c8b4d97d5fda8d732cf0978e117e,thefuck/rules/dnf_no_such_command.py:_parse_operations,thefuck/rules/dnf_no_such_command.py,_parse_operations,1,0.19164094108021706
thefuck_8_449cb9a00693_tests/test_ui.py_test_without_confirmation_with_side_effects_0,thefuck,8,449cb9a00693c8b4d97d5fda8d732cf0978e117e,tests/test_ui.py:test_without_confirmation_with_side_effects,tests/test_ui.py,test_without_confirmation_with_side_effects,0,0.3576715088988729
thefuck_8_449cb9a00693_thefuck/rules/git_add.py__get_missing_file_0,thefuck,8,449cb9a00693c8b4d97d5fda8d732cf0978e117e,thefuck/rules/git_add.py:_get_missing_file,thefuck/rules/git_add.py,_get_missing_file,0,0.2733441771543951
thefuck_8_449cb9a00693_tests/rules/test_brew_uninstall.py_test_not_match_0,thefuck,8,449cb9a00693c8b4d97d5fda8d732cf0978e117e,tests/rules/test_brew_uninstall.py:test_not_match,tests/rules/test_brew_uninstall.py,test_not_match,0,0.17445489635807268
thefuck_8_449cb9a00693_thefuck/rules/grep_arguments_order.py_match_0,thefuck,8,449cb9a00693c8b4d97d5fda8d732cf0978e117e,thefuck/rules/grep_arguments_order.py:match,thefuck/rules/grep_arguments_order.py,match,0,0.18215378604178678
thefuck_8_449cb9a00693_tests/rules/test_git_help_aliased.py_test_match_0,thefuck,8,449cb9a00693c8b4d97d5fda8d732cf0978e117e,tests/rules/test_git_help_aliased.py:test_match,tests/rules/test_git_help_aliased.py,test_match,0,0.22338830499584167
thefuck_8_449cb9a00693_thefuck/rules/open.py_match_0,thefuck,8,449cb9a00693c8b4d97d5fda8d732cf0978e117e,thefuck/rules/open.py:match,thefuck/rules/open.py,match,0,0.17675718189203718
thefuck_9_ce6b82c92d78_thefuck/rules/git_push.py_get_new_command_1,thefuck,9,ce6b82c92d78ae283cb3db001766b76f6647bc47,thefuck/rules/git_push.py:get_new_command,thefuck/rules/git_push.py,get_new_command,1,0.233060495348956
thefuck_9_ce6b82c92d78_tests/rules/test_django_south_merge.py_test_match_0,thefuck,9,ce6b82c92d78ae283cb3db001766b76f6647bc47,tests/rules/test_django_south_merge.py:test_match,tests/rules/test_django_south_merge.py,test_match,0,0.16371463474333928
thefuck_9_ce6b82c92d78_tests/test_ui.py_test_with_confirmation_abort_0,thefuck,9,ce6b82c92d78ae283cb3db001766b76f6647bc47,tests/test_ui.py:test_with_confirmation_abort,tests/test_ui.py,test_with_confirmation_abort,0,0.37302469877947714
thefuck_9_ce6b82c92d78_tests/rules/test_git_push_pull.py_test_match_0,thefuck,9,ce6b82c92d78ae283cb3db001766b76f6647bc47,tests/rules/test_git_push_pull.py:test_match,tests/rules/test_git_push_pull.py,test_match,0,0.17655318699085515
tornado_1_6a5a0bfa370b_tornado/websocket.py__receive_frame_loop_1,tornado,1,6a5a0bfa370b6c0d3dbbf9589a560a98202d2baa,tornado/websocket.py:_receive_frame_loop,tornado/websocket.py,_receive_frame_loop,1,0.6203024801417703
tornado_1_6a5a0bfa370b_tornado/websocket.py_set_nodelay_1,tornado,1,6a5a0bfa370b6c0d3dbbf9589a560a98202d2baa,tornado/websocket.py:set_nodelay,tornado/websocket.py,set_nodelay,1,0.41681986542592514
tornado_1_6a5a0bfa370b_tornado/test/httpserver_test.py_test_manual_protocol_0,tornado,1,6a5a0bfa370b6c0d3dbbf9589a560a98202d2baa,tornado/test/httpserver_test.py:test_manual_protocol,tornado/test/httpserver_test.py,test_manual_protocol,0,0.40369327887052503
tornado_1_6a5a0bfa370b_tornado/test/gen_test.py_test_multi_delayed_0,tornado,1,6a5a0bfa370b6c0d3dbbf9589a560a98202d2baa,tornado/test/gen_test.py:test_multi_delayed,tornado/test/gen_test.py,test_multi_delayed,0,0.33214078918698337
tornado_1_6a5a0bfa370b_tornado/testing.py_get_httpserver_options_0,tornado,1,6a5a0bfa370b6c0d3dbbf9589a560a98202d2baa,tornado/testing.py:get_httpserver_options,tornado/testing.py,get_httpserver_options,0,0.4142035786942948
tornado_1_6a5a0bfa370b_tornado/test/log_test.py_test_log_file_0,tornado,1,6a5a0bfa370b6c0d3dbbf9589a560a98202d2baa,tornado/test/log_test.py:test_log_file,tornado/test/log_test.py,test_log_file,0,0.43193960608333876
tornado_1_6a5a0bfa370b_tornado/test/gen_test.py_test_multi_0,tornado,1,6a5a0bfa370b6c0d3dbbf9589a560a98202d2baa,tornado/test/gen_test.py:test_multi,tornado/test/gen_test.py,test_multi,0,0.3376154559316042
tornado_1_6a5a0bfa370b_tornado/test/gen_test.py_get_0,tornado,1,6a5a0bfa370b6c0d3dbbf9589a560a98202d2baa,tornado/test/gen_test.py:get,tornado/test/gen_test.py,get,0,0.34392592628871393
tornado_10_ecd8968c5135_tornado/websocket.py_on_connection_close_1,tornado,10,ecd8968c5135b810cd607b5902dda2cd32122b39,tornado/websocket.py:on_connection_close,tornado/websocket.py,on_connection_close,1,0.4591159307827703
tornado_10_ecd8968c5135_tornado/web.py_finish_1,tornado,10,ecd8968c5135b810cd607b5902dda2cd32122b39,tornado/web.py:finish,tornado/web.py,finish,1,0.811528754487856
tornado_10_ecd8968c5135_tornado/test/gen_test.py_test_return_value_tuple_0,tornado,10,ecd8968c5135b810cd607b5902dda2cd32122b39,tornado/test/gen_test.py:test_return_value_tuple,tornado/test/gen_test.py,test_return_value_tuple,0,0.44742840573393694
tornado_10_ecd8968c5135_tornado/web.py_html_body_0,tornado,10,ecd8968c5135b810cd607b5902dda2cd32122b39,tornado/web.py:html_body,tornado/web.py,html_body,0,0.5679699157473388
tornado_10_ecd8968c5135_tornado/test/httpserver_test.py_test_empty_request_0,tornado,10,ecd8968c5135b810cd607b5902dda2cd32122b39,tornado/test/httpserver_test.py:test_empty_request,tornado/test/httpserver_test.py,test_empty_request,0,0.37230279173643877
tornado_10_ecd8968c5135_tornado/web.py_get_template_namespace_0,tornado,10,ecd8968c5135b810cd607b5902dda2cd32122b39,tornado/web.py:get_template_namespace,tornado/web.py,get_template_namespace,0,0.5308447629509911
tornado_10_ecd8968c5135_tornado/http1connection.py___init___0,tornado,10,ecd8968c5135b810cd607b5902dda2cd32122b39,tornado/http1connection.py:__init__,tornado/http1connection.py,__init__,0,0.5600045472850396
tornado_10_ecd8968c5135_tornado/test/iostream_test.py_test_read_callback_error_0,tornado,10,ecd8968c5135b810cd607b5902dda2cd32122b39,tornado/test/iostream_test.py:test_read_callback_error,tornado/test/iostream_test.py,test_read_callback_error,0,0.6154002311105029
tornado_11_79ef301eb05c_tornado/http1connection.py__read_body_1,tornado,11,79ef301eb05cac82c075198e502d94dad296f6aa,tornado/http1connection.py:_read_body,tornado/http1connection.py,_read_body,1,0.7690155911543486
tornado_11_79ef301eb05c_demos/s3server/s3server.py_get_0,tornado,11,79ef301eb05cac82c075198e502d94dad296f6aa,demos/s3server/s3server.py:get,demos/s3server/s3server.py,get,0,0.4504410723618143
tornado_11_79ef301eb05c_tornado/test/template_test.py_test_unicode_apply_0,tornado,11,79ef301eb05cac82c075198e502d94dad296f6aa,tornado/test/template_test.py:test_unicode_apply,tornado/test/template_test.py,test_unicode_apply,0,0.2508273680417387
tornado_11_79ef301eb05c_tornado/concurrent.py_set_exception_0,tornado,11,79ef301eb05cac82c075198e502d94dad296f6aa,tornado/concurrent.py:set_exception,tornado/concurrent.py,set_exception,0,0.33728816689389907
tornado_12_4ee9ba94de11_tornado/auth.py_facebook_request_1,tornado,12,4ee9ba94de11aaa4f932560fa2b3d8ceb8c61d2a,tornado/auth.py:facebook_request,tornado/auth.py,facebook_request,1,0.6268437949744036
tornado_12_4ee9ba94de11_tornado/auth.py__on_access_token_1,tornado,12,4ee9ba94de11aaa4f932560fa2b3d8ceb8c61d2a,tornado/auth.py:_on_access_token,tornado/auth.py,_on_access_token,1,0.7914599606308634
tornado_12_4ee9ba94de11_tornado/test/gen_test.py_test_resume_after_exception_in_yield_0,tornado,12,4ee9ba94de11aaa4f932560fa2b3d8ceb8c61d2a,tornado/test/gen_test.py:test_resume_after_exception_in_yield,tornado/test/gen_test.py,test_resume_after_exception_in_yield,0,0.41256095876588533
tornado_12_4ee9ba94de11_tornado/web.py_settings_0,tornado,12,4ee9ba94de11aaa4f932560fa2b3d8ceb8c61d2a,tornado/web.py:settings,tornado/web.py,settings,0,0.5369175845206254
tornado_12_4ee9ba94de11_tornado/gen.py_Task_0,tornado,12,4ee9ba94de11aaa4f932560fa2b3d8ceb8c61d2a,tornado/gen.py:Task,tornado/gen.py,Task,0,0.6222043418714439
tornado_12_4ee9ba94de11_tornado/auth.py__oauth_get_user_0,tornado,12,4ee9ba94de11aaa4f932560fa2b3d8ceb8c61d2a,tornado/auth.py:_oauth_get_user,tornado/auth.py,_oauth_get_user,0,0.4698924144271289
tornado_12_4ee9ba94de11_maint/test/redbot/red_test.py_test_static_0,tornado,12,4ee9ba94de11aaa4f932560fa2b3d8ceb8c61d2a,maint/test/redbot/red_test.py:test_static,maint/test/redbot/red_test.py,test_static,0,0.27151317048517937
tornado_12_4ee9ba94de11_tornado/web.py_headers_received_0,tornado,12,4ee9ba94de11aaa4f932560fa2b3d8ceb8c61d2a,tornado/web.py:headers_received,tornado/web.py,headers_received,0,0.7506029221099948
tornado_13_d7d9c467cda3_tornado/http1connection.py__can_keep_alive_1,tornado,13,d7d9c467cda38f4c9352172ba7411edc29a85196,tornado/http1connection.py:_can_keep_alive,tornado/http1connection.py,_can_keep_alive,1,0.6252878274448544
tornado_13_d7d9c467cda3_tornado/template.py_each_child_0,tornado,13,d7d9c467cda38f4c9352172ba7411edc29a85196,tornado/template.py:each_child,tornado/template.py,each_child,0,0.2988239560655945
tornado_13_d7d9c467cda3_demos/s3server/s3server.py_put_0,tornado,13,d7d9c467cda38f4c9352172ba7411edc29a85196,demos/s3server/s3server.py:put,demos/s3server/s3server.py,put,0,0.4428813682357403
tornado_13_d7d9c467cda3_tornado/test/web_test.py_get_app_kwargs_0,tornado,13,d7d9c467cda38f4c9352172ba7411edc29a85196,tornado/test/web_test.py:get_app_kwargs,tornado/test/web_test.py,get_app_kwargs,0,0.4498478522917515
tornado_14_81ee310adcd9_tornado/ioloop.py_initialize_1,tornado,14,81ee310adcd905fbdf7c98d9fb6ef0c5a46026c2,tornado/ioloop.py:initialize,tornado/ioloop.py,initialize,1,0.6567620598331415
tornado_14_81ee310adcd9_tornado/netutil.py_close_0,tornado,14,81ee310adcd905fbdf7c98d9fb6ef0c5a46026c2,tornado/netutil.py:close,tornado/netutil.py,close,0,0.2920005279399841
tornado_14_81ee310adcd9_tornado/web.py__ui_module_0,tornado,14,81ee310adcd905fbdf7c98d9fb6ef0c5a46026c2,tornado/web.py:_ui_module,tornado/web.py,_ui_module,0,0.7602726373799622
tornado_14_81ee310adcd9_tornado/iostream.py__handle_read_0,tornado,14,81ee310adcd905fbdf7c98d9fb6ef0c5a46026c2,tornado/iostream.py:_handle_read,tornado/iostream.py,_handle_read,0,0.48820183607611317
tornado_15_fdfaf3dffa49_tornado/web.py_validate_absolute_path_1,tornado,15,fdfaf3dffa49479c7461050eacca07bc5ee8d207,tornado/web.py:validate_absolute_path,tornado/web.py,validate_absolute_path,1,0.7961539842741882
tornado_15_fdfaf3dffa49_tornado/test/queues_test.py_test_nonblocking_get_0,tornado,15,fdfaf3dffa49479c7461050eacca07bc5ee8d207,tornado/test/queues_test.py:test_nonblocking_get,tornado/test/queues_test.py,test_nonblocking_get,0,0.234353127088772
tornado_15_fdfaf3dffa49_tornado/ioloop.py_handle_callback_exception_0,tornado,15,fdfaf3dffa49479c7461050eacca07bc5ee8d207,tornado/ioloop.py:handle_callback_exception,tornado/ioloop.py,handle_callback_exception,0,0.4550892599057257
tornado_15_fdfaf3dffa49_tornado/test/web_test.py_test_set_cookie_0,tornado,15,fdfaf3dffa49479c7461050eacca07bc5ee8d207,tornado/test/web_test.py:test_set_cookie,tornado/test/web_test.py,test_set_cookie,0,0.38228065616017565
tornado_16_b450ff270df0_tornado/gen.py_next_1,tornado,16,b450ff270df0395ee80f4ee5896a92bfe7f9b6ae,tornado/gen.py:next,tornado/gen.py,next,1,0.39699307002458356
tornado_16_b450ff270df0_tornado/gen.py___init___1,tornado,16,b450ff270df0395ee80f4ee5896a92bfe7f9b6ae,tornado/gen.py:__init__,tornado/gen.py,__init__,1,0.5745022712037791
tornado_16_b450ff270df0_tornado/web.py_prepare_0,tornado,16,b450ff270df0395ee80f4ee5896a92bfe7f9b6ae,tornado/web.py:prepare,tornado/web.py,prepare,0,0.5121576610298665
tornado_16_b450ff270df0_tornado/test/options_test.py_test_multiple_string_0,tornado,16,b450ff270df0395ee80f4ee5896a92bfe7f9b6ae,tornado/test/options_test.py:test_multiple_string,tornado/test/options_test.py,test_multiple_string,0,0.2654885964078997
tornado_16_b450ff270df0_tornado/web.py__find_groups_0,tornado,16,b450ff270df0395ee80f4ee5896a92bfe7f9b6ae,tornado/web.py:_find_groups,tornado/web.py,_find_groups,0,0.7829411458048395
tornado_16_b450ff270df0_tornado/test/httpclient_test.py_test_put_307_0,tornado,16,b450ff270df0395ee80f4ee5896a92bfe7f9b6ae,tornado/test/httpclient_test.py:test_put_307,tornado/test/httpclient_test.py,test_put_307,0,0.35499830989536163
tornado_16_b450ff270df0_tornado/queues.py___repr___0,tornado,16,b450ff270df0395ee80f4ee5896a92bfe7f9b6ae,tornado/queues.py:__repr__,tornado/queues.py,__repr__,0,0.25392348173629253
tornado_16_b450ff270df0_tornado/test/web_test.py_test_finish_in_prepare_0,tornado,16,b450ff270df0395ee80f4ee5896a92bfe7f9b6ae,tornado/test/web_test.py:test_finish_in_prepare,tornado/test/web_test.py,test_finish_in_prepare,0,0.3916012733289901
tornado_2_2ca8821d006f_tornado/http1connection.py_write_headers_1,tornado,2,2ca8821d006f6693f920a4b183a3a7c985a5c8ad,tornado/http1connection.py:write_headers,tornado/http1connection.py,write_headers,1,0.5697914464943915
tornado_2_2ca8821d006f_tornado/test/web_test.py_get_app_kwargs_0,tornado,2,2ca8821d006f6693f920a4b183a3a7c985a5c8ad,tornado/test/web_test.py:get_app_kwargs,tornado/test/web_test.py,get_app_kwargs,0,0.4635978339171129
tornado_2_2ca8821d006f_tornado/iostream.py_write_0,tornado,2,2ca8821d006f6693f920a4b183a3a7c985a5c8ad,tornado/iostream.py:write,tornado/iostream.py,write,0,0.6173174699057437
tornado_2_2ca8821d006f_tornado/queues.py__init_0,tornado,2,2ca8821d006f6693f920a4b183a3a7c985a5c8ad,tornado/queues.py:_init,tornado/queues.py,_init,0,0.264970172303207
tornado_3_940fd87fe914_tornado/httpclient.py_close_1,tornado,3,940fd87fe9145d1154c8457221f86d56ea063c65,tornado/httpclient.py:close,tornado/httpclient.py,close,1,0.4862759037512683
tornado_3_940fd87fe914_tornado/test/auth_test.py_test_oauth10a_get_user_0,tornado,3,940fd87fe9145d1154c8457221f86d56ea063c65,tornado/test/auth_test.py:test_oauth10a_get_user,tornado/test/auth_test.py,test_oauth10a_get_user,0,0.25139107050582726
tornado_3_940fd87fe914_tornado/ioloop.py_split_fd_0,tornado,3,940fd87fe9145d1154c8457221f86d56ea063c65,tornado/ioloop.py:split_fd,tornado/ioloop.py,split_fd,0,0.5374527602085796
tornado_3_940fd87fe914_tornado/test/web_test.py_get_login_url_0,tornado,3,940fd87fe9145d1154c8457221f86d56ea063c65,tornado/test/web_test.py:get_login_url,tornado/test/web_test.py,get_login_url,0,0.4358855115001886
tornado_4_a8420fc681c5_tornado/web.py_get_1,tornado,4,a8420fc681c5423d072978f00eab4d0645057d16,tornado/web.py:get,tornado/web.py,get,1,0.9418141506297028
tornado_4_a8420fc681c5_maint/scripts/custom_fixers/fix_future_imports.py_finish_tree_0,tornado,4,a8420fc681c5423d072978f00eab4d0645057d16,maint/scripts/custom_fixers/fix_future_imports.py:finish_tree,maint/scripts/custom_fixers/fix_future_imports.py,finish_tree,0,0.5371123085603827
tornado_4_a8420fc681c5_tornado/test/auth_test.py_test_oauth2_redirect_0,tornado,4,a8420fc681c5423d072978f00eab4d0645057d16,tornado/test/auth_test.py:test_oauth2_redirect,tornado/test/auth_test.py,test_oauth2_redirect,0,0.2616877060119716
tornado_4_a8420fc681c5_tornado/test/web_test.py_test_render_method_return_future_0,tornado,4,a8420fc681c5423d072978f00eab4d0645057d16,tornado/test/web_test.py:test_render_method_return_future,tornado/test/web_test.py,test_render_method_return_future,0,0.41038566851655395
tornado_5_2d4053daa56c_tornado/ioloop.py__update_next_1,tornado,5,2d4053daa56c609d642b214399e046671d4a593e,tornado/ioloop.py:_update_next,tornado/ioloop.py,_update_next,1,0.6256437655477328
tornado_5_2d4053daa56c_tornado/test/web_test.py_get_0,tornado,5,2d4053daa56c609d642b214399e046671d4a593e,tornado/test/web_test.py:get,tornado/test/web_test.py,get,0,0.5391924191064663
tornado_5_2d4053daa56c_tornado/test/concurrent_test.py_test_call_with_executor_0,tornado,5,2d4053daa56c609d642b214399e046671d4a593e,tornado/test/concurrent_test.py:test_call_with_executor,tornado/test/concurrent_test.py,test_call_with_executor,0,0.31710825438057055
tornado_5_2d4053daa56c_tornado/test/gen_test.py_test_task_refcounting_0,tornado,5,2d4053daa56c609d642b214399e046671d4a593e,tornado/test/gen_test.py:test_task_refcounting,tornado/test/gen_test.py,test_task_refcounting,0,0.34406713332692296
tornado_6_fb74e4816ccf_tornado/platform/asyncio.py_close_1,tornado,6,fb74e4816ccfa7fc6a7abd8c8aab1f415cfc1b13,tornado/platform/asyncio.py:close,tornado/platform/asyncio.py,close,1,0.3897665592397023
tornado_6_fb74e4816ccf_tornado/platform/asyncio.py_initialize_1,tornado,6,fb74e4816ccfa7fc6a7abd8c8aab1f415cfc1b13,tornado/platform/asyncio.py:initialize,tornado/platform/asyncio.py,initialize,1,0.3912253571661377
tornado_6_fb74e4816ccf_tornado/test/web_test.py_test_finish_in_prepare_0,tornado,6,fb74e4816ccfa7fc6a7abd8c8aab1f415cfc1b13,tornado/test/web_test.py:test_finish_in_prepare,tornado/test/web_test.py,test_finish_in_prepare,0,0.40796576459839495
tornado_6_fb74e4816ccf_tornado/routing.py__unquote_or_none_0,tornado,6,fb74e4816ccfa7fc6a7abd8c8aab1f415cfc1b13,tornado/routing.py:_unquote_or_none,tornado/routing.py,_unquote_or_none,0,0.36574515442039895
tornado_6_fb74e4816ccf_tornado/gen.py_Task_0,tornado,6,fb74e4816ccfa7fc6a7abd8c8aab1f415cfc1b13,tornado/gen.py:Task,tornado/gen.py,Task,0,0.6301171382227178
tornado_6_fb74e4816ccf_tornado/test/tcpclient_test.py_test_source_ip_success_0,tornado,6,fb74e4816ccfa7fc6a7abd8c8aab1f415cfc1b13,tornado/test/tcpclient_test.py:test_source_ip_success,tornado/test/tcpclient_test.py,test_source_ip_success,0,0.28723802361527784
tornado_6_fb74e4816ccf_tornado/test/web_test.py_test_path_traversal_protection_0,tornado,6,fb74e4816ccfa7fc6a7abd8c8aab1f415cfc1b13,tornado/test/web_test.py:test_path_traversal_protection,tornado/test/web_test.py,test_path_traversal_protection,0,0.4993156379718723
tornado_6_fb74e4816ccf_tornado/test/twisted_test.py_connectionLost_0,tornado,6,fb74e4816ccfa7fc6a7abd8c8aab1f415cfc1b13,tornado/test/twisted_test.py:connectionLost,tornado/test/twisted_test.py,connectionLost,0,0.5283220498139851
tornado_7_fa3409179588_tornado/ioloop.py_run_in_executor_1,tornado,7,fa3409179588536f2f743d16e537f6f9827fa92f,tornado/ioloop.py:run_in_executor,tornado/ioloop.py,run_in_executor,1,0.7946416784293823
tornado_7_fa3409179588_tornado/web.py_settings_0,tornado,7,fa3409179588536f2f743d16e537f6f9827fa92f,tornado/web.py:settings,tornado/web.py,settings,0,0.5538532573752358
tornado_7_fa3409179588_tornado/httpserver.py__unapply_xheaders_0,tornado,7,fa3409179588536f2f743d16e537f6f9827fa92f,tornado/httpserver.py:_unapply_xheaders,tornado/httpserver.py,_unapply_xheaders,0,0.26837863696127173
tornado_7_fa3409179588_tornado/test/web_test.py_post_0,tornado,7,fa3409179588536f2f743d16e537f6f9827fa92f,tornado/test/web_test.py:post,tornado/test/web_test.py,post,0,0.442196929055504
tornado_8_34c43f477597_tornado/websocket.py_accept_connection_1,tornado,8,34c43f4775971ab9b2b8ed43356f218add6387b2,tornado/websocket.py:accept_connection,tornado/websocket.py,accept_connection,1,0.4766197204440228
tornado_8_34c43f477597_tornado/websocket.py_on_connection_close_0,tornado,8,34c43f4775971ab9b2b8ed43356f218add6387b2,tornado/websocket.py:on_connection_close,tornado/websocket.py,on_connection_close,0,0.470445693999041
tornado_8_34c43f477597_tornado/test/web_test.py_get_0,tornado,8,34c43f4775971ab9b2b8ed43356f218add6387b2,tornado/test/web_test.py:get,tornado/test/web_test.py,get,0,0.5404382563818199
tornado_8_34c43f477597_tornado/test/twisted_test.py_setUp_0,tornado,8,34c43f4775971ab9b2b8ed43356f218add6387b2,tornado/test/twisted_test.py:setUp,tornado/test/twisted_test.py,setUp,0,0.45325844833132306
tornado_9_c9d2a3fa5739_tornado/httputil.py_url_concat_1,tornado,9,c9d2a3fa573987629ad576e991c2f3b65f4daab4,tornado/httputil.py:url_concat,tornado/httputil.py,url_concat,1,0.5574677906105335
tornado_9_c9d2a3fa5739_tornado/ioloop.py_add_timeout_0,tornado,9,c9d2a3fa573987629ad576e991c2f3b65f4daab4,tornado/ioloop.py:add_timeout,tornado/ioloop.py,add_timeout,0,0.8236420673866048
tornado_9_c9d2a3fa5739_tornado/test/template_test.py_test_simple_0,tornado,9,c9d2a3fa573987629ad576e991c2f3b65f4daab4,tornado/test/template_test.py:test_simple,tornado/test/template_test.py,test_simple,0,0.2486456343439384
tornado_9_c9d2a3fa5739_tornado/auth.py_authenticate_redirect_0,tornado,9,c9d2a3fa573987629ad576e991c2f3b65f4daab4,tornado/auth.py:authenticate_redirect,tornado/auth.py,authenticate_redirect,0,0.53088586576219
tqdm_1_8cc777fe8401_tqdm/contrib/__init__.py_tenumerate_1,tqdm,1,8cc777fe8401a05d07f2c97e65d15e4460feab88,tqdm/contrib/__init__.py:tenumerate,tqdm/contrib/__init__.py,tenumerate,1,0.6911433529477166
tqdm_1_8cc777fe8401_tqdm/tests/tests_perf.py_worker_0,tqdm,1,8cc777fe8401a05d07f2c97e65d15e4460feab88,tqdm/tests/tests_perf.py:worker,tqdm/tests/tests_perf.py,worker,0,0.5756087323785528
tqdm_1_8cc777fe8401_tqdm/tests/tests_tqdm.py_test_auto_0,tqdm,1,8cc777fe8401a05d07f2c97e65d15e4460feab88,tqdm/tests/tests_tqdm.py:test_auto,tqdm/tests/tests_tqdm.py,test_auto,0,0.3272884391451184
tqdm_1_8cc777fe8401_tqdm/tests/tests_tqdm.py_write_0,tqdm,1,8cc777fe8401a05d07f2c97e65d15e4460feab88,tqdm/tests/tests_tqdm.py:write,tqdm/tests/tests_tqdm.py,write,0,0.5129381207641894
tqdm_2_bef86db56654_tqdm/std.py_format_meter_1,tqdm,2,bef86db56654d271838b145ad77f7040a73a7b4d,tqdm/std.py:format_meter,tqdm/std.py,format_meter,1,0.9816464267432391
tqdm_2_bef86db56654_tqdm/utils.py_disp_trim_1,tqdm,2,bef86db56654d271838b145ad77f7040a73a7b4d,tqdm/utils.py:disp_trim,tqdm/utils.py,disp_trim,1,0.5162634995285817
tqdm_2_bef86db56654_tqdm/tests/tests_tqdm.py_time_0,tqdm,2,bef86db56654d271838b145ad77f7040a73a7b4d,tqdm/tests/tests_tqdm.py:time,tqdm/tests/tests_tqdm.py,time,0,0.39381624318612246
tqdm_2_bef86db56654_tqdm/utils.py___eq___0,tqdm,2,bef86db56654d271838b145ad77f7040a73a7b4d,tqdm/utils.py:__eq__,tqdm/utils.py,__eq__,0,0.38684248773196067
tqdm_2_bef86db56654_tqdm/gui.py_update_0,tqdm,2,bef86db56654d271838b145ad77f7040a73a7b4d,tqdm/gui.py:update,tqdm/gui.py,update,0,0.7815585532259737
tqdm_2_bef86db56654_tqdm/tests/tests_main.py_test_manpath_0,tqdm,2,bef86db56654d271838b145ad77f7040a73a7b4d,tqdm/tests/tests_main.py:test_manpath,tqdm/tests/tests_main.py,test_manpath,0,0.27014183146419585
tqdm_2_bef86db56654_tqdm/tests/tests_tqdm.py_closing_0,tqdm,2,bef86db56654d271838b145ad77f7040a73a7b4d,tqdm/tests/tests_tqdm.py:closing,tqdm/tests/tests_tqdm.py,closing,0,0.937407610314759
tqdm_2_bef86db56654_tqdm/utils.py___repr___0,tqdm,2,bef86db56654d271838b145ad77f7040a73a7b4d,tqdm/utils.py:__repr__,tqdm/utils.py,__repr__,0,0.31979677009298724
tqdm_4_03b347646492_tqdm/_tqdm.py_format_meter_1,tqdm,4,03b347646492131d889871939b40457d29147216,tqdm/_tqdm.py:format_meter,tqdm/_tqdm.py,format_meter,1,0.9765143928320915
tqdm_4_03b347646492_benchmarks/benchmarks.py_track_tqdm_0,tqdm,4,03b347646492131d889871939b40457d29147216,benchmarks/benchmarks.py:track_tqdm,benchmarks/benchmarks.py,track_tqdm,0,0.32453371461186326
tqdm_4_03b347646492_tqdm/tests/tests_main.py___call___0,tqdm,4,03b347646492131d889871939b40457d29147216,tqdm/tests/tests_main.py:__call__,tqdm/tests/tests_main.py,__call__,0,0.38134063029703186
tqdm_4_03b347646492_tqdm/tests/tests_tqdm.py_test_unit_scale_0,tqdm,4,03b347646492131d889871939b40457d29147216,tqdm/tests/tests_tqdm.py:test_unit_scale,tqdm/tests/tests_tqdm.py,test_unit_scale,0,0.5148992091625185
tqdm_5_19b08ab34fdb_tqdm/_tqdm.py___init___1,tqdm,5,19b08ab34fdbfa0275bc5cb2430436c724c7e759,tqdm/_tqdm.py:__init__,tqdm/_tqdm.py,__init__,1,0.9965001985349355
tqdm_5_19b08ab34fdb_tqdm/tests/tests_synchronisation.py_test_monitor_thread_0,tqdm,5,19b08ab34fdbfa0275bc5cb2430436c724c7e759,tqdm/tests/tests_synchronisation.py:test_monitor_thread,tqdm/tests/tests_synchronisation.py,test_monitor_thread,0,0.1998852132816773
tqdm_5_19b08ab34fdb_tqdm/_tqdm.py_format_sizeof_0,tqdm,5,19b08ab34fdbfa0275bc5cb2430436c724c7e759,tqdm/_tqdm.py:format_sizeof,tqdm/_tqdm.py,format_sizeof,0,0.8394927436139805
tqdm_5_19b08ab34fdb_tqdm/tests/tests_perf.py_checkCpuTime_0,tqdm,5,19b08ab34fdbfa0275bc5cb2430436c724c7e759,tqdm/tests/tests_perf.py:checkCpuTime,tqdm/tests/tests_perf.py,checkCpuTime,0,0.41442640842131245
tqdm_6_a4b9c86db548_tqdm/_tqdm.py___len___1,tqdm,6,a4b9c86db548b2d0dbb5af7a6bbdc26ab47e1eec,tqdm/_tqdm.py:__len__,tqdm/_tqdm.py,__len__,1,0.3266191495412557
tqdm_6_a4b9c86db548_tqdm/_utils.py__environ_cols_windows_0,tqdm,6,a4b9c86db548b2d0dbb5af7a6bbdc26ab47e1eec,tqdm/_utils.py:_environ_cols_windows,tqdm/_utils.py,_environ_cols_windows,0,0.617515088660895
tqdm_6_a4b9c86db548_tqdm/tests/tests_tqdm.py_test_smoothing_0,tqdm,6,a4b9c86db548b2d0dbb5af7a6bbdc26ab47e1eec,tqdm/tests/tests_tqdm.py:test_smoothing,tqdm/tests/tests_tqdm.py,test_smoothing,0,0.6632880798796166
tqdm_6_a4b9c86db548_tqdm/tests/tests_perf.py_test_iter_overhead_simplebar_hard_0,tqdm,6,a4b9c86db548b2d0dbb5af7a6bbdc26ab47e1eec,tqdm/tests/tests_perf.py:test_iter_overhead_simplebar_hard,tqdm/tests/tests_perf.py,test_iter_overhead_simplebar_hard,0,0.6118853451804157
tqdm_8_08b8ad1ff3bd_tqdm/_tqdm.py_format_meter_1,tqdm,8,08b8ad1ff3bd003ef8309faaa0cc108ffa40317d,tqdm/_tqdm.py:format_meter,tqdm/_tqdm.py,format_meter,1,0.9834909141314434
tqdm_8_08b8ad1ff3bd_tqdm/tests/tests_tqdm.py_test_min_interval_0,tqdm,8,08b8ad1ff3bd003ef8309faaa0cc108ffa40317d,tqdm/tests/tests_tqdm.py:test_min_interval,tqdm/tests/tests_tqdm.py,test_min_interval,0,0.46141445624074195
tqdm_8_08b8ad1ff3bd_tqdm/_tqdm.py___lt___0,tqdm,8,08b8ad1ff3bd003ef8309faaa0cc108ffa40317d,tqdm/_tqdm.py:__lt__,tqdm/_tqdm.py,__lt__,0,0.30272554351533154
tqdm_8_08b8ad1ff3bd_tqdm/tests/tests_perf.py_cpu_sleep_0,tqdm,8,08b8ad1ff3bd003ef8309faaa0cc108ffa40317d,tqdm/tests/tests_perf.py:cpu_sleep,tqdm/tests/tests_perf.py,cpu_sleep,0,0.42725630621286803
tqdm_9_9da1d5d116ae_tqdm/_tqdm.py___iter___1,tqdm,9,9da1d5d116aec7a23d8f6dc22d5e23ecb1c40a7c,tqdm/_tqdm.py:__iter__,tqdm/_tqdm.py,__iter__,1,0.8652450075462885
tqdm_9_9da1d5d116ae_tqdm/_tqdm.py___init___1,tqdm,9,9da1d5d116aec7a23d8f6dc22d5e23ecb1c40a7c,tqdm/_tqdm.py:__init__,tqdm/_tqdm.py,__init__,1,0.9656660840726273
tqdm_9_9da1d5d116ae_tqdm/_tqdm.py_format_sizeof_1,tqdm,9,9da1d5d116aec7a23d8f6dc22d5e23ecb1c40a7c,tqdm/_tqdm.py:format_sizeof,tqdm/_tqdm.py,format_sizeof,1,0.9017994852494069
tqdm_9_9da1d5d116ae_tqdm/_tqdm.py___len___1,tqdm,9,9da1d5d116aec7a23d8f6dc22d5e23ecb1c40a7c,tqdm/_tqdm.py:__len__,tqdm/_tqdm.py,__len__,1,0.3491675934236141
tqdm_9_9da1d5d116ae_tqdm/_tqdm.py_close_0,tqdm,9,9da1d5d116aec7a23d8f6dc22d5e23ecb1c40a7c,tqdm/_tqdm.py:close,tqdm/_tqdm.py,close,0,0.7000426010859017
tqdm_9_9da1d5d116ae_tqdm/tests/tests_tqdm.py_test_trange_0,tqdm,9,9da1d5d116aec7a23d8f6dc22d5e23ecb1c40a7c,tqdm/tests/tests_tqdm.py:test_trange,tqdm/tests/tests_tqdm.py,test_trange,0,0.3611528367859403
tqdm_9_9da1d5d116ae_tqdm/tests/tests_tqdm.py_test_unit_0,tqdm,9,9da1d5d116aec7a23d8f6dc22d5e23ecb1c40a7c,tqdm/tests/tests_tqdm.py:test_unit,tqdm/tests/tests_tqdm.py,test_unit,0,0.3742751531479777
tqdm_9_9da1d5d116ae_tqdm/_utils.py__supports_unicode_0,tqdm,9,9da1d5d116aec7a23d8f6dc22d5e23ecb1c40a7c,tqdm/_utils.py:_supports_unicode,tqdm/_utils.py,_supports_unicode,0,0.4749973248139797
tqdm_9_9da1d5d116ae_tqdm/tests/tests_tqdm.py_test_min_interval_0,tqdm,9,9da1d5d116aec7a23d8f6dc22d5e23ecb1c40a7c,tqdm/tests/tests_tqdm.py:test_min_interval,tqdm/tests/tests_tqdm.py,test_min_interval,0,0.3742751531479777
tqdm_9_9da1d5d116ae_tqdm/tests/tests_tqdm.py_test_leave_option_0,tqdm,9,9da1d5d116aec7a23d8f6dc22d5e23ecb1c40a7c,tqdm/tests/tests_tqdm.py:test_leave_option,tqdm/tests/tests_tqdm.py,test_leave_option,0,0.3499328158948246
tqdm_9_9da1d5d116ae_tqdm/tests/tests_tqdm.py_test_file_output_0,tqdm,9,9da1d5d116aec7a23d8f6dc22d5e23ecb1c40a7c,tqdm/tests/tests_tqdm.py:test_file_output,tqdm/tests/tests_tqdm.py,test_file_output,0,0.4824459671680727
tqdm_9_9da1d5d116ae_tqdm/tests/tests_tqdm.py_test_iterate_over_csv_rows_0,tqdm,9,9da1d5d116aec7a23d8f6dc22d5e23ecb1c40a7c,tqdm/tests/tests_tqdm.py:test_iterate_over_csv_rows,tqdm/tests/tests_tqdm.py,test_iterate_over_csv_rows,0,0.363269829071446
tqdm_9_9da1d5d116ae_tqdm/tests/tests_tqdm.py_test_min_iters_0,tqdm,9,9da1d5d116aec7a23d8f6dc22d5e23ecb1c40a7c,tqdm/tests/tests_tqdm.py:test_min_iters,tqdm/tests/tests_tqdm.py,test_min_iters,0,0.35180269493278243
tqdm_9_9da1d5d116ae_tqdm/tests/tests_tqdm.py_test_format_meter_0,tqdm,9,9da1d5d116aec7a23d8f6dc22d5e23ecb1c40a7c,tqdm/tests/tests_tqdm.py:test_format_meter,tqdm/tests/tests_tqdm.py,test_format_meter,0,0.3557085049668593
tqdm_9_9da1d5d116ae_tqdm/_utils.py__environ_cols_0,tqdm,9,9da1d5d116aec7a23d8f6dc22d5e23ecb1c40a7c,tqdm/_utils.py:_environ_cols,tqdm/_utils.py,_environ_cols,0,0.6831508253795916
tqdm_9_9da1d5d116ae_tqdm/_tqdm.py_update_0,tqdm,9,9da1d5d116aec7a23d8f6dc22d5e23ecb1c40a7c,tqdm/_tqdm.py:update,tqdm/_tqdm.py,update,0,0.7910900224121254
youtube-dl_1_99036a129808_youtube_dl/utils.py__match_one_1,youtube-dl,1,99036a1298089068dcf80c0985bfcc3f8c24f281,youtube_dl/utils.py:_match_one,youtube_dl/utils.py,_match_one,1,0.8995095356426184
youtube-dl_1_99036a129808_youtube_dl/extractor/espn.py__real_extract_0,youtube-dl,1,99036a1298089068dcf80c0985bfcc3f8c24f281,youtube_dl/extractor/espn.py:_real_extract,youtube_dl/extractor/espn.py,_real_extract,0,0.7881431336346928
youtube-dl_1_99036a129808_youtube_dl/extractor/canvas.py__real_initialize_0,youtube-dl,1,99036a1298089068dcf80c0985bfcc3f8c24f281,youtube_dl/extractor/canvas.py:_real_initialize,youtube_dl/extractor/canvas.py,_real_initialize,0,0.22434583297955285
youtube-dl_1_99036a129808_youtube_dl/aes.py_aes_decrypt_text_0,youtube-dl,1,99036a1298089068dcf80c0985bfcc3f8c24f281,youtube_dl/aes.py:aes_decrypt_text,youtube_dl/aes.py,aes_decrypt_text,0,0.42825827795537574
youtube-dl_10_85d586617750_youtube_dl/utils.py_js_to_json_1,youtube-dl,10,85d586617750d38d742a24f141b099f6b898d269,youtube_dl/utils.py:js_to_json,youtube_dl/utils.py,js_to_json,1,0.7136998241225322
youtube-dl_10_85d586617750_youtube_dl/extractor/bambuser.py__real_extract_0,youtube-dl,10,85d586617750d38d742a24f141b099f6b898d269,youtube_dl/extractor/bambuser.py:_real_extract,youtube_dl/extractor/bambuser.py,_real_extract,0,0.44973741075257495
youtube-dl_10_85d586617750_youtube_dl/extractor/ku6.py__real_extract_0,youtube-dl,10,85d586617750d38d742a24f141b099f6b898d269,youtube_dl/extractor/ku6.py:_real_extract,youtube_dl/extractor/ku6.py,_real_extract,0,0.2855363279885347
youtube-dl_10_85d586617750_youtube_dl/downloader/external.py_supports_0,youtube-dl,10,85d586617750d38d742a24f141b099f6b898d269,youtube_dl/downloader/external.py:supports,youtube_dl/downloader/external.py,supports,0,0.3183502605973235
youtube-dl_11_b568561eba6f_youtube_dl/utils.py_str_to_int_1,youtube-dl,11,b568561eba6f4aceb87419e21aba11567c5de7da,youtube_dl/utils.py:str_to_int,youtube_dl/utils.py,str_to_int,1,0.6169093185393404
youtube-dl_11_b568561eba6f_youtube_dl/extractor/npo.py__get_info_0,youtube-dl,11,b568561eba6f4aceb87419e21aba11567c5de7da,youtube_dl/extractor/npo.py:_get_info,youtube_dl/extractor/npo.py,_get_info,0,0.8915017562616877
youtube-dl_11_b568561eba6f_youtube_dl/extractor/testurl.py__real_extract_0,youtube-dl,11,b568561eba6f4aceb87419e21aba11567c5de7da,youtube_dl/extractor/testurl.py:_real_extract,youtube_dl/extractor/testurl.py,_real_extract,0,0.5686647486865762
youtube-dl_11_b568561eba6f_youtube_dl/extractor/ustudio.py__real_extract_0,youtube-dl,11,b568561eba6f4aceb87419e21aba11567c5de7da,youtube_dl/extractor/ustudio.py:_real_extract,youtube_dl/extractor/ustudio.py,_real_extract,0,0.3539042766968353
youtube-dl_12_435e382423f8_youtube_dl/YoutubeDL.py__build_format_filter_1,youtube-dl,12,435e382423f860aca82a58d7c3db58cbfa242b40,youtube_dl/YoutubeDL.py:_build_format_filter,youtube_dl/YoutubeDL.py,_build_format_filter,1,0.8395814415402307
youtube-dl_12_435e382423f8_youtube_dl/extractor/youtube.py__process_page_0,youtube-dl,12,435e382423f860aca82a58d7c3db58cbfa242b40,youtube_dl/extractor/youtube.py:_process_page,youtube_dl/extractor/youtube.py,_process_page,0,0.3956302136173532
youtube-dl_12_435e382423f8_youtube_dl/extractor/iqiyi.py_split_time_odd_even_0,youtube-dl,12,435e382423f860aca82a58d7c3db58cbfa242b40,youtube_dl/extractor/iqiyi.py:split_time_odd_even,youtube_dl/extractor/iqiyi.py,split_time_odd_even,0,0.23447917384065442
youtube-dl_12_435e382423f8_youtube_dl/extractor/filmon.py__real_extract_0,youtube-dl,12,435e382423f860aca82a58d7c3db58cbfa242b40,youtube_dl/extractor/filmon.py:_real_extract,youtube_dl/extractor/filmon.py,_real_extract,0,0.4797480721035193
youtube-dl_13_6945b9e78f38_youtube_dl/utils.py_urljoin_1,youtube-dl,13,6945b9e78f38284eb4e440b7badea2fc60b66c2f,youtube_dl/utils.py:urljoin,youtube_dl/utils.py,urljoin,1,0.809447975193606
youtube-dl_13_6945b9e78f38_test/test_download.py_process_info_0,youtube-dl,13,6945b9e78f38284eb4e440b7badea2fc60b66c2f,test/test_download.py:process_info,test/test_download.py,process_info,0,0.363743613119544
youtube-dl_13_6945b9e78f38_youtube_dl/extractor/pluralsight.py__download_course_rpc_0,youtube-dl,13,6945b9e78f38284eb4e440b7badea2fc60b66c2f,youtube_dl/extractor/pluralsight.py:_download_course_rpc,youtube_dl/extractor/pluralsight.py,_download_course_rpc,0,0.5380583698508358
youtube-dl_13_6945b9e78f38_youtube_dl/extractor/echomsk.py__real_extract_0,youtube-dl,13,6945b9e78f38284eb4e440b7badea2fc60b66c2f,youtube_dl/extractor/echomsk.py:_real_extract,youtube_dl/extractor/echomsk.py,_real_extract,0,0.4249588675140182
youtube-dl_14_562de77f41d0_youtube_dl/extractor/youtube.py__extract_chapters_1,youtube-dl,14,562de77f41d0c08df9dbb08cfa86ba6c7d239c5a,youtube_dl/extractor/youtube.py:_extract_chapters,youtube_dl/extractor/youtube.py,_extract_chapters,1,0.6841015147465801
youtube-dl_14_562de77f41d0_youtube_dl/extractor/youtube.py__real_extract_1,youtube-dl,14,562de77f41d0c08df9dbb08cfa86ba6c7d239c5a,youtube_dl/extractor/youtube.py:_real_extract,youtube_dl/extractor/youtube.py,_real_extract,1,0.395917502944459
youtube-dl_14_562de77f41d0_youtube_dl/downloader/common.py_format_retries_0,youtube-dl,14,562de77f41d0c08df9dbb08cfa86ba6c7d239c5a,youtube_dl/downloader/common.py:format_retries,youtube_dl/downloader/common.py,format_retries,0,0.286799725818083
youtube-dl_14_562de77f41d0_youtube_dl/extractor/pbs.py__extract_webpage_0,youtube-dl,14,562de77f41d0c08df9dbb08cfa86ba6c7d239c5a,youtube_dl/extractor/pbs.py:_extract_webpage,youtube_dl/extractor/pbs.py,_extract_webpage,0,0.7402574639502784
youtube-dl_14_562de77f41d0_youtube_dl/extractor/adobetv.py__extract_playlist_entries_0,youtube-dl,14,562de77f41d0c08df9dbb08cfa86ba6c7d239c5a,youtube_dl/extractor/adobetv.py:_extract_playlist_entries,youtube_dl/extractor/adobetv.py,_extract_playlist_entries,0,0.3876910883997715
youtube-dl_14_562de77f41d0_youtube_dl/extractor/generic.py__real_extract_0,youtube-dl,14,562de77f41d0c08df9dbb08cfa86ba6c7d239c5a,youtube_dl/extractor/generic.py:_real_extract,youtube_dl/extractor/generic.py,_real_extract,0,1.0
youtube-dl_14_562de77f41d0_youtube_dl/extractor/cbc.py__real_extract_0,youtube-dl,14,562de77f41d0c08df9dbb08cfa86ba6c7d239c5a,youtube_dl/extractor/cbc.py:_real_extract,youtube_dl/extractor/cbc.py,_real_extract,0,0.59235509195928
youtube-dl_14_562de77f41d0_youtube_dl/extractor/flickr.py__real_extract_0,youtube-dl,14,562de77f41d0c08df9dbb08cfa86ba6c7d239c5a,youtube_dl/extractor/flickr.py:_real_extract,youtube_dl/extractor/flickr.py,_real_extract,0,0.471729804954817
youtube-dl_15_e7f3529f68ee_youtube_dl/utils.py_js_to_json_1,youtube-dl,15,e7f3529f68ee7c8ca78366d37f851cb31fa00f31,youtube_dl/utils.py:js_to_json,youtube_dl/utils.py,js_to_json,1,0.839646874064147
youtube-dl_15_e7f3529f68ee_youtube_dl/extractor/common.py__merge_subtitles_0,youtube-dl,15,e7f3529f68ee7c8ca78366d37f851cb31fa00f31,youtube_dl/extractor/common.py:_merge_subtitles,youtube_dl/extractor/common.py,_merge_subtitles,0,0.5364971781510759
youtube-dl_15_e7f3529f68ee_youtube_dl/extractor/vlive.py__real_extract_0,youtube-dl,15,e7f3529f68ee7c8ca78366d37f851cb31fa00f31,youtube_dl/extractor/vlive.py:_real_extract,youtube_dl/extractor/vlive.py,_real_extract,0,0.4544076186635147
youtube-dl_15_e7f3529f68ee_youtube_dl/extractor/common.py__find_jwplayer_data_0,youtube-dl,15,e7f3529f68ee7c8ca78366d37f851cb31fa00f31,youtube_dl/extractor/common.py:_find_jwplayer_data,youtube_dl/extractor/common.py,_find_jwplayer_data,0,0.7462947918292011
youtube-dl_16_68d43a61b552_youtube_dl/utils.py_dfxp2srt_1,youtube-dl,16,68d43a61b552007a718894967b869c0f1d8ff00f,youtube_dl/utils.py:dfxp2srt,youtube_dl/utils.py,dfxp2srt,1,0.9823780363026408
youtube-dl_16_68d43a61b552_youtube_dl/postprocessor/ffmpeg.py_run_1,youtube-dl,16,68d43a61b552007a718894967b869c0f1d8ff00f,youtube_dl/postprocessor/ffmpeg.py:run,youtube_dl/postprocessor/ffmpeg.py,run,1,0.6645101603021353
youtube-dl_16_68d43a61b552_youtube_dl/extractor/urplay.py__real_extract_0,youtube-dl,16,68d43a61b552007a718894967b869c0f1d8ff00f,youtube_dl/extractor/urplay.py:_real_extract,youtube_dl/extractor/urplay.py,_real_extract,0,0.4540754221710952
youtube-dl_16_68d43a61b552_devscripts/lazy_load_template.py___new___0,youtube-dl,16,68d43a61b552007a718894967b869c0f1d8ff00f,devscripts/lazy_load_template.py:__new__,devscripts/lazy_load_template.py,__new__,0,0.35838947085687195
youtube-dl_16_68d43a61b552_youtube_dl/extractor/tagesschau.py__extract_formats_0,youtube-dl,16,68d43a61b552007a718894967b869c0f1d8ff00f,youtube_dl/extractor/tagesschau.py:_extract_formats,youtube_dl/extractor/tagesschau.py,_extract_formats,0,0.6908357364887683
youtube-dl_16_68d43a61b552_youtube_dl/downloader/fragment.py__start_frag_download_0,youtube-dl,16,68d43a61b552007a718894967b869c0f1d8ff00f,youtube_dl/downloader/fragment.py:_start_frag_download,youtube_dl/downloader/fragment.py,_start_frag_download,0,0.49828920715047603
youtube-dl_16_68d43a61b552_youtube_dl/cache.py__get_root_dir_0,youtube-dl,16,68d43a61b552007a718894967b869c0f1d8ff00f,youtube_dl/cache.py:_get_root_dir,youtube_dl/cache.py,_get_root_dir,0,0.3658432303530064
youtube-dl_16_68d43a61b552_youtube_dl/extractor/cbc.py__real_extract_0,youtube-dl,16,68d43a61b552007a718894967b869c0f1d8ff00f,youtube_dl/extractor/cbc.py:_real_extract,youtube_dl/extractor/cbc.py,_real_extract,0,0.3363396622947584
