sample_id,repository,bug_id,commit,id,file,function,loc,complexity,max_nesting,num_args,num_returns,num_calls,file_imports,caller_count,callee_count,dependency_count,degree,betweenness,pagerank,label
PySnooper_1_e21a31162f4c_pysnooper/tracer.py_write_1,PySnooper,1,e21a31162f4c54be693d8ca8260e42393b39abd3,pysnooper/tracer.py:write,pysnooper/tracer.py,write,3,1,0,2,0,3,12,2,0,0,3,0.0,0.016855177084852953,1
PySnooper_1_e21a31162f4c_pysnooper/tracer.py_get_source_from_frame_1,PySnooper,1,e21a31162f4c54be693d8ca8260e42393b39abd3,pysnooper/tracer.py:get_source_from_frame,pysnooper/tracer.py,get_source_from_frame,57,18,4,1,2,20,12,1,0,0,2,0.0,0.007193181853056778,1
PySnooper_1_e21a31162f4c_tests/utils.py__check_name_0,PySnooper,1,e21a31162f4c54be693d8ca8260e42393b39abd3,tests/utils.py:_check_name,tests/utils.py,_check_name,7,3,2,2,3,1,7,1,0,0,2,0.0,0.009579398463770754,0
PySnooper_1_e21a31162f4c_pysnooper/tracer.py__is_internal_frame_0,PySnooper,1,e21a31162f4c54be693d8ca8260e42393b39abd3,pysnooper/tracer.py:_is_internal_frame,pysnooper/tracer.py,_is_internal_frame,2,1,0,2,1,0,12,2,0,0,3,0.0,0.012415830236235846,0
PySnooper_1_e21a31162f4c_misc/generate_authors.py_print_authors_0,PySnooper,1,e21a31162f4c54be693d8ca8260e42393b39abd3,misc/generate_authors.py:print_authors,misc/generate_authors.py,print_authors,4,2,1,0,0,4,2,0,1,0,2,0.0,0.00746676364149874,0
PySnooper_1_e21a31162f4c_tests/utils.py_assert_sample_output_0,PySnooper,1,e21a31162f4c54be693d8ca8260e42393b39abd3,tests/utils.py:assert_sample_output,tests/utils.py,assert_sample_output,21,4,1,1,1,9,7,0,0,0,1,0.0,0.006009236540691585,0
PySnooper_1_e21a31162f4c_pysnooper/variables.py__get_value_0,PySnooper,1,e21a31162f4c54be693d8ca8260e42393b39abd3,pysnooper/variables.py:_get_value,pysnooper/variables.py,_get_value,2,1,0,3,1,1,4,1,0,0,2,0.0,0.00938221687686899,0
PySnooper_1_e21a31162f4c_pysnooper/variables.py__format_key_0,PySnooper,1,e21a31162f4c54be693d8ca8260e42393b39abd3,pysnooper/variables.py:_format_key,pysnooper/variables.py,_format_key,2,1,0,2,0,0,4,1,0,0,2,0.0,0.00938221687686899,0
PySnooper_2_e21a31162f4c_pysnooper/utils.py_ensure_tuple_1,PySnooper,2,e21a31162f4c54be693d8ca8260e42393b39abd3,pysnooper/utils.py:ensure_tuple,pysnooper/utils.py,ensure_tuple,4,2,1,1,1,2,3,0,0,0,1,0.0,0.006451974615967661,1
PySnooper_2_e21a31162f4c_pysnooper/tracer.py_get_source_from_frame_1,PySnooper,2,e21a31162f4c54be693d8ca8260e42393b39abd3,pysnooper/tracer.py:get_source_from_frame,pysnooper/tracer.py,get_source_from_frame,57,18,4,1,2,20,12,1,0,0,2,0.0,0.007193181853056778,1
PySnooper_2_e21a31162f4c_pysnooper/tracer.py___exit___1,PySnooper,2,e21a31162f4c54be693d8ca8260e42393b39abd3,pysnooper/tracer.py:__exit__,pysnooper/tracer.py,__exit__,6,1,0,4,0,5,12,0,0,0,1,0.0,0.006148652176420965,1
PySnooper_2_e21a31162f4c_pysnooper/tracer.py___enter___1,PySnooper,2,e21a31162f4c54be693d8ca8260e42393b39abd3,pysnooper/tracer.py:__enter__,pysnooper/tracer.py,__enter__,9,2,1,1,0,7,12,0,1,0,2,0.0,0.006148652176420965,1
PySnooper_2_e21a31162f4c_pysnooper/tracer.py_trace_1,PySnooper,2,e21a31162f4c54be693d8ca8260e42393b39abd3,pysnooper/tracer.py:trace,pysnooper/tracer.py,trace,123,23,6,4,5,45,12,0,5,0,6,0.0,0.006148652176420965,1
PySnooper_2_e21a31162f4c_pysnooper/variables.py__items_1,PySnooper,2,e21a31162f4c54be693d8ca8260e42393b39abd3,pysnooper/variables.py:_items,pysnooper/variables.py,_items,9,3,2,2,1,4,4,1,3,0,5,0.00024996875390576176,0.011386246885334128,1
PySnooper_2_e21a31162f4c_pysnooper/tracer.py_write_1,PySnooper,2,e21a31162f4c54be693d8ca8260e42393b39abd3,pysnooper/tracer.py:write,pysnooper/tracer.py,write,3,1,0,2,0,3,12,2,0,0,3,0.0,0.016855177084852953,1
PySnooper_2_e21a31162f4c_pysnooper/utils.py_get_shortish_repr_1,PySnooper,2,e21a31162f4c54be693d8ca8260e42393b39abd3,pysnooper/utils.py:get_shortish_repr,pysnooper/utils.py,get_shortish_repr,8,3,1,1,1,4,3,0,1,0,2,0.0,0.006451974615967661,1
PySnooper_2_e21a31162f4c_pysnooper/tracer.py___call___1,PySnooper,2,e21a31162f4c54be693d8ca8260e42393b39abd3,pysnooper/tracer.py:__call__,pysnooper/tracer.py,__call__,30,10,3,2,4,8,12,0,0,0,1,0.0,0.006148652176420965,1
PySnooper_2_e21a31162f4c_pysnooper/tracer.py_get_local_reprs_1,PySnooper,2,e21a31162f4c54be693d8ca8260e42393b39abd3,pysnooper/tracer.py:get_local_reprs,pysnooper/tracer.py,get_local_reprs,11,2,1,2,1,10,12,1,0,0,2,0.0,0.007193181853056778,1
PySnooper_2_e21a31162f4c_pysnooper/tracer.py___init___1,PySnooper,2,e21a31162f4c54be693d8ca8260e42393b39abd3,pysnooper/tracer.py:__init__,pysnooper/tracer.py,__init__,28,3,0,8,0,10,12,0,1,0,2,0.0,0.006148652176420965,1
PySnooper_2_e21a31162f4c_pysnooper/variables.py__keys_0,PySnooper,2,e21a31162f4c54be693d8ca8260e42393b39abd3,pysnooper/variables.py:_keys,pysnooper/variables.py,_keys,2,1,0,2,1,2,4,1,0,0,2,0.0,0.014176199627772161,0
PySnooper_2_e21a31162f4c_pysnooper/variables.py_items_0,PySnooper,2,e21a31162f4c54be693d8ca8260e42393b39abd3,pysnooper/variables.py:items,pysnooper/variables.py,items,6,3,1,2,2,2,4,0,1,0,2,0.0,0.006156644473253462,0
PySnooper_2_e21a31162f4c_pysnooper/utils.py_shitcode_0,PySnooper,2,e21a31162f4c54be693d8ca8260e42393b39abd3,pysnooper/utils.py:shitcode,pysnooper/utils.py,shitcode,4,2,0,1,1,2,3,0,0,0,1,0.0,0.006451974615967661,0
PySnooper_2_e21a31162f4c_tests/samples/indentation.py_main_0,PySnooper,2,e21a31162f4c54be693d8ca8260e42393b39abd3,tests/samples/indentation.py:main,tests/samples/indentation.py,main,2,1,0,0,0,1,1,0,1,0,2,0.0,0.006642943975825131,0
PySnooper_2_e21a31162f4c_tests/utils.py__check_name_0,PySnooper,2,e21a31162f4c54be693d8ca8260e42393b39abd3,tests/utils.py:_check_name,tests/utils.py,_check_name,7,3,2,2,3,1,7,1,0,0,2,0.0,0.009579398463770754,0
PySnooper_2_e21a31162f4c_pysnooper/utils.py_write_0,PySnooper,2,e21a31162f4c54be693d8ca8260e42393b39abd3,pysnooper/utils.py:write,pysnooper/utils.py,write,2,1,0,2,0,0,3,0,0,0,1,0.0,0.006451974615967661,0
PySnooper_2_e21a31162f4c_tests/utils.py__check_value_0,PySnooper,2,e21a31162f4c54be693d8ca8260e42393b39abd3,tests/utils.py:_check_value,tests/utils.py,_check_value,7,3,2,2,3,1,7,1,0,0,2,0.0,0.009579398463770754,0
PySnooper_2_e21a31162f4c_tests/test_pysnooper.py_test_truncate_0,PySnooper,2,e21a31162f4c54be693d8ca8260e42393b39abd3,tests/test_pysnooper.py:test_truncate,tests/test_pysnooper.py,test_truncate,10,3,2,0,0,4,13,0,0,0,1,0.0,0.005960350538552711,0
PySnooper_2_e21a31162f4c_pysnooper/pycompat.py___fspath___0,PySnooper,2,e21a31162f4c54be693d8ca8260e42393b39abd3,pysnooper/pycompat.py:__fspath__,pysnooper/pycompat.py,__fspath__,3,1,0,1,0,0,4,0,0,0,1,0.0,0.0070951995378644465,0
PySnooper_2_e21a31162f4c_misc/generate_authors.py_print_authors_0,PySnooper,2,e21a31162f4c54be693d8ca8260e42393b39abd3,misc/generate_authors.py:print_authors,misc/generate_authors.py,print_authors,4,2,1,0,0,4,2,0,1,0,2,0.0,0.00746676364149874,0
PySnooper_2_e21a31162f4c_tests/samples/indentation.py_f3_0,PySnooper,2,e21a31162f4c54be693d8ca8260e42393b39abd3,tests/samples/indentation.py:f3,tests/samples/indentation.py,f3,2,1,0,0,0,1,1,1,1,0,3,0.00024996875390576176,0.0170896213086614,0
PySnooper_2_e21a31162f4c_pysnooper/variables.py__get_value_0,PySnooper,2,e21a31162f4c54be693d8ca8260e42393b39abd3,pysnooper/variables.py:_get_value,pysnooper/variables.py,_get_value,2,1,0,3,1,0,4,1,0,0,2,0.0,0.00938221687686899,0
PySnooper_2_e21a31162f4c_pysnooper/variables.py___getitem___0,PySnooper,2,e21a31162f4c54be693d8ca8260e42393b39abd3,pysnooper/variables.py:__getitem__,pysnooper/variables.py,__getitem__,5,1,0,2,1,2,4,0,0,0,1,0.0,0.006156644473253462,0
PySnooper_2_e21a31162f4c_tests/utils.py__check_content_0,PySnooper,2,e21a31162f4c54be693d8ca8260e42393b39abd3,tests/utils.py:_check_content,tests/utils.py,_check_content,2,1,0,2,0,0,7,1,2,0,4,0.00024996875390576176,0.008369405200490364,0
PySnooper_2_e21a31162f4c_tests/utils.py_event_name_0,PySnooper,2,e21a31162f4c54be693d8ca8260e42393b39abd3,tests/utils.py:event_name,tests/utils.py,event_name,2,1,0,1,1,4,7,0,0,0,1,0.0,0.006009236540691585,0
PySnooper_2_e21a31162f4c_tests/samples/exception.py_bar_0,PySnooper,2,e21a31162f4c54be693d8ca8260e42393b39abd3,tests/samples/exception.py:bar,tests/samples/exception.py,bar,6,3,1,0,0,2,1,1,1,0,3,6.249218847644044e-05,0.013046760761968874,0
PySnooper_2_e21a31162f4c_tests/utils.py__check_stage_0,PySnooper,2,e21a31162f4c54be693d8ca8260e42393b39abd3,tests/utils.py:_check_stage,tests/utils.py,_check_stage,6,2,1,2,2,1,7,1,0,0,2,0.0,0.013149560386849921,0
PySnooper_2_e21a31162f4c_tests/samples/indentation.py_f4_0,PySnooper,2,e21a31162f4c54be693d8ca8260e42393b39abd3,tests/samples/indentation.py:f4,tests/samples/indentation.py,f4,2,1,0,0,0,1,1,1,1,0,3,0.00018747656542932132,0.021420182120022082,0
PySnooper_2_e21a31162f4c_tests/test_pysnooper.py_test_var_order_0,PySnooper,2,e21a31162f4c54be693d8ca8260e42393b39abd3,tests/test_pysnooper.py:test_var_order,tests/test_pysnooper.py,test_var_order,41,2,1,0,0,25,13,0,0,0,1,0.0,0.005960350538552711,0
PySnooper_2_e21a31162f4c_tests/samples/recursion.py_main_0,PySnooper,2,e21a31162f4c54be693d8ca8260e42393b39abd3,tests/samples/recursion.py:main,tests/samples/recursion.py,main,2,1,0,0,0,1,1,0,1,0,2,0.0,0.007054853808661935,0
PySnooper_2_e21a31162f4c_tests/test_pysnooper.py_test_generator_0,PySnooper,2,e21a31162f4c54be693d8ca8260e42393b39abd3,tests/test_pysnooper.py:test_generator,tests/test_pysnooper.py,test_generator,78,2,1,0,1,54,13,0,0,0,1,0.0,0.005960350538552711,0
PySnooper_2_e21a31162f4c_tests/test_pysnooper.py_test_watch_explode_0,PySnooper,2,e21a31162f4c54be693d8ca8260e42393b39abd3,tests/test_pysnooper.py:test_watch_explode,tests/test_pysnooper.py,test_watch_explode,47,2,1,0,0,30,13,0,0,0,1,0.0,0.005960350538552711,0
PySnooper_2_e21a31162f4c_setup.py_read_file_0,PySnooper,2,e21a31162f4c54be693d8ca8260e42393b39abd3,setup.py:read_file,setup.py,read_file,3,2,1,1,1,2,2,0,0,0,1,0.0,0.01076204230419318,0
PySnooper_2_e21a31162f4c_pysnooper/variables.py__format_key_0,PySnooper,2,e21a31162f4c54be693d8ca8260e42393b39abd3,pysnooper/variables.py:_format_key,pysnooper/variables.py,_format_key,2,1,0,2,0,0,4,1,0,0,2,0.0,0.00938221687686899,0
PySnooper_2_e21a31162f4c_tests/samples/indentation.py_f5_0,PySnooper,2,e21a31162f4c54be693d8ca8260e42393b39abd3,tests/samples/indentation.py:f5,tests/samples/indentation.py,f5,2,1,0,0,0,0,1,1,0,0,2,0.0,0.02549835594814708,0
PySnooper_2_e21a31162f4c_tests/test_pysnooper.py_test_confusing_decorator_lines_0,PySnooper,2,e21a31162f4c54be693d8ca8260e42393b39abd3,tests/test_pysnooper.py:test_confusing_decorator_lines,tests/test_pysnooper.py,test_confusing_decorator_lines,40,1,0,0,2,20,13,0,0,0,1,0.0,0.005960350538552711,0
PySnooper_2_e21a31162f4c_tests/utils.py__check_thread_info_0,PySnooper,2,e21a31162f4c54be693d8ca8260e42393b39abd3,tests/utils.py:_check_thread_info,tests/utils.py,_check_thread_info,7,3,2,2,3,1,7,1,0,0,2,0.0,0.008369405200490364,0
PySnooper_2_e21a31162f4c_tests/utils.py_assert_sample_output_0,PySnooper,2,e21a31162f4c54be693d8ca8260e42393b39abd3,tests/utils.py:assert_sample_output,tests/utils.py,assert_sample_output,21,4,1,1,1,9,7,0,0,0,1,0.0,0.006009236540691585,0
PySnooper_2_e21a31162f4c_tests/utils.py__check_preamble_0,PySnooper,2,e21a31162f4c54be693d8ca8260e42393b39abd3,tests/utils.py:_check_preamble,tests/utils.py,_check_preamble,6,2,1,2,2,3,7,1,1,0,3,0.00012498437695288088,0.008369405200490364,0
PySnooper_2_e21a31162f4c_pysnooper/tracer.py___getitem___0,PySnooper,2,e21a31162f4c54be693d8ca8260e42393b39abd3,pysnooper/tracer.py:__getitem__,pysnooper/tracer.py,__getitem__,2,1,0,2,1,0,12,0,0,0,1,0.0,0.006148652176420965,0
PySnooper_2_e21a31162f4c_pysnooper/pycompat.py___subclasshook___0,PySnooper,2,e21a31162f4c54be693d8ca8260e42393b39abd3,pysnooper/pycompat.py:__subclasshook__,pysnooper/pycompat.py,__subclasshook__,7,1,0,2,1,3,4,0,0,0,1,0.0,0.0070951995378644465,0
PySnooper_3_6e3d797be3fa_pysnooper/pysnooper.py_get_write_function_1,PySnooper,3,6e3d797be3fa0a746fb5b1b7c7fea78eb926c208,pysnooper/pysnooper.py:get_write_function,pysnooper/pysnooper.py,get_write_function,15,4,3,1,1,6,9,1,0,0,2,0.0,0.038558089849319424,1
PySnooper_3_6e3d797be3fa_pysnooper/utils.py_write_0,PySnooper,3,6e3d797be3fa0a746fb5b1b7c7fea78eb926c208,pysnooper/utils.py:write,pysnooper/utils.py,write,2,1,0,2,0,0,3,0,0,0,1,0.0,0.01770683666904039,0
PySnooper_3_6e3d797be3fa_pysnooper/tracer.py_get_shortish_repr_0,PySnooper,3,6e3d797be3fa0a746fb5b1b7c7fea78eb926c208,pysnooper/tracer.py:get_shortish_repr,pysnooper/tracer.py,get_shortish_repr,5,2,1,1,1,4,6,1,0,0,2,0.0,0.033466613517203675,0
PySnooper_3_6e3d797be3fa_pysnooper/utils.py__check_methods_0,PySnooper,3,6e3d797be3fa0a746fb5b1b7c7fea78eb926c208,pysnooper/utils.py:_check_methods,pysnooper/utils.py,_check_methods,11,5,4,2,3,0,3,1,0,0,2,0.0,0.03279707375521846,0
PySnooper_3_6e3d797be3fa_tests/utils.py__check_source_0,PySnooper,3,6e3d797be3fa0a746fb5b1b7c7fea78eb926c208,tests/utils.py:_check_source,tests/utils.py,_check_source,7,3,2,2,3,1,4,1,0,0,2,0.0,0.02132211015254785,0
PySnooper_3_6e3d797be3fa_tests/utils.py___init___0,PySnooper,3,6e3d797be3fa0a746fb5b1b7c7fea78eb926c208,tests/utils.py:__init__,tests/utils.py,__init__,15,5,1,6,0,2,4,0,0,0,1,0.0,0.015288149745168551,0
PySnooper_3_6e3d797be3fa_pysnooper/tracer.py___enter___0,PySnooper,3,6e3d797be3fa0a746fb5b1b7c7fea78eb926c208,pysnooper/tracer.py:__enter__,pysnooper/tracer.py,__enter__,3,1,0,1,0,2,6,0,0,0,1,0.0,0.01597920315198908,0
ansible_1_25c5388fdec9_lib/ansible/galaxy/collection.py_verify_collections_1,ansible,1,25c5388fdec9e56517a93feb5e8d485680946c25,lib/ansible/galaxy/collection.py:verify_collections,lib/ansible/galaxy/collection.py,verify_collections,48,14,6,6,0,22,33,0,6,0,7,0.0,6.535369086260089e-05,1
ansible_1_25c5388fdec9_lib/ansible/inventory/manager.py_add_host_0,ansible,1,25c5388fdec9e56517a93feb5e8d485680946c25,lib/ansible/inventory/manager.py:add_host,lib/ansible/inventory/manager.py,add_host,2,1,0,4,1,1,21,0,0,0,1,0.0,6.616718585584683e-05,0
ansible_1_25c5388fdec9_test/units/galaxy/test_collection_install.py_test_add_collection_requirement_with_conflict_0,ansible,1,25c5388fdec9e56517a93feb5e8d485680946c25,test/units/galaxy/test_collection_install.py:test_add_collection_requirement_with_conflict,test/units/galaxy/test_collection_install.py,test_add_collection_requirement_with_conflict,8,2,1,1,0,2,20,0,0,0,1,0.0,6.562893352948862e-05,0
ansible_1_25c5388fdec9_test/units/plugins/action/test_raw.py_test_raw_test_environment_is_None_0,ansible,1,25c5388fdec9e56517a93feb5e8d485680946c25,test/units/plugins/action/test_raw.py:test_raw_test_environment_is_None,test/units/plugins/action/test_raw.py,test_raw_test_environment_is_None,14,1,0,1,0,5,8,0,0,0,1,0.0,7.4567766806509e-05,0
ansible_10_e368f788f71c_lib/ansible/modules/system/pamd.py_remove_1,ansible,10,e368f788f71c338cd3f049d5d6bdc643a51c0514,lib/ansible/modules/system/pamd.py:remove,lib/ansible/modules/system/pamd.py,remove,16,4,3,4,1,1,6,1,1,0,3,0.0,1.2661860106588053e-05,1
ansible_10_e368f788f71c_lib/ansible/modules/system/pamd.py___init___1,ansible,10,e368f788f71c338cd3f049d5d6bdc643a51c0514,lib/ansible/modules/system/pamd.py:__init__,lib/ansible/modules/system/pamd.py,__init__,14,5,4,2,0,10,6,0,2,0,3,0.0,1.102396893963877e-05,1
ansible_10_e368f788f71c_lib/ansible/modules/cloud/google/_gcp_url_map.py_update_url_map_0,ansible,10,e368f788f71c338cd3f049d5d6bdc643a51c0514,lib/ansible/modules/cloud/google/_gcp_url_map.py:update_url_map,lib/ansible/modules/cloud/google/_gcp_url_map.py,update_url_map,38,4,1,5,2,5,5,1,1,0,3,0.0,1.4450941227409577e-05,0
ansible_10_e368f788f71c_lib/ansible/modules/network/fortios/fortios_system_ipv6_tunnel.py_fortios_system_0,ansible,10,e368f788f71c338cd3f049d5d6bdc643a51c0514,lib/ansible/modules/network/fortios/fortios_system_ipv6_tunnel.py:fortios_system,lib/ansible/modules/network/fortios/fortios_system_ipv6_tunnel.py,fortios_system,8,2,1,2,1,2,6,1,2,0,4,0.0,1.894344271389904e-05,0
ansible_10_e368f788f71c_lib/ansible/modules/cloud/cloudstack/cs_volume.py_main_0,ansible,10,e368f788f71c338cd3f049d5d6bdc643a51c0514,lib/ansible/modules/cloud/cloudstack/cs_volume.py:main,lib/ansible/modules/cloud/cloudstack/cs_volume.py,main,66,6,5,0,0,37,3,0,6,0,7,0.0,1.1611929871364154e-05,0
ansible_10_e368f788f71c_lib/ansible/module_utils/network/junos/facts/lacp/lacp.py_populate_facts_0,ansible,10,e368f788f71c338cd3f049d5d6bdc643a51c0514,lib/ansible/module_utils/network/junos/facts/lacp/lacp.py:populate_facts,lib/ansible/module_utils/network/junos/facts/lacp/lacp.py,populate_facts,50,7,3,4,1,15,8,0,0,0,1,0.0,1.488771220526272e-05,0
ansible_10_e368f788f71c_lib/ansible/modules/network/f5/bigip_monitor_external.py_read_current_from_device_0,ansible,10,e368f788f71c338cd3f049d5d6bdc643a51c0514,lib/ansible/modules/network/f5/bigip_monitor_external.py:read_current_from_device,lib/ansible/modules/network/f5/bigip_monitor_external.py,read_current_from_device,18,5,2,1,1,9,23,1,0,0,2,0.0,1.5207300725643067e-05,0
ansible_10_e368f788f71c_test/units/plugins/filter/test_mathstuff.py_test_max_0,ansible,10,e368f788f71c338cd3f049d5d6bdc643a51c0514,test/units/plugins/filter/test_mathstuff.py:test_max,test/units/plugins/filter/test_mathstuff.py,test_max,4,1,0,1,0,3,5,0,0,0,1,0.0,1.1005303513234789e-05,0
ansible_11_da07b98b7a43_lib/ansible/modules/network/ios/ios_banner.py_map_obj_to_commands_1,ansible,11,da07b98b7a433493728ddb7ac7efbd20b8988776,lib/ansible/modules/network/ios/ios_banner.py:map_obj_to_commands,lib/ansible/modules/network/ios/ios_banner.py,map_obj_to_commands,17,4,3,2,1,6,5,1,0,0,2,0.0,1.8222869580190437e-05,1
ansible_11_da07b98b7a43_lib/ansible/modules/network/ios/ios_banner.py_map_params_to_obj_1,ansible,11,da07b98b7a433493728ddb7ac7efbd20b8988776,lib/ansible/modules/network/ios/ios_banner.py:map_params_to_obj,lib/ansible/modules/network/ios/ios_banner.py,map_params_to_obj,10,2,1,1,1,2,5,1,0,0,2,0.0,1.8222869580190437e-05,1
ansible_11_da07b98b7a43_lib/ansible/modules/network/ios/ios_banner.py_map_config_to_obj_1,ansible,11,da07b98b7a433493728ddb7ac7efbd20b8988776,lib/ansible/modules/network/ios/ios_banner.py:map_config_to_obj,lib/ansible/modules/network/ios/ios_banner.py,map_config_to_obj,17,4,2,1,1,5,5,1,0,0,2,0.0,1.8222869580190437e-05,1
ansible_11_da07b98b7a43_test/units/cli/test_galaxy.py_test_parse_info_0,ansible,11,da07b98b7a433493728ddb7ac7efbd20b8988776,test/units/cli/test_galaxy.py:test_parse_info,test/units/cli/test_galaxy.py,test_parse_info,5,1,0,1,0,3,18,0,0,0,1,0.0,1.0704037867806273e-05,0
ansible_11_da07b98b7a43_test/lib/ansible_test/_internal/env.py_get_timeout_0,ansible,11,da07b98b7a433493728ddb7ac7efbd20b8988776,test/lib/ansible_test/_internal/env.py:get_timeout,test/lib/ansible_test/_internal/env.py,get_timeout,13,3,1,0,2,4,19,1,0,0,2,0.0,2.4798661382885737e-05,0
ansible_11_da07b98b7a43_lib/ansible/modules/network/fortios/fortios_log_syslogd2_setting.py_log_syslogd2_setting_0,ansible,11,da07b98b7a433493728ddb7ac7efbd20b8988776,lib/ansible/modules/network/fortios/fortios_log_syslogd2_setting.py:log_syslogd2_setting,lib/ansible/modules/network/fortios/fortios_log_syslogd2_setting.py,log_syslogd2_setting,9,1,0,2,1,3,6,1,2,0,4,0.0,1.9005701937654162e-05,0
ansible_11_da07b98b7a43_lib/ansible/plugins/callback/mail.py_v2_runner_item_on_failed_0,ansible,11,da07b98b7a433493728ddb7ac7efbd20b8988776,lib/ansible/plugins/callback/mail.py:v2_runner_item_on_failed,lib/ansible/plugins/callback/mail.py,v2_runner_item_on_failed,4,1,0,2,0,2,9,0,1,0,2,0.0,1.1562772754383654e-05,0
ansible_11_da07b98b7a43_lib/ansible/modules/monitoring/datadog/datadog_monitor.py_install_monitor_0,ansible,11,da07b98b7a433493728ddb7ac7efbd20b8988776,lib/ansible/modules/monitoring/datadog/datadog_monitor.py:install_monitor,lib/ansible/modules/monitoring/datadog/datadog_monitor.py,install_monitor,25,4,1,1,0,6,5,1,3,0,5,0.0,1.5154166738932629e-05,0
ansible_11_da07b98b7a43_test/units/modules/network/fortios/test_fortios_system_autoupdate_schedule.py_test_system_autoupdate_schedule_creation_fails_0,ansible,11,da07b98b7a433493728ddb7ac7efbd20b8988776,test/units/modules/network/fortios/test_fortios_system_autoupdate_schedule.py:test_system_autoupdate_schedule_creation_fails,test/units/modules/network/fortios/test_fortios_system_autoupdate_schedule.py,test_system_autoupdate_schedule_creation_fails,32,1,0,1,0,5,7,0,0,0,1,0.0,1.3181429198124037e-05,0
ansible_11_da07b98b7a43_lib/ansible/modules/cloud/centurylink/clc_firewall_policy.py__ensure_firewall_policy_is_absent_0,ansible,11,da07b98b7a433493728ddb7ac7efbd20b8988776,lib/ansible/modules/cloud/centurylink/clc_firewall_policy.py:_ensure_firewall_policy_is_absent,lib/ansible/modules/cloud/centurylink/clc_firewall_policy.py,_ensure_firewall_policy_is_absent,28,3,2,4,1,3,10,1,2,0,4,0.0,1.5756947654179696e-05,0
ansible_11_da07b98b7a43_lib/ansible/modules/cloud/amazon/s3_bucket.py_put_bucket_versioning_0,ansible,11,da07b98b7a433493728ddb7ac7efbd20b8988776,lib/ansible/modules/cloud/amazon/s3_bucket.py:put_bucket_versioning,lib/ansible/modules/cloud/amazon/s3_bucket.py,put_bucket_versioning,2,1,0,3,0,1,11,1,0,0,2,0.0,1.1678391071793684e-05,0
ansible_11_da07b98b7a43_test/units/modules/network/eos/test_eos_user.py_test_eos_user_update_password_always_0,ansible,11,da07b98b7a433493728ddb7ac7efbd20b8988776,test/units/modules/network/eos/test_eos_user.py:test_eos_user_update_password_always,test/units/modules/network/eos/test_eos_user.py,test_eos_user_update_password_always,4,1,0,1,0,3,5,0,0,0,1,0.0,1.142788471740529e-05,0
ansible_12_05e2e1806162_lib/ansible/plugins/lookup/env.py_run_1,ansible,12,05e2e1806162393d76542a75c2520c7d61c2d855,lib/ansible/plugins/lookup/env.py:run,lib/ansible/plugins/lookup/env.py,run,8,2,1,4,1,3,3,0,0,0,1,0.0,1.712767435160702e-05,1
ansible_12_05e2e1806162_lib/ansible/modules/network/eos/eos_command.py_main_0,ansible,12,05e2e1806162393d76542a75c2520c7d61c2d855,lib/ansible/modules/network/eos/eos_command.py:main,lib/ansible/modules/network/eos/eos_command.py,main,59,9,4,0,0,25,7,0,1,0,2,0.0,1.493564200236727e-05,0
ansible_12_05e2e1806162_test/units/modules/source_control/gitlab/test_gitlab_runner.py_test_update_runner_0,ansible,12,05e2e1806162393d76542a75c2520c7d61c2d855,test/units/modules/source_control/gitlab/test_gitlab_runner.py:test_update_runner,test/units/modules/source_control/gitlab/test_gitlab_runner.py,test_update_runner,13,1,0,1,0,9,6,0,0,0,1,0.0,1.2430462174664697e-05,0
ansible_12_05e2e1806162_lib/ansible/modules/network/f5/bigip_monitor_dns.py___init___0,ansible,12,05e2e1806162393d76542a75c2520c7d61c2d855,lib/ansible/modules/network/f5/bigip_monitor_dns.py:__init__,lib/ansible/modules/network/f5/bigip_monitor_dns.py,__init__,39,1,0,1,0,27,25,0,1,0,2,0.0,1.0850490806056824e-05,0
ansible_13_41472ee3878b_lib/ansible/galaxy/collection.py__get_collection_info_1,ansible,13,41472ee3878be215af8b933b2b04b4a72b9165ca,lib/ansible/galaxy/collection.py:_get_collection_info,lib/ansible/galaxy/collection.py,_get_collection_info,42,9,2,10,0,22,29,1,5,0,7,0.0,1.765724084668366e-05,1
ansible_13_41472ee3878b_lib/ansible/cli/galaxy.py_execute_install_1,ansible,13,41472ee3878be215af8b933b2b04b4a72b9165ca,lib/ansible/cli/galaxy.py:execute_install,lib/ansible/cli/galaxy.py,execute_install,149,31,7,1,2,58,26,0,3,0,4,0.0,1.0966481605961735e-05,1
ansible_13_41472ee3878b_lib/ansible/modules/cloud/digital_ocean/digital_ocean_droplet.py_get_addresses_0,ansible,13,41472ee3878be215af8b933b2b04b4a72b9165ca,lib/ansible/modules/cloud/digital_ocean/digital_ocean_droplet.py:get_addresses,lib/ansible/modules/cloud/digital_ocean/digital_ocean_droplet.py,get_addresses,19,6,2,2,1,4,5,1,0,0,2,0.0,1.6226793012569006e-05,0
ansible_13_41472ee3878b_lib/ansible/modules/network/f5/bigip_asm_dos_application.py_ios_allowed_package_names_0,ansible,13,41472ee3878be215af8b933b2b04b4a72b9165ca,lib/ansible/modules/network/f5/bigip_asm_dos_application.py:ios_allowed_package_names,lib/ansible/modules/network/f5/bigip_asm_dos_application.py,ios_allowed_package_names,3,1,0,1,1,1,26,0,0,0,1,0.0,1.0833020621121726e-05,0
ansible_13_41472ee3878b_lib/ansible/modules/cloud/google/gcp_compute_region_backend_service.py_response_to_hash_0,ansible,13,41472ee3878be215af8b933b2b04b4a72b9165ca,lib/ansible/modules/cloud/google/gcp_compute_region_backend_service.py:response_to_hash,lib/ansible/modules/cloud/google/gcp_compute_region_backend_service.py,response_to_hash,15,1,0,2,1,16,4,1,1,0,3,0.0,1.7832001441801737e-05,0
ansible_13_41472ee3878b_lib/ansible/modules/network/fortios/fortios_system_vdom.py_is_successful_status_0,ansible,13,41472ee3878be215af8b933b2b04b4a72b9165ca,lib/ansible/modules/network/fortios/fortios_system_vdom.py:is_successful_status,lib/ansible/modules/network/fortios/fortios_system_vdom.py,is_successful_status,3,1,0,1,1,0,6,1,0,0,2,0.0,1.9121901072435188e-05,0
ansible_13_41472ee3878b_lib/ansible/modules/network/f5/bigip_gtm_virtual_server.py_availability_requirement_type_0,ansible,13,41472ee3878be215af8b933b2b04b4a72b9165ca,lib/ansible/modules/network/f5/bigip_gtm_virtual_server.py:availability_requirement_type,lib/ansible/modules/network/f5/bigip_gtm_virtual_server.py,availability_requirement_type,9,4,2,1,4,0,27,0,0,0,1,0.0,1.085380368694277e-05,0
ansible_13_41472ee3878b_lib/ansible/modules/storage/netapp/na_ontap_autosupport.py_apply_0,ansible,13,41472ee3878be215af8b933b2b04b4a72b9165ca,lib/ansible/modules/storage/netapp/na_ontap_autosupport.py:apply,lib/ansible/modules/storage/netapp/na_ontap_autosupport.py,apply,12,3,2,1,0,4,6,1,2,0,4,0.0,2.5506904244070747e-05,0
ansible_14_a1ab093ddbd3_lib/ansible/galaxy/api.py_fetch_role_related_1,ansible,14,a1ab093ddbd32f1002cbf6d6f184c7d0041d890d,lib/ansible/galaxy/api.py:fetch_role_related,lib/ansible/galaxy/api.py,fetch_role_related,22,4,2,3,1,8,15,0,3,0,4,0.0,1.1247705841669624e-05,1
ansible_14_a1ab093ddbd3_test/units/modules/network/check_point/test_cp_mgmt_access_role_facts.py_module_mock_0,ansible,14,a1ab093ddbd32f1002cbf6d6f184c7d0041d890d,test/units/modules/network/check_point/test_cp_mgmt_access_role_facts.py:module_mock,test/units/modules/network/check_point/test_cp_mgmt_access_role_facts.py,module_mock,2,1,0,2,1,1,5,0,0,0,1,0.0,1.2914921708857245e-05,0
ansible_14_a1ab093ddbd3_lib/ansible/modules/network/fortios/fortios_switch_controller_quarantine.py_switch_controller_quarantine_0,ansible,14,a1ab093ddbd32f1002cbf6d6f184c7d0041d890d,lib/ansible/modules/network/fortios/fortios_switch_controller_quarantine.py:switch_controller_quarantine,lib/ansible/modules/network/fortios/fortios_switch_controller_quarantine.py,switch_controller_quarantine,9,1,0,2,1,3,6,1,2,0,4,0.0,1.9266220250524377e-05,0
ansible_14_a1ab093ddbd3_lib/ansible/modules/cloud/vultr/vultr_firewall_group.py__create_firewall_group_0,ansible,14,a1ab093ddbd32f1002cbf6d6f184c7d0041d890d,lib/ansible/modules/cloud/vultr/vultr_firewall_group.py:_create_firewall_group,lib/ansible/modules/cloud/vultr/vultr_firewall_group.py,_create_firewall_group,16,2,1,2,1,3,3,1,1,0,3,0.0,1.9266220250524377e-05,0
ansible_15_b1e8a6c1cbd2_lib/ansible/modules/network/eos/eos_eapi.py_map_obj_to_commands_1,ansible,15,b1e8a6c1cbd2a668b462995487b819ef7dd8ba4b,lib/ansible/modules/network/eos/eos_eapi.py:map_obj_to_commands,lib/ansible/modules/network/eos/eos_eapi.py,map_obj_to_commands,64,19,3,3,2,37,6,1,0,0,2,0.0,1.4112104470439132e-05,1
ansible_15_b1e8a6c1cbd2_lib/ansible/modules/network/fortios/fortios_system_replacemsg_fortiguard_wf.py_filter_system_replacemsg_fortiguard_wf_data_0,ansible,15,b1e8a6c1cbd2a668b462995487b819ef7dd8ba4b,lib/ansible/modules/network/fortios/fortios_system_replacemsg_fortiguard_wf.py:filter_system_replacemsg_fortiguard_wf_data,lib/ansible/modules/network/fortios/fortios_system_replacemsg_fortiguard_wf.py,filter_system_replacemsg_fortiguard_wf_data,10,3,2,1,1,0,6,1,0,0,2,0.0,1.9382109069715873e-05,0
ansible_15_b1e8a6c1cbd2_lib/ansible/modules/network/fortios/fortios_log_threat_weight.py_main_0,ansible,15,b1e8a6c1cbd2a668b462995487b819ef7dd8ba4b,lib/ansible/modules/network/fortios/fortios_log_threat_weight.py:main,lib/ansible/modules/network/fortios/fortios_log_threat_weight.py,main,144,6,2,0,0,12,6,0,2,0,3,0.0,1.2674830488818202e-05,0
ansible_15_b1e8a6c1cbd2_lib/ansible/modules/network/cloudengine/ce_snmp_community.py_main_0,ansible,15,b1e8a6c1cbd2a668b462995487b819ef7dd8ba4b,lib/ansible/modules/network/cloudengine/ce_snmp_community.py:main,lib/ansible/modules/network/cloudengine/ce_snmp_community.py,main,149,30,3,0,0,42,3,0,8,0,9,0.0,1.1876344943473243e-05,0
ansible_16_2a9964ede8b2_lib/ansible/module_utils/facts/hardware/linux.py_get_cpu_facts_1,ansible,16,2a9964ede8b2b77a62a005f6f5abc964b2819b0e,lib/ansible/module_utils/facts/hardware/linux.py:get_cpu_facts,lib/ansible/module_utils/facts/hardware/linux.py,get_cpu_facts,120,34,8,2,2,21,17,1,0,0,2,0.0,1.5616523886597577e-05,1
ansible_16_2a9964ede8b2_test/units/parsing/vault/test_vault.py_test_encrypt_vault_id_0,ansible,16,2a9964ede8b2b77a62a005f6f5abc964b2819b0e,test/units/parsing/vault/test_vault.py:test_encrypt_vault_id,test/units/parsing/vault/test_vault.py,test_encrypt_vault_id,8,1,0,1,0,4,15,0,0,0,1,0.0,1.2845429389494264e-05,0
ansible_16_2a9964ede8b2_lib/ansible/modules/network/f5/bigip_monitor_tcp_echo.py_parent_0,ansible,16,2a9964ede8b2b77a62a005f6f5abc964b2819b0e,lib/ansible/modules/network/f5/bigip_monitor_tcp_echo.py:parent,lib/ansible/modules/network/f5/bigip_monitor_tcp_echo.py,parent,5,2,1,1,0,1,18,0,0,0,1,0.0,1.3109833287600933e-05,0
ansible_16_2a9964ede8b2_test/units/plugins/lookup/test_password.py_test_content_written_0,ansible,16,2a9964ede8b2b77a62a005f6f5abc964b2819b0e,test/units/plugins/lookup/test_password.py:test_content_written,test/units/plugins/lookup/test_password.py,test_content_written,7,2,1,1,0,7,14,0,0,0,1,0.0,1.3109833287600933e-05,0
ansible_17_9cb47832d15c_lib/ansible/module_utils/facts/hardware/linux.py_get_mount_facts_1,ansible,17,9cb47832d15c61884b30d70f9d4e0f816b064b05,lib/ansible/module_utils/facts/hardware/linux.py:get_mount_facts,lib/ansible/module_utils/facts/hardware/linux.py,get_mount_facts,65,11,5,1,1,25,17,1,3,0,5,0.0,1.5692353267633128e-05,1
ansible_17_9cb47832d15c_test/units/modules/storage/netapp/test_netapp_e_host.py_test_assigned_host_ports_fail_0,ansible,17,9cb47832d15c61884b30d70f9d4e0f816b064b05,test/units/modules/storage/netapp/test_netapp_e_host.py:test_assigned_host_ports_fail,test/units/modules/storage/netapp/test_netapp_e_host.py,test_assigned_host_ports_fail,40,9,2,1,0,31,4,0,1,0,2,0.0,1.3548734219734556e-05,0
ansible_17_9cb47832d15c_lib/ansible/modules/cloud/cloudstack/cs_portforward.py_present_portforwarding_rule_0,ansible,17,9cb47832d15c61884b30d70f9d4e0f816b064b05,lib/ansible/modules/cloud/cloudstack/cs_portforward.py:present_portforwarding_rule,lib/ansible/modules/cloud/cloudstack/cs_portforward.py,present_portforwarding_rule,12,3,1,1,1,4,3,1,3,0,5,0.0,1.9830510549449825e-05,0
ansible_17_9cb47832d15c_test/units/modules/network/nxos/test_nxos_bgp.py_test_nxos_bgp_global_param_outside_default_0,ansible,17,9cb47832d15c61884b30d70f9d4e0f816b064b05,test/units/modules/network/nxos/test_nxos_bgp.py:test_nxos_bgp_global_param_outside_default,test/units/modules/network/nxos/test_nxos_bgp.py,test_nxos_bgp_global_param_outside_default,4,1,0,1,0,4,4,0,0,0,1,0.0,1.370695060117328e-05,0
ansible_18_bb1256ca9aa4_lib/ansible/cli/galaxy.py_execute_init_1,ansible,18,bb1256ca9aa4c22225dbeef0ef23a20fa9388b2f,lib/ansible/cli/galaxy.py:execute_init,lib/ansible/cli/galaxy.py,execute_init,127,18,5,1,0,61,25,0,1,0,2,0.0,1.3559732762655937e-05,1
ansible_18_bb1256ca9aa4_lib/ansible/cli/galaxy.py_init_parser_1,ansible,18,bb1256ca9aa4c22225dbeef0ef23a20fa9388b2f,lib/ansible/cli/galaxy.py:init_parser,lib/ansible/cli/galaxy.py,init_parser,176,1,0,1,0,87,25,0,1,0,2,0.0,1.3559732762655937e-05,1
ansible_18_bb1256ca9aa4_test/units/modules/storage/netapp/test_na_ontap_user_role.py_test_create_error_0,ansible,18,bb1256ca9aa4c22225dbeef0ef23a20fa9388b2f,test/units/modules/storage/netapp/test_na_ontap_user_role.py:test_create_error,test/units/modules/storage/netapp/test_na_ontap_user_role.py,test_create_error,9,2,1,2,0,5,9,0,3,0,4,0.0,1.3616379791685873e-05,0
ansible_18_bb1256ca9aa4_lib/ansible/modules/monitoring/zabbix/zabbix_map.py__get_scales_0,ansible,18,bb1256ca9aa4c22225dbeef0ef23a20fa9388b2f,lib/ansible/modules/monitoring/zabbix/zabbix_map.py:_get_scales,lib/ansible/modules/monitoring/zabbix/zabbix_map.py,_get_scales,13,3,0,2,1,17,12,1,1,0,3,0.0,1.5351195055727672e-05,0
ansible_18_bb1256ca9aa4_test/runner/lib/cloud/__init__.py_filter_0,ansible,18,bb1256ca9aa4c22225dbeef0ef23a20fa9388b2f,test/runner/lib/cloud/__init__.py:filter,test/runner/lib/cloud/__init__.py,filter,12,2,1,3,0,4,16,1,0,0,2,0.0,2.1576657863029746e-05,0
ansible_18_bb1256ca9aa4_lib/ansible/modules/network/f5/bigip_gtm_server.py_link_discovery_0,ansible,18,bb1256ca9aa4c22225dbeef0ef23a20fa9388b2f,lib/ansible/modules/network/f5/bigip_gtm_server.py:link_discovery,lib/ansible/modules/network/f5/bigip_gtm_server.py,link_discovery,4,2,1,1,1,1,25,0,1,0,2,0.0,1.3109353914566073e-05,0
ansible_18_bb1256ca9aa4_lib/ansible/modules/identity/ipa/ipa_sudocmd.py___init___0,ansible,18,bb1256ca9aa4c22225dbeef0ef23a20fa9388b2f,lib/ansible/modules/identity/ipa/ipa_sudocmd.py:__init__,lib/ansible/modules/identity/ipa/ipa_sudocmd.py,__init__,2,1,0,5,0,2,5,0,0,0,1,0.0,1.4536894013422338e-05,0
ansible_18_bb1256ca9aa4_lib/ansible/module_utils/network/fortimanager/fortimanager.py_commit_changes_0,ansible,18,bb1256ca9aa4c22225dbeef0ef23a20fa9388b2f,lib/ansible/module_utils/network/fortimanager/fortimanager.py:commit_changes,lib/ansible/module_utils/network/fortimanager/fortimanager.py,commit_changes,12,4,3,5,1,4,5,0,1,0,2,0.0,1.351147788607488e-05,0
ansible_2_de59b17c7f69_lib/ansible/utils/version.py___ge___1,ansible,2,de59b17c7f69d5cfb72479b71776cc8b97e29a6b,lib/ansible/utils/version.py:__ge__,lib/ansible/utils/version.py,__ge__,2,1,0,2,1,1,4,0,3,0,4,0.0,6.820396537052633e-05,1
ansible_2_de59b17c7f69_lib/ansible/utils/version.py___gt___1,ansible,2,de59b17c7f69d5cfb72479b71776cc8b97e29a6b,lib/ansible/utils/version.py:__gt__,lib/ansible/utils/version.py,__gt__,2,1,0,2,1,1,4,1,2,0,4,0.0,9.378711059249775e-05,1
ansible_2_de59b17c7f69_test/support/integration/plugins/module_utils/compat/ipaddress.py__get_networks_key_0,ansible,2,de59b17c7f69d5cfb72479b71776cc8b97e29a6b,test/support/integration/plugins/module_utils/compat/ipaddress.py:_get_networks_key,test/support/integration/plugins/module_utils/compat/ipaddress.py,_get_networks_key,9,1,0,1,1,0,3,1,0,0,2,0.0,0.00010280915066934946,0
ansible_2_de59b17c7f69_test/lib/ansible_test/_internal/coverage/combine.py__build_stub_groups_0,ansible,2,de59b17c7f69d5cfb72479b71776cc8b97e29a6b,test/lib/ansible_test/_internal/coverage/combine.py:_build_stub_groups,test/lib/ansible_test/_internal/coverage/combine.py,_build_stub_groups,32,6,3,3,1,5,6,2,0,0,3,0.0,0.0001276471557392246,0
ansible_2_de59b17c7f69_test/units/utils/test_version.py_test_valid_0,ansible,2,de59b17c7f69d5cfb72479b71776cc8b97e29a6b,test/units/utils/test_version.py:test_valid,test/units/utils/test_version.py,test_valid,2,1,0,1,0,1,4,0,0,0,1,0.0,6.820396537052633e-05,0
ansible_2_de59b17c7f69_test/integration/targets/old_style_cache_plugins/plugins/cache/redis.py_set_0,ansible,2,de59b17c7f69d5cfb72479b71776cc8b97e29a6b,test/integration/targets/old_style_cache_plugins/plugins/cache/redis.py:set,test/integration/targets/old_style_cache_plugins/plugins/cache/redis.py,set,13,3,1,3,0,10,7,0,1,0,2,0.0,6.959309542782795e-05,0
ansible_2_de59b17c7f69_test/support/integration/plugins/modules/openssl_certificate.py__validate_csr_signature_0,ansible,2,de59b17c7f69d5cfb72479b71776cc8b97e29a6b,test/support/integration/plugins/modules/openssl_certificate.py:_validate_csr_signature,test/support/integration/plugins/modules/openssl_certificate.py,_validate_csr_signature,5,3,1,1,1,2,22,1,0,0,2,0.0,7.007590282579254e-05,0
ansible_2_de59b17c7f69_lib/ansible/modules/packaging/os/apt_key.py_all_keys_0,ansible,2,de59b17c7f69d5cfb72479b71776cc8b97e29a6b,lib/ansible/modules/packaging/os/apt_key.py:all_keys,lib/ansible/modules/packaging/os/apt_key.py,all_keys,17,5,2,3,1,9,5,1,1,0,3,0.0,8.318121285341716e-05,0
ansible_3_70219df9056f_lib/ansible/module_utils/facts/system/distribution.py_parse_distribution_file_Debian_1,ansible,3,70219df9056ffb1e2766f572fbe71f7a1800c9f5,lib/ansible/module_utils/facts/system/distribution.py:parse_distribution_file_Debian,lib/ansible/module_utils/facts/system/distribution.py,parse_distribution_file_Debian,57,18,8,5,2,22,7,0,0,0,1,0.0,6.617595664287249e-05,1
ansible_3_70219df9056f_test/lib/ansible_test/_data/sanity/validate-modules/validate_modules/main.py__validate_docs_0,ansible,3,70219df9056ffb1e2766f572fbe71f7a1800c9f5,test/lib/ansible_test/_data/sanity/validate-modules/validate_modules/main.py:_validate_docs,test/lib/ansible_test/_data/sanity/validate-modules/validate_modules/main.py,_validate_docs,219,34,5,1,1,52,28,1,8,0,10,0.0,6.865387291486651e-05,0
ansible_3_70219df9056f_lib/ansible/executor/play_iterator.py_is_failed_0,ansible,3,70219df9056ffb1e2766f572fbe71f7a1800c9f5,lib/ansible/executor/play_iterator.py:is_failed,lib/ansible/executor/play_iterator.py,is_failed,3,1,0,2,1,2,8,0,2,0,3,0.0,6.743397567326945e-05,0
ansible_3_70219df9056f_test/support/integration/plugins/modules/htpasswd.py_create_missing_directories_0,ansible,3,70219df9056ffb1e2766f572fbe71f7a1800c9f5,test/support/integration/plugins/modules/htpasswd.py:create_missing_directories,test/support/integration/plugins/modules/htpasswd.py,create_missing_directories,4,2,1,1,0,3,10,1,0,0,2,0.0,0.00015599851541321606,0
ansible_4_d91658ec0c84_lib/ansible/playbook/collectionsearch.py__load_collections_1,ansible,4,d91658ec0c8434c82c3ef98bfe9eb4e1027a43a3,lib/ansible/playbook/collectionsearch.py:_load_collections,lib/ansible/playbook/collectionsearch.py,_load_collections,8,2,1,3,2,1,4,0,1,0,2,0.0,8.958301383052105e-05,1
ansible_4_d91658ec0c84_test/support/network-integration/collections/ansible_collections/ansible/netcommon/plugins/module_utils/compat/ipaddress.py__compat_bytes_to_byte_vals_0,ansible,4,d91658ec0c8434c82c3ef98bfe9eb4e1027a43a3,test/support/network-integration/collections/ansible_collections/ansible/netcommon/plugins/module_utils/compat/ipaddress.py:_compat_bytes_to_byte_vals,test/support/network-integration/collections/ansible_collections/ansible/netcommon/plugins/module_utils/compat/ipaddress.py,_compat_bytes_to_byte_vals,2,1,0,1,1,1,3,1,0,0,2,0.0,7.565892368821966e-05,0
ansible_4_d91658ec0c84_test/lib/ansible_test/_internal/cloud/__init__.py__get_cloud_config_0,ansible,4,d91658ec0c8434c82c3ef98bfe9eb4e1027a43a3,test/lib/ansible_test/_internal/cloud/__init__.py:_get_cloud_config,test/lib/ansible_test/_internal/cloud/__init__.py,_get_cloud_config,10,2,1,3,2,1,17,5,0,0,6,0.0,0.00029747481460128464,0
ansible_4_d91658ec0c84_lib/ansible/modules/system/cron.py_add_env_0,ansible,4,d91658ec0c8434c82c3ef98bfe9eb4e1027a43a3,lib/ansible/modules/system/cron.py:add_env,lib/ansible/modules/system/cron.py,add_env,19,7,3,4,2,5,9,1,1,0,3,0.0,7.206523378598445e-05,0
ansible_5_2af76f16be8c_lib/ansible/module_utils/common/validation.py_check_required_arguments_1,ansible,5,2af76f16be8cf2239daaec4c2f31c3dcb4e3469e,lib/ansible/module_utils/common/validation.py:check_required_arguments,lib/ansible/module_utils/common/validation.py,check_required_arguments,27,5,2,2,2,6,11,0,0,0,1,0.0,6.796657237453264e-05,1
ansible_5_2af76f16be8c_test/integration/targets/collections/collections/ansible_collections/me/mycoll1/plugins/action/action1.py_run_0,ansible,5,2af76f16be8cf2239daaec4c2f31c3dcb4e3469e,test/integration/targets/collections/collections/ansible_collections/me/mycoll1/plugins/action/action1.py:run,test/integration/targets/collections/collections/ansible_collections/me/mycoll1/plugins/action/action1.py,run,21,3,1,3,2,7,2,0,0,0,1,0.0,0.00010274562311103017,0
ansible_5_2af76f16be8c_test/support/integration/plugins/modules/iam_role.py_convert_friendly_names_to_arns_0,ansible,5,2af76f16be8cf2239daaec4c2f31c3dcb4e3469e,test/support/integration/plugins/modules/iam_role.py:convert_friendly_names_to_arns,test/support/integration/plugins/modules/iam_role.py,convert_friendly_names_to_arns,13,5,1,3,2,4,6,1,1,0,3,0.0,7.356040570977351e-05,0
ansible_5_2af76f16be8c_test/integration/targets/collections/collection_root_user/ansible_collections/testns/testcoll/plugins/filter/myfilters2.py_testfilter2_0,ansible,5,2af76f16be8cf2239daaec4c2f31c3dcb4e3469e,test/integration/targets/collections/collection_root_user/ansible_collections/testns/testcoll/plugins/filter/myfilters2.py:testfilter2,test/integration/targets/collections/collection_root_user/ansible_collections/testns/testcoll/plugins/filter/myfilters2.py,testfilter2,2,1,0,1,1,1,1,0,0,0,1,0.0,8.986449320862369e-05,0
ansible_6_90898132e456_lib/ansible/galaxy/collection.py__meets_requirements_1,ansible,6,90898132e456ee1993db99a1531379f1b98ee915,lib/ansible/galaxy/collection.py:_meets_requirements,lib/ansible/galaxy/collection.py,_meets_requirements,37,7,4,4,2,7,30,1,0,0,2,0.0,2.397585426137993e-05,1
ansible_6_90898132e456_lib/ansible/galaxy/collection.py_from_path_1,ansible,6,90898132e456ee1993db99a1531379f1b98ee915,lib/ansible/galaxy/collection.py:from_path,lib/ansible/galaxy/collection.py,from_path,35,7,3,3,1,17,30,1,0,0,2,0.0,2.397585426137993e-05,1
ansible_6_90898132e456_lib/ansible/galaxy/collection.py__get_collection_info_1,ansible,6,90898132e456ee1993db99a1531379f1b98ee915,lib/ansible/galaxy/collection.py:_get_collection_info,lib/ansible/galaxy/collection.py,_get_collection_info,46,11,3,10,0,26,30,1,5,0,7,0.0,1.743568221638355e-05,1
ansible_6_90898132e456_test/units/modules/network/check_point/test_cp_mgmt_threat_indicator.py__run_module_0,ansible,6,90898132e456ee1993db99a1531379f1b98ee915,test/units/modules/network/check_point/test_cp_mgmt_threat_indicator.py:_run_module,test/units/modules/network/check_point/test_cp_mgmt_threat_indicator.py,_run_module,5,2,1,2,1,3,5,6,0,0,7,0.0,9.028923505700992e-05,0
ansible_6_90898132e456_lib/ansible/module_utils/cloudstack.py_query_tags_0,ansible,6,90898132e456ee1993db99a1531379f1b98ee915,lib/ansible/module_utils/cloudstack.py:query_tags,lib/ansible/module_utils/cloudstack.py,query_tags,7,1,0,3,1,2,8,1,2,0,4,0.0,1.3459424507368205e-05,0
ansible_6_90898132e456_lib/ansible/modules/network/fortios/fortios_wireless_controller_qos_profile.py_filter_wireless_controller_qos_profile_data_0,ansible,6,90898132e456ee1993db99a1531379f1b98ee915,lib/ansible/modules/network/fortios/fortios_wireless_controller_qos_profile.py:filter_wireless_controller_qos_profile_data,lib/ansible/modules/network/fortios/fortios_wireless_controller_qos_profile.py,filter_wireless_controller_qos_profile_data,14,3,2,1,1,0,6,1,0,0,2,0.0,1.8907928737335115e-05,0
ansible_6_90898132e456_test/units/modules/cloud/amazon/test_s3_bucket_notification.py_test_apply_config_0,ansible,6,90898132e456ee1993db99a1531379f1b98ee915,test/units/modules/cloud/amazon/test_s3_bucket_notification.py:test_apply_config,test/units/modules/cloud/amazon/test_s3_bucket_notification.py,test_apply_config,18,1,0,1,0,4,7,0,0,0,1,0.0,1.1589164782220116e-05,0
ansible_6_90898132e456_lib/ansible/modules/storage/netapp/na_elementsw_volume.py_get_volume_0,ansible,6,90898132e456ee1993db99a1531379f1b98ee915,lib/ansible/modules/storage/netapp/na_elementsw_volume.py:get_volume,lib/ansible/modules/storage/netapp/na_elementsw_volume.py,get_volume,13,3,2,1,2,2,6,1,0,0,2,0.0,1.4568576491607357e-05,0
ansible_6_90898132e456_lib/ansible/modules/cloud/openstack/os_user.py__get_default_project_id_0,ansible,6,90898132e456ee1993db99a1531379f1b98ee915,lib/ansible/modules/cloud/openstack/os_user.py:_get_default_project_id,lib/ansible/modules/cloud/openstack/os_user.py,_get_default_project_id,6,2,1,4,1,2,4,1,0,0,2,0.0,1.8129336827216497e-05,0
ansible_6_90898132e456_lib/ansible/modules/network/f5/bigip_firewall_dos_profile.py___init___0,ansible,6,90898132e456ee1993db99a1531379f1b98ee915,lib/ansible/modules/network/f5/bigip_firewall_dos_profile.py:__init__,lib/ansible/modules/network/f5/bigip_firewall_dos_profile.py,__init__,6,1,0,3,0,5,15,0,1,0,2,0.0,1.0935147577720478e-05,0
ansible_6_90898132e456_lib/ansible/modules/cloud/opennebula/one_image.py_get_image_info_0,ansible,6,90898132e456ee1993db99a1531379f1b98ee915,lib/ansible/modules/cloud/opennebula/one_image.py:get_image_info,lib/ansible/modules/cloud/opennebula/one_image.py,get_image_info,16,1,0,1,1,2,6,4,0,0,5,0.0,3.619266914196841e-05,0
ansible_6_90898132e456_lib/ansible/modules/network/f5/bigip_device_httpd.py_ssl_cipher_suite_list_0,ansible,6,90898132e456ee1993db99a1531379f1b98ee915,lib/ansible/modules/network/f5/bigip_device_httpd.py:ssl_cipher_suite_list,lib/ansible/modules/network/f5/bigip_device_httpd.py,ssl_cipher_suite_list,2,1,0,1,1,1,12,0,0,0,1,0.0,1.087286022491099e-05,0
ansible_7_cd146b836e03_lib/ansible/module_utils/network/eos/config/vlans/vlans.py_generate_commands_1,ansible,7,cd146b836e032df785ecd9eb711c6ef23c2228b8,lib/ansible/module_utils/network/eos/config/vlans/vlans.py:generate_commands,lib/ansible/module_utils/network/eos/config/vlans/vlans.py,generate_commands,18,6,2,3,2,8,4,4,0,0,5,0.0,6.415021989167858e-05,1
ansible_7_cd146b836e03_test/units/modules/network/netvisor/test_pn_access_list_ip.py_test_access_list_ip_remove_0,ansible,7,cd146b836e032df785ecd9eb711c6ef23c2228b8,test/units/modules/network/netvisor/test_pn_access_list_ip.py:test_access_list_ip_remove,test/units/modules/network/netvisor/test_pn_access_list_ip.py,test_access_list_ip_remove,6,1,0,1,0,3,5,0,0,0,1,0.0,1.2371900152582382e-05,0
ansible_7_cd146b836e03_lib/ansible/module_utils/network/voss/voss.py__diff_line_0,ansible,7,cd146b836e032df785ecd9eb711c6ef23c2228b8,lib/ansible/module_utils/network/voss/voss.py:_diff_line,lib/ansible/module_utils/network/voss/voss.py,_diff_line,9,5,3,2,1,4,6,0,0,0,1,0.0,1.150916780480516e-05,0
ansible_7_cd146b836e03_lib/ansible/module_utils/network/fortianalyzer/common.py_format_request_0,ansible,7,cd146b836e032df785ecd9eb711c6ef23c2228b8,lib/ansible/module_utils/network/fortianalyzer/common.py:format_request,lib/ansible/module_utils/network/fortianalyzer/common.py,format_request,30,7,3,4,1,6,1,0,0,0,1,0.0,1.1692171636151842e-05,0
ansible_8_81378b3e744c_lib/ansible/plugins/shell/powershell.py_join_path_1,ansible,8,81378b3e744cd0d13b33d18a4f8a38aeb8a6e97a,lib/ansible/plugins/shell/powershell.py:join_path,lib/ansible/plugins/shell/powershell.py,join_path,9,3,1,2,2,6,10,0,1,0,2,0.0,1.1131768549377062e-05,1
ansible_8_81378b3e744c_lib/ansible/modules/network/f5/bigip_dns_resolver.py__set_changed_options_0,ansible,8,81378b3e744cd0d13b33d18a4f8a38aeb8a6e97a,lib/ansible/modules/network/f5/bigip_dns_resolver.py:_set_changed_options,lib/ansible/modules/network/f5/bigip_dns_resolver.py,_set_changed_options,7,4,2,1,0,3,17,1,0,0,2,0.0,1.741676224543978e-05,0
ansible_8_81378b3e744c_test/units/modules/network/netvisor/test_pn_user.py_run_cli_patch_0,ansible,8,81378b3e744cd0d13b33d18a4f8a38aeb8a6e97a,test/units/modules/network/netvisor/test_pn_user.py:run_cli_patch,test/units/modules/network/netvisor/test_pn_user.py,run_cli_patch,17,4,3,4,0,4,5,0,0,0,1,0.0,1.214463943427973e-05,0
ansible_8_81378b3e744c_lib/ansible/plugins/callback/__init__.py_v2_runner_retry_0,ansible,8,81378b3e744cd0d13b33d18a4f8a38aeb8a6e97a,lib/ansible/plugins/callback/__init__.py:v2_runner_retry,lib/ansible/plugins/callback/__init__.py,v2_runner_retry,2,1,0,2,0,0,17,0,0,0,1,0.0,1.0712985395042305e-05,0
ansible_9_9276dd2007a7_lib/ansible/modules/packaging/os/redhat_subscription.py_main_1,ansible,9,9276dd2007a73172ed99ab5a56cded4298d3cd2b,lib/ansible/modules/packaging/os/redhat_subscription.py:main,lib/ansible/modules/packaging/os/redhat_subscription.py,main,160,27,5,0,0,39,10,0,11,0,12,0.0,1.0950895450500072e-05,1
ansible_9_9276dd2007a7_lib/ansible/modules/packaging/os/redhat_subscription.py_subscribe_by_pool_ids_1,ansible,9,9276dd2007a73172ed99ab5a56cded4298d3cd2b,lib/ansible/modules/packaging/os/redhat_subscription.py:subscribe_by_pool_ids,lib/ansible/modules/packaging/os/redhat_subscription.py,subscribe_by_pool_ids,15,3,2,2,1,6,10,2,1,0,4,0.0,1.6506629972293726e-05,1
ansible_9_9276dd2007a7_lib/ansible/modules/network/panos/_panos_dag_tags.py_main_0,ansible,9,9276dd2007a73172ed99ab5a56cded4298d3cd2b,lib/ansible/modules/network/panos/_panos_dag_tags.py:main,lib/ansible/modules/network/panos/_panos_dag_tags.py,main,64,11,3,0,0,31,7,0,4,0,5,0.0,1.3133505441204721e-05,0
ansible_9_9276dd2007a7_lib/ansible/plugins/callback/__init__.py__handle_exception_0,ansible,9,9276dd2007a73172ed99ab5a56cded4298d3cd2b,lib/ansible/plugins/callback/__init__.py:_handle_exception,lib/ansible/plugins/callback/__init__.py,_handle_exception,13,3,2,3,0,3,17,0,0,0,1,0.0,1.0718993138987704e-05,0
ansible_9_9276dd2007a7_lib/ansible/modules/network/illumos/dladm_vnic.py_vnic_exists_0,ansible,9,9276dd2007a73172ed99ab5a56cded4298d3cd2b,lib/ansible/modules/network/illumos/dladm_vnic.py:vnic_exists,lib/ansible/modules/network/illumos/dladm_vnic.py,vnic_exists,12,2,1,1,2,4,3,1,0,0,2,0.0,1.4770462934233208e-05,0
ansible_9_9276dd2007a7_lib/ansible/modules/network/fortios/fortios_ips_sensor.py_filter_ips_sensor_data_0,ansible,9,9276dd2007a73172ed99ab5a56cded4298d3cd2b,lib/ansible/modules/network/fortios/fortios_ips_sensor.py:filter_ips_sensor_data,lib/ansible/modules/network/fortios/fortios_ips_sensor.py,filter_ips_sensor_data,11,3,2,1,1,0,6,1,0,0,2,0.0,1.8933011987934218e-05,0
ansible_9_9276dd2007a7_lib/ansible/modules/network/cloudengine/ce_snmp_community.py_check_snmp_v3_group_args_0,ansible,9,9276dd2007a73172ed99ab5a56cded4298d3cd2b,lib/ansible/modules/network/cloudengine/ce_snmp_community.py:check_snmp_v3_group_args,lib/ansible/modules/network/cloudengine/ce_snmp_community.py,check_snmp_v3_group_args,168,50,9,2,1,45,3,1,1,0,3,0.0,1.3242635940739953e-05,0
ansible_9_9276dd2007a7_lib/ansible/modules/cloud/misc/xenserver_facts.py_get_vlans_0,ansible,9,9276dd2007a73172ed99ab5a56cded4298d3cd2b,lib/ansible/modules/cloud/misc/xenserver_facts.py:get_vlans,lib/ansible/modules/cloud/misc/xenserver_facts.py,get_vlans,3,1,0,1,1,2,4,1,1,0,3,0.0,1.3704341900312091e-05,0
black_1_26c9465a22c7_black.py_reformat_many_1,black,1,26c9465a22c732ab1e17b0dec578fa3432e9b558,black.py:reformat_many,black.py,reformat_many,25,3,1,5,0,8,42,1,2,0,4,0.0,0.000982193054772125,1
black_1_26c9465a22c7_black.py_schedule_formatting_1,black,1,26c9465a22c732ab1e17b0dec578fa3432e9b558,black.py:schedule_formatting,black.py,schedule_formatting,69,15,5,7,1,25,42,1,6,0,8,0.0,0.0013097250823906892,1
black_1_26c9465a22c7_tests/data/blackd_diff.py_abc_0,black,1,26c9465a22c732ab1e17b0dec578fa3432e9b558,tests/data/blackd_diff.py:abc,tests/data/blackd_diff.py,abc,3,1,0,0,1,0,0,0,0,0,1,0.0,0.0016359563191039117,0
black_1_26c9465a22c7_tests/test_black.py_test_root_logger_not_used_directly_0,black,1,26c9465a22c732ab1e17b0dec578fa3432e9b558,tests/test_black.py:test_root_logger_not_used_directly,tests/test_black.py,test_root_logger_not_used_directly,14,2,1,1,0,3,23,0,0,0,1,0.0,0.0008768887405868099,0
black_1_26c9465a22c7_black.py__get_key_0,black,1,26c9465a22c732ab1e17b0dec578fa3432e9b558,black.py:_get_key,black.py,_get_key,7,1,0,1,1,1,42,3,0,0,4,0.0,0.0033458318076479785,0
black_1_26c9465a22c7_tests/data/remove_parens.py_example7_0,black,1,26c9465a22c732ab1e17b0dec578fa3432e9b558,tests/data/remove_parens.py:example7,tests/data/remove_parens.py,example7,2,1,0,0,1,0,0,0,0,0,1,0.0,0.0009410692796476964,0
black_1_26c9465a22c7_black.py_is_triple_quoted_string_0,black,1,26c9465a22c732ab1e17b0dec578fa3432e9b558,black.py:is_triple_quoted_string,black.py,is_triple_quoted_string,7,1,0,1,1,2,42,0,0,0,1,0.0,0.0008752978224138366,0
black_1_26c9465a22c7_black.py___normalize_f_string_0,black,1,26c9465a22c732ab1e17b0dec578fa3432e9b558,black.py:__normalize_f_string,black.py,__normalize_f_string,26,2,1,3,2,6,42,1,1,0,3,0.0,0.0009263108355298019,0
black_10_f6643c4f0cfb_blib2to3/pgen2/driver.py__partially_consume_prefix_1,black,10,f6643c4f0cfbae1f2493fdfce46cfbae3d26f46b,blib2to3/pgen2/driver.py:_partially_consume_prefix,blib2to3/pgen2/driver.py,_partially_consume_prefix,28,8,5,3,2,5,6,1,0,0,2,0.0,0.005680195708974481,1
black_10_f6643c4f0cfb_blib2to3/pytree.py___init___0,black,10,f6643c4f0cfbae1f2493fdfce46cfbae3d26f46b,blib2to3/pytree.py:__init__,blib2to3/pytree.py,__init__,25,4,1,6,0,3,4,0,1,0,2,0.0,0.0013045336511422203,0
black_10_f6643c4f0cfb_blib2to3/pytree.py_prefix_0,black,10,f6643c4f0cfbae1f2493fdfce46cfbae3d26f46b,blib2to3/pytree.py:prefix,blib2to3/pytree.py,prefix,7,2,1,1,2,0,4,0,1,0,2,0.0,0.0013045336511422203,0
black_10_f6643c4f0cfb_tests/data/comments5.py_decorated1_0,black,10,f6643c4f0cfbae1f2493fdfce46cfbae3d26f46b,tests/data/comments5.py:decorated1,tests/data/comments5.py,decorated1,2,1,0,0,0,0,1,0,0,0,1,0.0,0.0016540698037237872,0
black_11_283a5d53a8d5_black.py_should_explode_1,black,11,283a5d53a8d57e8e186a08c9fbf249e1fbe7bc94,black.py:should_explode,black.py,should_explode,17,5,1,2,3,3,33,1,1,0,3,0.0,0.001693300833087121,1
black_11_283a5d53a8d5_black.py_split_line_1,black,11,283a5d53a8d57e8e186a08c9fbf249e1fbe7bc94,black.py:split_line,black.py,split_line,67,12,4,4,3,14,33,1,3,0,5,0.001300181752090149,0.001601234211822603,1
black_11_283a5d53a8d5_black.py_is_import_1,black,11,283a5d53a8d57e8e186a08c9fbf249e1fbe7bc94,black.py:is_import,black.py,is_import,12,1,0,1,1,1,33,0,0,0,1,0.0,0.0012960009282001216,1
black_11_283a5d53a8d5_black.py_is_split_before_delimiter_0,black,11,283a5d53a8d57e8e186a08c9fbf249e1fbe7bc94,black.py:is_split_before_delimiter,black.py,is_split_before_delimiter,94,15,2,2,14,2,33,1,1,0,3,3.824063976735732e-05,0.0019041646062293788,0
black_11_283a5d53a8d5_tests/data/class_methods_new_line.py___init___0,black,11,283a5d53a8d57e8e186a08c9fbf249e1fbe7bc94,tests/data/class_methods_new_line.py:__init__,tests/data/class_methods_new_line.py,__init__,2,1,0,1,0,0,0,0,0,0,1,0.0,0.0013360745774821782,0
black_11_283a5d53a8d5_tests/data/force_pyi.py_f_0,black,11,283a5d53a8d57e8e186a08c9fbf249e1fbe7bc94,tests/data/force_pyi.py:f,tests/data/force_pyi.py,f,1,1,0,0,0,0,0,0,0,0,1,0.0,0.0018542116236006981,0
black_11_283a5d53a8d5_blib2to3/pgen2/pgen.py_generate_grammar_0,black,11,283a5d53a8d57e8e186a08c9fbf249e1fbe7bc94,blib2to3/pgen2/pgen.py:generate_grammar,blib2to3/pgen2/pgen.py,generate_grammar,3,1,0,1,1,2,0,0,1,0,2,0.0,0.0013303807637885681,0
black_11_283a5d53a8d5_black.py_lib2to3_parse_0,black,11,283a5d53a8d57e8e186a08c9fbf249e1fbe7bc94,black.py:lib2to3_parse,black.py,lib2to3_parse,24,8,3,1,1,6,33,2,0,0,3,0.0,0.002172716773235476,0
black_11_283a5d53a8d5_black.py_can_be_split_0,black,11,283a5d53a8d57e8e186a08c9fbf249e1fbe7bc94,black.py:can_be_split,black.py,can_be_split,34,11,6,1,6,1,33,1,0,0,2,0.0,0.001462757198458791,0
black_11_283a5d53a8d5_blib2to3/pgen2/tokenize.py_detect_encoding_0,black,11,283a5d53a8d57e8e186a08c9fbf249e1fbe7bc94,blib2to3/pgen2/tokenize.py:detect_encoding,blib2to3/pgen2/tokenize.py,detect_encoding,72,16,2,1,11,15,4,0,2,0,3,0.0,0.0013497819067445729,0
black_11_283a5d53a8d5_tests/test_black.py_test_read_cache_line_lengths_0,black,11,283a5d53a8d57e8e186a08c9fbf249e1fbe7bc94,tests/test_black.py:test_read_cache_line_lengths,tests/test_black.py,test_read_cache_line_lengths,10,2,1,1,0,8,19,0,1,0,2,0.0,0.0012980778607668201,0
black_12_8b340e210271_black.py_maybe_decrement_after_lambda_arguments_1,black,12,8b340e210271a8108995fd479c55dbc0a34466bd,black.py:maybe_decrement_after_lambda_arguments,black.py,maybe_decrement_after_lambda_arguments,8,2,1,2,2,0,32,1,0,0,2,0.0,0.0019213134279936137,1
black_12_8b340e210271_black.py_maybe_decrement_after_for_loop_variable_1,black,12,8b340e210271a8108995fd479c55dbc0a34466bd,black.py:maybe_decrement_after_for_loop_variable,black.py,maybe_decrement_after_for_loop_variable,8,2,1,2,2,0,32,1,0,0,2,0.0,0.0019213134279936137,1
black_12_8b340e210271_black.py_maybe_increment_for_loop_variable_1,black,12,8b340e210271a8108995fd479c55dbc0a34466bd,black.py:maybe_increment_for_loop_variable,black.py,maybe_increment_for_loop_variable,12,2,1,2,2,0,32,1,0,0,2,0.0,0.0019213134279936137,1
black_12_8b340e210271_black.py_maybe_increment_lambda_arguments_1,black,12,8b340e210271a8108995fd479c55dbc0a34466bd,black.py:maybe_increment_lambda_arguments,black.py,maybe_increment_lambda_arguments,12,2,1,2,2,0,32,1,0,0,2,0.0,0.0019213134279936137,1
black_12_8b340e210271_black.py_whitespace_0,black,12,8b340e210271a8108995fd479c55dbc0a34466bd,black.py:whitespace,black.py,whitespace,228,74,17,2,47,7,32,1,2,0,4,0.000484844551178036,0.0032916367632947357,0
black_12_8b340e210271_blib2to3/pytree.py_post_order_0,black,12,8b340e210271a8108995fd479c55dbc0a34466bd,blib2to3/pytree.py:post_order,blib2to3/pytree.py,post_order,5,2,1,1,0,1,4,0,0,0,1,0.0,0.0013945202057816565,0
black_12_8b340e210271_blib2to3/pgen2/parse.py_addtoken_0,black,12,8b340e210271a8108995fd479c55dbc0a34466bd,blib2to3/pgen2/parse.py:addtoken,blib2to3/pgen2/parse.py,addtoken,47,10,5,4,2,7,0,0,4,0,5,0.0,0.001500985052335582,0
black_12_8b340e210271_black.py_normalize_invisible_parens_0,black,12,8b340e210271a8108995fd479c55dbc0a34466bd,black.py:normalize_invisible_parens,black.py,normalize_invisible_parens,50,12,7,2,1,27,32,1,4,0,6,0.0,0.001778966810462936,0
black_12_8b340e210271_blib2to3/pgen2/pgen.py_calcfirst_0,black,12,8b340e210271a8108995fd479c55dbc0a34466bd,blib2to3/pgen2/pgen.py:calcfirst,blib2to3/pgen2/pgen.py,calcfirst,29,8,4,2,0,6,0,1,0,0,2,0.0,0.0029859406026644447,0
black_12_8b340e210271_black.py_from_configuration_0,black,12,8b340e210271a8108995fd479c55dbc0a34466bd,black.py:from_configuration,black.py,from_configuration,11,4,1,4,1,0,32,1,0,0,2,0.0,0.0015481438658334168,0
black_12_8b340e210271_tests/data/python37.py_f_0,black,12,8b340e210271a8108995fd479c55dbc0a34466bd,tests/data/python37.py:f,tests/data/python37.py,f,2,1,0,0,1,1,0,0,0,0,1,0.0,0.0025712803802565853,0
black_12_8b340e210271_tests/data/class_methods_new_line.py___init___0,black,12,8b340e210271a8108995fd479c55dbc0a34466bd,tests/data/class_methods_new_line.py:__init__,tests/data/class_methods_new_line.py,__init__,2,1,0,1,0,0,0,0,0,0,1,0.0,0.0014187271192272707,0
black_12_8b340e210271_tests/data/fmtonoff2.py_test_fader_0,black,12,8b340e210271a8108995fd479c55dbc0a34466bd,tests/data/fmtonoff2.py:test_fader,tests/data/fmtonoff2.py,test_fader,2,1,0,1,0,0,1,0,0,0,1,0.0,0.0016675738460404182,0
black_12_8b340e210271_blib2to3/pytree.py_pre_order_0,black,12,8b340e210271a8108995fd479c55dbc0a34466bd,blib2to3/pytree.py:pre_order,blib2to3/pytree.py,pre_order,7,1,0,1,0,0,4,0,0,0,1,0.0,0.0013945202057816565,0
black_12_8b340e210271_blib2to3/pgen2/tokenize.py_any_0,black,12,8b340e210271a8108995fd479c55dbc0a34466bd,blib2to3/pgen2/tokenize.py:any,blib2to3/pgen2/tokenize.py,any,1,1,0,1,1,1,4,0,1,0,2,0.0,0.0014332795593917822,0
black_13_b719d85ccc33_blib2to3/pgen2/tokenize.py_generate_tokens_1,black,13,b719d85ccc330170e40b2617307a7e3b2a0bab14,blib2to3/pgen2/tokenize.py:generate_tokens,blib2to3/pgen2/tokenize.py,generate_tokens,226,54,12,1,0,20,4,1,0,0,2,0.0,0.0037328674336664495,1
black_13_b719d85ccc33_tests/data/class_methods_new_line.py___init___0,black,13,b719d85ccc330170e40b2617307a7e3b2a0bab14,tests/data/class_methods_new_line.py:__init__,tests/data/class_methods_new_line.py,__init__,2,1,0,1,0,0,0,0,0,0,1,0.0,0.0014281297878893382,0
black_13_b719d85ccc33_black.py_is_yield_0,black,13,b719d85ccc330170e40b2617307a7e3b2a0bab14,black.py:is_yield,black.py,is_yield,19,6,1,1,6,2,32,1,0,0,2,0.0,0.0017751024376524416,0
black_13_b719d85ccc33_blib2to3/pgen2/tokenize.py_group_0,black,13,b719d85ccc330170e40b2617307a7e3b2a0bab14,blib2to3/pgen2/tokenize.py:group,blib2to3/pgen2/tokenize.py,group,1,1,0,1,1,1,4,3,0,0,4,0.0,0.0046061638151906024,0
black_14_3bdd42389128_black.py_get_future_imports_1,black,14,3bdd42389128bbbe8b64a8e050563f09bff99979,black.py:get_future_imports,black.py,get_future_imports,33,12,7,1,1,8,32,1,0,0,2,0.0,0.0017433411491924278,1
black_14_3bdd42389128_tests/data/function.py_trailing_comma_0,black,14,3bdd42389128bbbe8b64a8e050563f09bff99979,tests/data/function.py:trailing_comma,tests/data/function.py,trailing_comma,7,1,0,0,0,0,8,0,0,0,1,0.0,0.0015149048953029052,0
black_14_3bdd42389128_black.py_visit_simple_stmt_0,black,14,3bdd42389128bbbe8b64a8e050563f09bff99979,black.py:visit_simple_stmt,black.py,visit_simple_stmt,15,4,2,2,0,8,32,0,4,0,5,0.0,0.0014116309968566637,0
black_14_3bdd42389128_tests/data/force_pyi.py_g_0,black,14,3bdd42389128bbbe8b64a8e050563f09bff99979,tests/data/force_pyi.py:g,tests/data/force_pyi.py,g,1,1,0,0,0,0,0,0,0,0,1,0.0,0.002020644757112093,0
black_15_8a8c58252cc0_black.py___init___1,black,15,8a8c58252cc023ae250d6febd24f50a8166450d4,black.py:__init__,black.py,__init__,3,1,0,2,0,2,30,0,0,0,1,0.0,0.0014081413813300627,1
black_15_8a8c58252cc0_black.py_trim_prefix_1,black,15,8a8c58252cc023ae250d6febd24f50a8166450d4,black.py:trim_prefix,black.py,trim_prefix,2,1,0,2,0,0,30,2,0,0,3,0.0,0.003183663670011212,1
black_15_8a8c58252cc0_black.py_append_1,black,15,8a8c58252cc023ae250d6febd24f50a8166450d4,black.py:append,black.py,append,19,5,2,3,0,5,30,12,7,0,20,0.006186446061446061,0.013819885789873858,1
black_15_8a8c58252cc0_black.py_maybe_increment_for_loop_variable_1,black,15,8a8c58252cc023ae250d6febd24f50a8166450d4,black.py:maybe_increment_for_loop_variable,black.py,maybe_increment_for_loop_variable,3,1,0,2,1,0,30,1,0,0,2,0.0,0.002033744516483142,1
black_15_8a8c58252cc0_black.py___str___1,black,15,8a8c58252cc023ae250d6febd24f50a8166450d4,black.py:__str__,black.py,__str__,28,8,1,1,1,6,30,0,1,0,2,0.0,0.0014081413813300627,1
black_15_8a8c58252cc0_black.py_split_line_1,black,15,8a8c58252cc023ae250d6febd24f50a8166450d4,black.py:split_line,black.py,split_line,67,12,4,4,3,15,30,1,3,0,5,0.0009324901824901824,0.0017404233999379552,1
black_15_8a8c58252cc0_black.py_visit_default_1,black,15,8a8c58252cc023ae250d6febd24f50a8166450d4,black.py:visit_default,black.py,visit_default,40,10,5,2,0,20,30,5,9,0,15,0.0012108454608454609,0.003994440926564619,1
black_15_8a8c58252cc0_black.py_hide_fmt_off_1,black,15,8a8c58252cc023ae250d6febd24f50a8166450d4,black.py:hide_fmt_off,black.py,hide_fmt_off,38,7,5,1,2,11,30,1,3,0,5,0.00047320397320397314,0.0029123049581413485,1
black_15_8a8c58252cc0_black.py_generate_ignored_nodes_1,black,15,8a8c58252cc023ae250d6febd24f50a8166450d4,black.py:generate_ignored_nodes,black.py,generate_ignored_nodes,10,4,3,1,1,2,30,1,2,0,4,4.175329175329175e-05,0.002212543737926849,1
black_15_8a8c58252cc0_black.py_leaf_from_consumed_1,black,15,8a8c58252cc023ae250d6febd24f50a8166450d4,black.py:leaf_from_consumed,black.py,leaf_from_consumed,4,1,0,2,1,1,30,1,0,0,2,0.0,0.0028452535951415205,1
black_15_8a8c58252cc0_black.py_normalize_fmt_off_1,black,15,8a8c58252cc023ae250d6febd24f50a8166450d4,black.py:normalize_fmt_off,black.py,normalize_fmt_off,11,2,1,1,0,1,30,1,1,0,3,0.0005149572649572649,0.0017404233999379552,1
black_15_8a8c58252cc0_black.py_show_1,black,15,8a8c58252cc023ae250d6febd24f50a8166450d4,black.py:show,black.py,show,7,1,0,2,0,4,30,0,2,0,3,0.0,0.0014081413813300627,1
black_15_8a8c58252cc0_black.py_maybe_remove_trailing_comma_1,black,15,8a8c58252cc023ae250d6febd24f50a8166450d4,black.py:maybe_remove_trailing_comma,black.py,maybe_remove_trailing_comma,3,1,0,2,1,0,30,1,1,0,3,0.000334026334026334,0.0028452535951415205,1
black_15_8a8c58252cc0_black.py_visit_1,black,15,8a8c58252cc023ae250d6febd24f50a8166450d4,black.py:visit,black.py,visit,11,2,1,2,0,4,30,8,1,0,10,0.0014335296835296832,0.006205697215663043,1
black_15_8a8c58252cc0_black.py_generate_comments_1,black,15,8a8c58252cc023ae250d6febd24f50a8166450d4,black.py:generate_comments,black.py,generate_comments,31,6,3,1,0,6,30,2,2,0,5,0.0006889293139293139,0.003212302162133494,1
black_15_8a8c58252cc0_black.py_line_1,black,15,8a8c58252cc023ae250d6febd24f50a8166450d4,black.py:line,black.py,line,18,3,2,3,1,2,30,10,0,0,11,0.0,0.008252810778670941,1
black_15_8a8c58252cc0_black.py_container_of_1,black,15,8a8c58252cc023ae250d6febd24f50a8166450d4,black.py:container_of,black.py,container_of,20,5,2,1,1,0,30,1,0,0,2,0.0,0.0024061673807604725,1
black_15_8a8c58252cc0_black.py_visit_unformatted_1,black,15,8a8c58252cc023ae250d6febd24f50a8166450d4,black.py:visit_unformatted,black.py,visit_unformatted,17,6,2,2,0,7,30,1,4,0,6,0.00231034881034881,0.006027678800637923,1
black_15_8a8c58252cc0_black.py_maybe_empty_lines_1,black,15,8a8c58252cc023ae250d6febd24f50a8166450d4,black.py:maybe_empty_lines,black.py,maybe_empty_lines,14,2,1,2,2,2,30,1,1,0,3,8.35065835065835e-05,0.0017404233999379552,1
black_15_8a8c58252cc0_black.py_append_comment_1,black,15,8a8c58252cc023ae250d6febd24f50a8166450d4,black.py:append_comment,black.py,append_comment,3,1,0,2,0,1,30,1,2,0,4,0.0002922730422730423,0.0028452535951415205,1
black_15_8a8c58252cc0_tests/test_black.py_test_multi_file_force_py36_0,black,15,8a8c58252cc023ae250d6febd24f50a8166450d4,tests/test_black.py:test_multi_file_force_py36,tests/test_black.py,test_multi_file_force_py36,26,7,3,1,0,17,16,0,3,0,4,0.0,0.001415247210678331,0
black_15_8a8c58252cc0_blib2to3/pytree.py_optimize_0,black,15,8a8c58252cc023ae250d6febd24f50a8166450d4,blib2to3/pytree.py:optimize,blib2to3/pytree.py,optimize,7,1,0,1,1,0,4,0,0,0,1,0.0,0.0014282912438012463,0
black_15_8a8c58252cc0_tests/data/function.py_function_signature_stress_test_0,black,15,8a8c58252cc023ae250d6febd24f50a8166450d4,tests/data/function.py:function_signature_stress_test,tests/data/function.py,function_signature_stress_test,9,1,0,5,1,0,8,0,0,0,1,0.0,0.001511643688368869,0
black_15_8a8c58252cc0_tests/test_black.py_test_assert_equivalent_different_asts_0,black,15,8a8c58252cc023ae250d6febd24f50a8166450d4,tests/test_black.py:test_assert_equivalent_different_asts,tests/test_black.py,test_assert_equivalent_different_asts,3,2,1,1,0,2,16,0,0,0,1,0.0,0.001415247210678331,0
black_15_8a8c58252cc0_tests/test_black.py_isolation_0,black,15,8a8c58252cc023ae250d6febd24f50a8166450d4,tests/test_black.py:isolation,tests/test_black.py,isolation,8,3,2,3,0,3,16,0,0,0,1,0.0,0.001415247210678331,0
black_15_8a8c58252cc0_tests/test_black.py_test_write_cache_write_fail_0,black,15,8a8c58252cc023ae250d6febd24f50a8166450d4,tests/test_black.py:test_write_cache_write_fail,tests/test_black.py,test_write_cache_write_fail,5,2,1,1,0,3,16,0,1,0,2,0.0,0.001415247210678331,0
black_15_8a8c58252cc0_black.py_get_cache_info_0,black,15,8a8c58252cc023ae250d6febd24f50a8166450d4,black.py:get_cache_info,black.py,get_cache_info,4,1,0,1,1,1,30,3,0,0,4,0.0,0.0038444672509070307,0
black_15_8a8c58252cc0_black.py_generate_trailers_to_omit_0,black,15,8a8c58252cc023ae250d6febd24f50a8166450d4,black.py:generate_trailers_to_omit,black.py,generate_trailers_to_omit,52,11,4,2,0,18,30,1,1,0,3,8.35065835065835e-05,0.0019095292402671578,0
black_15_8a8c58252cc0_blib2to3/pgen2/grammar.py_dump_0,black,15,8a8c58252cc023ae250d6febd24f50a8166450d4,blib2to3/pgen2/grammar.py:dump,blib2to3/pgen2/grammar.py,dump,4,2,1,2,0,2,2,0,0,0,1,0.0,0.0015757709826960502,0
black_15_8a8c58252cc0_tests/data/empty_lines.py_g_0,black,15,8a8c58252cc023ae250d6febd24f50a8166450d4,tests/data/empty_lines.py:g,tests/data/empty_lines.py,g,37,7,3,0,3,1,0,0,0,0,1,0.0,0.0020166461311954195,0
black_15_8a8c58252cc0_black.py_done_0,black,15,8a8c58252cc023ae250d6febd24f50a8166450d4,black.py:done,black.py,done,15,6,3,3,0,2,30,3,0,0,4,0.0,0.0025275662706151897,0
black_15_8a8c58252cc0_tests/test_black.py_test_comments_0,black,15,8a8c58252cc023ae250d6febd24f50a8166450d4,tests/test_black.py:test_comments,tests/test_black.py,test_comments,6,1,0,1,0,5,16,0,2,0,3,0.0,0.001415247210678331,0
black_15_8a8c58252cc0_tests/data/fmtonoff.py_spaces2_0,black,15,8a8c58252cc023ae250d6febd24f50a8166450d4,tests/data/fmtonoff.py:spaces2,tests/data/fmtonoff.py,spaces2,2,1,0,1,0,1,10,0,0,0,1,0.0,0.0015365820806072174,0
black_15_8a8c58252cc0_tests/test_black.py_test_expression_ff_0,black,15,8a8c58252cc023ae250d6febd24f50a8166450d4,tests/test_black.py:test_expression_ff,tests/test_black.py,test_expression_ff,13,4,2,1,0,12,16,0,2,0,3,0.0,0.001415247210678331,0
black_15_8a8c58252cc0_black.py_from_configuration_0,black,15,8a8c58252cc023ae250d6febd24f50a8166450d4,black.py:from_configuration,black.py,from_configuration,5,3,1,3,2,0,30,1,0,0,2,0.0,0.0015854876358604325,0
black_15_8a8c58252cc0_tests/test_black.py_test_read_cache_no_cachefile_0,black,15,8a8c58252cc023ae250d6febd24f50a8166450d4,tests/test_black.py:test_read_cache_no_cachefile,tests/test_black.py,test_read_cache_no_cachefile,4,2,1,1,0,3,16,0,1,0,2,0.0,0.001415247210678331,0
black_15_8a8c58252cc0_blib2to3/pytree.py_generate_matches_0,black,15,8a8c58252cc023ae250d6febd24f50a8166450d4,blib2to3/pytree.py:generate_matches,blib2to3/pytree.py,generate_matches,44,13,5,2,0,9,4,4,4,0,9,0.0,0.00955574351931473,0
black_15_8a8c58252cc0_docs/conf.py_get_version_0,black,15,8a8c58252cc023ae250d6febd24f50a8166450d4,docs/conf.py:get_version,docs/conf.py,get_version,6,2,1,0,1,8,6,0,0,0,1,0.0,0.001708033527245861,0
black_15_8a8c58252cc0_black.py_format_str_0,black,15,8a8c58252cc023ae250d6febd24f50a8166450d4,black.py:format_str,black.py,format_str,31,5,2,3,1,18,30,2,7,0,10,0.0,0.0027005066960102803,0
black_15_8a8c58252cc0_black.py_bracket_split_succeeded_or_raise_0,black,15,8a8c58252cc023ae250d6febd24f50a8166450d4,black.py:bracket_split_succeeded_or_raise,black.py,bracket_split_succeeded_or_raise,24,4,3,3,0,5,30,2,0,0,3,0.0,0.0018668626186738317,0
black_15_8a8c58252cc0_blib2to3/pgen2/driver.py__generate_pickle_name_0,black,15,8a8c58252cc023ae250d6febd24f50a8166450d4,blib2to3/pgen2/driver.py:_generate_pickle_name,blib2to3/pgen2/driver.py,_generate_pickle_name,9,3,1,2,2,5,6,2,0,0,3,0.0,0.0036134287413232234,0
black_15_8a8c58252cc0_tests/data/function.py_trailing_comma_0,black,15,8a8c58252cc023ae250d6febd24f50a8166450d4,tests/data/function.py:trailing_comma,tests/data/function.py,trailing_comma,7,1,0,0,0,0,8,0,0,0,1,0.0,0.001511643688368869,0
black_15_8a8c58252cc0_tests/data/force_pyi.py_f_0,black,15,8a8c58252cc023ae250d6febd24f50a8166450d4,tests/data/force_pyi.py:f,tests/data/force_pyi.py,f,1,1,0,0,0,0,0,0,0,0,1,0.0,0.0020166461311954195,0
black_15_8a8c58252cc0_blib2to3/pytree.py_match_0,black,15,8a8c58252cc023ae250d6febd24f50a8166450d4,blib2to3/pytree.py:match,blib2to3/pytree.py,match,5,2,1,3,2,2,4,4,2,0,7,0.0,0.00848082677821792,0
black_15_8a8c58252cc0_blib2to3/pytree.py_depth_0,black,15,8a8c58252cc023ae250d6febd24f50a8166450d4,blib2to3/pytree.py:depth,blib2to3/pytree.py,depth,4,2,1,1,2,1,4,0,0,0,1,0.0,0.0014282912438012463,0
black_15_8a8c58252cc0_black.py_is_triple_quoted_string_0,black,15,8a8c58252cc023ae250d6febd24f50a8166450d4,black.py:is_triple_quoted_string,black.py,is_triple_quoted_string,7,1,0,1,1,2,30,0,0,0,1,0.0,0.0014081413813300627,0
black_15_8a8c58252cc0_blib2to3/pytree.py_get_suffix_0,black,15,8a8c58252cc023ae250d6febd24f50a8166450d4,blib2to3/pytree.py:get_suffix,blib2to3/pytree.py,get_suffix,9,2,1,1,2,0,4,0,0,0,1,0.0,0.0014282912438012463,0
black_15_8a8c58252cc0_tests/test_black.py_test_remove_empty_parentheses_after_class_0,black,15,8a8c58252cc023ae250d6febd24f50a8166450d4,tests/test_black.py:test_remove_empty_parentheses_after_class,tests/test_black.py,test_remove_empty_parentheses_after_class,6,1,0,1,0,5,16,0,2,0,3,0.0,0.001415247210678331,0
black_15_8a8c58252cc0_black.py_visit_stmt_0,black,15,8a8c58252cc023ae250d6febd24f50a8166450d4,black.py:visit_stmt,black.py,visit_stmt,20,3,2,4,0,3,30,0,3,0,4,0.0,0.0014081413813300627,0
black_15_8a8c58252cc0_black.py_visit_async_stmt_0,black,15,8a8c58252cc023ae250d6febd24f50a8166450d4,black.py:visit_async_stmt,black.py,visit_async_stmt,14,4,2,2,0,5,30,0,2,0,3,0.0,0.0014081413813300627,0
black_15_8a8c58252cc0_tests/data/comments3.py_func_0,black,15,8a8c58252cc023ae250d6febd24f50a8166450d4,tests/data/comments3.py:func,tests/data/comments3.py,func,41,4,3,0,0,8,0,0,0,0,1,0.0,0.002633871339094537,0
black_15_8a8c58252cc0_blib2to3/pgen2/tokenize.py_untokenize_0,black,15,8a8c58252cc023ae250d6febd24f50a8166450d4,blib2to3/pgen2/tokenize.py:untokenize,blib2to3/pgen2/tokenize.py,untokenize,20,1,0,1,1,2,4,0,2,0,3,0.0,0.00146800150195176,0
black_15_8a8c58252cc0_tests/data/function.py_func_no_args_0,black,15,8a8c58252cc023ae250d6febd24f50a8166450d4,tests/data/function.py:func_no_args,tests/data/function.py,func_no_args,9,4,1,0,1,3,8,0,0,0,1,0.0,0.001511643688368869,0
black_15_8a8c58252cc0_black.py___bool___0,black,15,8a8c58252cc023ae250d6febd24f50a8166450d4,black.py:__bool__,black.py,__bool__,3,1,0,1,1,1,30,0,0,0,1,0.0,0.0014081413813300627,0
black_15_8a8c58252cc0_tests/data/empty_lines.py_f_0,black,15,8a8c58252cc023ae250d6febd24f50a8166450d4,tests/data/empty_lines.py:f,tests/data/empty_lines.py,f,46,9,4,0,4,1,0,0,0,0,1,0.0,0.0020166461311954195,0
black_15_8a8c58252cc0_tests/test_black.py_test_expression_diff_0,black,15,8a8c58252cc023ae250d6febd24f50a8166450d4,tests/test_black.py:test_expression_diff,tests/test_black.py,test_expression_diff,27,3,1,1,0,17,16,0,1,0,2,0.0,0.001415247210678331,0
black_15_8a8c58252cc0_black.py_normalize_string_quotes_0,black,15,8a8c58252cc023ae250d6febd24f50a8166450d4,black.py:normalize_string_quotes,black.py,normalize_string_quotes,65,14,3,1,6,17,30,1,1,0,3,4.175329175329175e-05,0.0017751899483220363,0
black_15_8a8c58252cc0_black.py_normalize_invisible_parens_0,black,15,8a8c58252cc023ae250d6febd24f50a8166450d4,black.py:normalize_invisible_parens,black.py,normalize_invisible_parens,46,11,7,2,1,22,30,1,4,0,6,0.0,0.0018219493085675916,0
black_15_8a8c58252cc0_tests/data/class_blank_parentheses.py_class_under_the_func_with_blank_parentheses_0,black,15,8a8c58252cc023ae250d6febd24f50a8166450d4,tests/data/class_blank_parentheses.py:class_under_the_func_with_blank_parentheses,tests/data/class_blank_parentheses.py,class_under_the_func_with_blank_parentheses,3,1,0,0,0,0,0,0,0,0,1,0.0,0.0015228659648761258,0
black_15_8a8c58252cc0_blib2to3/pgen2/tokenize.py_add_whitespace_0,black,15,8a8c58252cc023ae250d6febd24f50a8166450d4,blib2to3/pgen2/tokenize.py:add_whitespace,blib2to3/pgen2/tokenize.py,add_whitespace,6,2,1,2,0,1,4,1,0,0,2,0.0,0.002112472723081442,0
black_15_8a8c58252cc0_tests/test_black.py_test_cantfit_0,black,15,8a8c58252cc023ae250d6febd24f50a8166450d4,tests/test_black.py:test_cantfit,tests/test_black.py,test_cantfit,6,1,0,1,0,5,16,0,2,0,3,0.0,0.001415247210678331,0
black_15_8a8c58252cc0_black.py_path_ignored_0,black,15,8a8c58252cc023ae250d6febd24f50a8166450d4,black.py:path_ignored,black.py,path_ignored,3,2,1,3,0,1,30,1,0,0,2,0.0,0.00279096036221169,0
black_15_8a8c58252cc0_blib2to3/pytree.py_insert_child_0,black,15,8a8c58252cc023ae250d6febd24f50a8166450d4,blib2to3/pytree.py:insert_child,blib2to3/pytree.py,insert_child,9,1,0,3,0,3,4,0,2,0,3,0.0,0.0014282912438012463,0
black_15_8a8c58252cc0_tests/test_black.py_test_expression_0,black,15,8a8c58252cc023ae250d6febd24f50a8166450d4,tests/test_black.py:test_expression,tests/test_black.py,test_expression,6,1,0,1,0,5,16,0,2,0,3,0.0,0.001415247210678331,0
black_15_8a8c58252cc0_tests/test_black.py_test_failed_formatting_does_not_get_cached_0,black,15,8a8c58252cc023ae250d6febd24f50a8166450d4,tests/test_black.py:test_failed_formatting_does_not_get_cached,tests/test_black.py,test_failed_formatting_does_not_get_cached,16,4,2,1,0,15,16,0,2,0,3,0.0,0.001415247210678331,0
black_15_8a8c58252cc0_blib2to3/pgen2/pgen.py_dump_dfa_0,black,15,8a8c58252cc023ae250d6febd24f50a8166450d4,blib2to3/pgen2/pgen.py:dump_dfa,blib2to3/pgen2/pgen.py,dump_dfa,6,3,2,3,0,7,0,0,0,0,1,0.0,0.0014468997854423882,0
black_15_8a8c58252cc0_blib2to3/pytree.py_type_repr_0,black,15,8a8c58252cc023ae250d6febd24f50a8166450d4,blib2to3/pytree.py:type_repr,blib2to3/pytree.py,type_repr,9,4,3,1,1,3,4,1,0,0,2,0.0,0.002685759482720022,0
black_15_8a8c58252cc0_tests/data/composition.py_tricky_asserts_0,black,15,8a8c58252cc023ae250d6febd24f50a8166450d4,tests/data/composition.py:tricky_asserts,tests/data/composition.py,tricky_asserts,84,1,0,1,0,2,0,0,0,0,1,0.0,0.0016463110064559492,0
black_15_8a8c58252cc0_tests/data/comments2.py_inline_comments_in_brackets_ruin_everything_0,black,15,8a8c58252cc023ae250d6febd24f50a8166450d4,tests/data/comments2.py:inline_comments_in_brackets_ruin_everything,tests/data/comments2.py,inline_comments_in_brackets_ruin_everything,81,5,2,0,1,8,0,0,0,0,1,0.0,0.002633871339094537,0
black_15_8a8c58252cc0_tests/data/class_methods_new_line.py___init___0,black,15,8a8c58252cc023ae250d6febd24f50a8166450d4,tests/data/class_methods_new_line.py:__init__,tests/data/class_methods_new_line.py,__init__,2,1,0,1,0,0,0,0,0,0,1,0.0,0.0014530926805049213,0
black_15_8a8c58252cc0_black.py_filter_cached_0,black,15,8a8c58252cc023ae250d6febd24f50a8166450d4,black.py:filter_cached,black.py,filter_cached,14,3,2,2,1,7,30,1,1,0,3,0.0,0.0016386112114770007,0
black_15_8a8c58252cc0_blib2to3/pytree.py___init___0,black,15,8a8c58252cc023ae250d6febd24f50a8166450d4,blib2to3/pytree.py:__init__,blib2to3/pytree.py,__init__,28,5,3,4,0,6,4,0,1,0,2,0.0,0.0014282912438012463,0
black_15_8a8c58252cc0_blib2to3/pgen2/parse.py_shift_0,black,15,8a8c58252cc023ae250d6febd24f50a8166450d4,blib2to3/pgen2/parse.py:shift,blib2to3/pgen2/parse.py,shift,8,2,1,5,0,2,0,1,0,0,2,0.0,0.0018734630139412398,0
black_15_8a8c58252cc0_blib2to3/pgen2/pgen.py_raise_error_0,black,15,8a8c58252cc023ae250d6febd24f50a8166450d4,blib2to3/pgen2/pgen.py:raise_error,blib2to3/pgen2/pgen.py,raise_error,8,4,2,3,0,4,0,2,0,0,3,0.0,0.002844716750975218,0
black_15_8a8c58252cc0_tests/test_black.py_test_black_0,black,15,8a8c58252cc023ae250d6febd24f50a8166450d4,tests/test_black.py:test_black,tests/test_black.py,test_black,7,1,0,1,0,7,16,0,2,0,3,0.0,0.001415247210678331,0
black_15_8a8c58252cc0_blib2to3/pgen2/pgen.py_generate_grammar_0,black,15,8a8c58252cc023ae250d6febd24f50a8166450d4,blib2to3/pgen2/pgen.py:generate_grammar,blib2to3/pgen2/pgen.py,generate_grammar,3,1,0,1,1,2,0,0,1,0,2,0.0,0.0014468997854423882,0
black_16_fb34c9e19589_black.py_gen_python_files_in_dir_1,black,16,fb34c9e19589d05f92084a28940837151251ebd6,black.py:gen_python_files_in_dir,black.py,gen_python_files_in_dir,29,7,4,5,0,13,30,1,1,0,3,0.0,0.0016307007913324378,1
black_16_fb34c9e19589_black.py_visit_suite_0,black,16,fb34c9e19589d05f92084a28940837151251ebd6,black.py:visit_suite,black.py,visit_suite,6,2,1,2,0,3,30,0,3,0,4,0.0,0.0014485861755549612,0
black_16_fb34c9e19589_setup.py_get_long_description_0,black,16,fb34c9e19589d05f92084a28940837151251ebd6,setup.py:get_long_description,setup.py,get_long_description,4,2,1,0,1,2,5,0,0,0,1,0.0,0.00207282680819993,0
black_16_fb34c9e19589_black.py_re_compile_maybe_verbose_0,black,16,fb34c9e19589d05f92084a28940837151251ebd6,black.py:re_compile_maybe_verbose,black.py,re_compile_maybe_verbose,8,2,1,1,1,1,30,1,0,0,2,0.0,0.0016307007913324378,0
black_17_bbc09a4f013f_black.py_decode_bytes_1,black,17,bbc09a4f013f2a584f143f3f5e3f76f6082367d4,black.py:decode_bytes,black.py,decode_bytes,12,3,1,1,1,5,29,2,0,0,3,0.0,0.0025060802688505767,1
black_17_bbc09a4f013f_black.py_lib2to3_parse_1,black,17,bbc09a4f013f2a584f143f3f5e3f76f6082367d4,black.py:lib2to3_parse,black.py,lib2to3_parse,25,8,3,1,1,6,29,2,0,0,3,0.0,0.0025763441973896233,1
black_17_bbc09a4f013f_black.py_is_stub_class_0,black,17,bbc09a4f013f2a584f143f3f5e3f76f6082367d4,black.py:is_stub_class,black.py,is_stub_class,5,1,0,1,1,2,29,0,0,0,1,0.0,0.0015029301113254302,0
black_17_bbc09a4f013f_blib2to3/pytree.py__submatch_0,black,17,bbc09a4f013f2a584f143f3f5e3f76f6082367d4,blib2to3/pytree.py:_submatch,blib2to3/pytree.py,_submatch,14,1,0,3,1,0,4,1,2,0,4,0.0,0.004416735210745612,0
black_17_bbc09a4f013f_black.py_format_file_contents_0,black,17,bbc09a4f013f2a584f143f3f5e3f76f6082367d4,black.py:format_file_contents,black.py,format_file_contents,24,4,1,4,1,4,29,2,3,0,6,0.0,0.0025060802688505767,0
black_17_bbc09a4f013f_tests/class_methods_new_line.py___init___0,black,17,bbc09a4f013f2a584f143f3f5e3f76f6082367d4,tests/class_methods_new_line.py:__init__,tests/class_methods_new_line.py,__init__,2,1,0,1,0,0,0,0,0,0,1,0.0,0.0015500026957107063,0
black_17_bbc09a4f013f_black.py_read_cache_0,black,17,bbc09a4f013f2a584f143f3f5e3f76f6082367d4,black.py:read_cache,black.py,read_cache,16,5,2,2,3,4,29,2,1,0,4,0.0,0.001966486594594463,0
black_18_dbe26161fa68_black.py_format_stdin_to_stdout_1,black,18,dbe26161fa68632d608a440666a0960a32630902,black.py:format_stdin_to_stdout,black.py,format_stdin_to_stdout,28,5,3,4,2,5,27,1,2,0,4,0.0,0.0017140376247104902,1
black_18_dbe26161fa68_black.py_lib2to3_parse_1,black,18,dbe26161fa68632d608a440666a0960a32630902,black.py:lib2to3_parse,black.py,lib2to3_parse,26,9,3,1,1,6,27,2,0,0,3,0.0,0.00260363412779733,1
black_18_dbe26161fa68_black.py_format_file_in_place_1,black,18,dbe26161fa68632d608a440666a0960a32630902,black.py:format_file_in_place,black.py,format_file_in_place,39,11,4,6,2,9,27,1,2,0,4,0.0,0.0017140376247104902,1
black_18_dbe26161fa68_tests/class_methods_new_line.py___init___0,black,18,dbe26161fa68632d608a440666a0960a32630902,tests/class_methods_new_line.py:__init__,tests/class_methods_new_line.py,__init__,2,1,0,1,0,0,0,0,0,0,1,0.0,0.0015504264719072751,0
black_18_dbe26161fa68_black.py_is_line_short_enough_0,black,18,dbe26161fa68632d608a440666a0960a32630902,black.py:is_line_short_enough,black.py,is_line_short_enough,12,2,1,3,1,4,27,1,1,0,3,0.0,0.0020535037667294117,0
black_18_dbe26161fa68_black.py_from_configuration_0,black,18,dbe26161fa68632d608a440666a0960a32630902,black.py:from_configuration,black.py,from_configuration,5,3,1,3,2,0,27,1,0,0,2,0.0,0.0016925148035641891,0
black_18_dbe26161fa68_black.py_append_comment_0,black,18,dbe26161fa68632d608a440666a0960a32630902,black.py:append_comment,black.py,append_comment,21,4,1,2,4,3,27,1,2,0,4,0.00026666405038949824,0.0029257299312070956,0
black_18_dbe26161fa68_tests/function.py_long_lines_0,black,18,dbe26161fa68632d608a440666a0960a32630902,tests/function.py:long_lines,tests/function.py,long_lines,32,2,1,0,0,5,8,0,0,0,1,0.0,0.0016128392983105466,0
black_18_dbe26161fa68_tests/composition.py_easy_asserts_0,black,18,dbe26161fa68632d608a440666a0960a32630902,tests/composition.py:easy_asserts,tests/composition.py,easy_asserts,36,1,0,1,0,0,0,0,0,0,1,0.0,0.001756388799038071,0
black_18_dbe26161fa68_black.py_is_stub_class_0,black,18,dbe26161fa68632d608a440666a0960a32630902,black.py:is_stub_class,black.py,is_stub_class,5,1,0,1,1,2,27,0,0,0,1,0.0,0.0015033734056614932,0
black_18_dbe26161fa68_black.py_filter_cached_0,black,18,dbe26161fa68632d608a440666a0960a32630902,black.py:filter_cached,black.py,filter_cached,16,3,2,2,1,5,27,1,2,0,4,0.0,0.0017491483278853231,0
black_18_dbe26161fa68_black.py_contains_standalone_comments_0,black,18,dbe26161fa68632d608a440666a0960a32630902,black.py:contains_standalone_comments,black.py,contains_standalone_comments,8,4,3,2,2,0,27,3,0,0,4,0.0,0.0038040714694576525,0
black_19_337a4199f90c_black.py__maybe_empty_lines_1,black,19,337a4199f90ca48a19cf26511e0cec330b13bd4e,black.py:_maybe_empty_lines,black.py,_maybe_empty_lines,52,13,2,2,7,4,27,1,1,0,3,0.0,0.004075875046536571,1
black_19_337a4199f90c_black.py_mark_0,black,19,337a4199f90ca48a19cf26511e0cec330b13bd4e,black.py:mark,black.py,mark,39,7,3,2,1,9,27,2,6,0,9,0.0017783956858779914,0.005388194882383603,0
black_19_337a4199f90c_blib2to3/pgen2/driver.py___init___0,black,19,337a4199f90ca48a19cf26511e0cec330b13bd4e,blib2to3/pgen2/driver.py:__init__,blib2to3/pgen2/driver.py,__init__,6,2,1,4,0,1,6,0,0,0,1,0.0,0.002003449262931857,0
black_19_337a4199f90c_black.py_remove_trailing_comma_0,black,19,337a4199f90ca48a19cf26511e0cec330b13bd4e,black.py:remove_trailing_comma,black.py,remove_trailing_comma,8,3,2,1,0,4,27,1,0,0,2,0.0,0.005335507348017961,0
black_2_c8ca6b2b9ff3_black.py_generate_ignored_nodes_1,black,2,c8ca6b2b9ff3510bee12129824cebfc2fc51e5b2,black.py:generate_ignored_nodes,black.py,generate_ignored_nodes,19,6,4,1,1,2,38,1,2,0,4,0.0,0.0015743644684163565,1
black_2_c8ca6b2b9ff3_tests/data/composition.py_omitting_trailers_0,black,2,c8ca6b2b9ff3510bee12129824cebfc2fc51e5b2,tests/data/composition.py:omitting_trailers,tests/data/composition.py,omitting_trailers,13,1,0,1,0,3,0,0,0,0,1,0.0,0.0011821957372213352,0
black_2_c8ca6b2b9ff3_blib2to3/pgen2/grammar.py__update_0,black,2,c8ca6b2b9ff3510bee12129824cebfc2fc51e5b2,blib2to3/pgen2/grammar.py:_update,blib2to3/pgen2/grammar.py,_update,3,2,1,2,0,2,5,2,0,0,3,0.0,0.00312803967616,0
black_2_c8ca6b2b9ff3_blib2to3/pgen2/token.py_ISTERMINAL_0,black,2,c8ca6b2b9ff3510bee12129824cebfc2fc51e5b2,blib2to3/pgen2/token.py:ISTERMINAL,blib2to3/pgen2/token.py,ISTERMINAL,2,1,0,1,1,0,2,0,0,0,1,0.0,0.001312505350313963,0
black_20_2e52a2b3ecc0_black.py_format_file_in_place_1,black,20,2e52a2b3ecc0fe025439c3db05a4457ab14f167b,black.py:format_file_in_place,black.py,format_file_in_place,37,10,4,5,2,9,27,1,2,0,4,0.0,0.0022022842819509228,1
black_20_2e52a2b3ecc0_tests/comments2.py_inline_comments_in_brackets_ruin_everything_0,black,20,2e52a2b3ecc0fe025439c3db05a4457ab14f167b,tests/comments2.py:inline_comments_in_brackets_ruin_everything,tests/comments2.py,inline_comments_in_brackets_ruin_everything,83,5,2,0,1,8,0,0,0,0,1,0.0,0.003531997680034037,0
black_20_2e52a2b3ecc0_blib2to3/pytree.py_get_lineno_0,black,20,2e52a2b3ecc0fe025439c3db05a4457ab14f167b,blib2to3/pytree.py:get_lineno,blib2to3/pytree.py,get_lineno,8,3,2,1,2,1,4,0,0,0,1,0.0,0.0019520041128169865,0
black_20_2e52a2b3ecc0_tests/fmtonoff.py_single_literal_yapf_disable_0,black,20,2e52a2b3ecc0fe025439c3db05a4457ab14f167b,tests/fmtonoff.py:single_literal_yapf_disable,tests/fmtonoff.py,single_literal_yapf_disable,3,1,0,0,0,0,8,0,0,0,1,0.0,0.0020921463617314126,0
black_21_c071af761e15_black.py_dump_to_file_1,black,21,c071af761e1550c6e4ebab8e5af747d2d8fdd48e,black.py:dump_to_file,black.py,dump_to_file,12,4,3,1,1,3,25,2,0,0,3,0.0,0.00440581221031592,1
black_21_c071af761e15_black.py_bracket_split_succeeded_or_raise_0,black,21,c071af761e1550c6e4ebab8e5af747d2d8fdd48e,black.py:bracket_split_succeeded_or_raise,black.py,bracket_split_succeeded_or_raise,24,4,3,3,0,5,25,2,0,0,3,0.0,0.0028253845978068173,0
black_21_c071af761e15_tests/test_black.py_test_setup_0,black,21,c071af761e1550c6e4ebab8e5af747d2d8fdd48e,tests/test_black.py:test_setup,tests/test_black.py,test_setup,7,1,0,1,0,7,10,0,2,0,3,0.0,0.0021230144686173653,0
black_21_c071af761e15_tests/test_black.py_test_expression_ff_0,black,21,c071af761e1550c6e4ebab8e5af747d2d8fdd48e,tests/test_black.py:test_expression_ff,tests/test_black.py,test_expression_ff,13,4,2,1,0,12,10,0,2,0,3,0.0,0.0021230144686173653,0
black_22_728c56c986bc_black.py_maybe_remove_trailing_comma_1,black,22,728c56c986bc5aea4d9897d3fce3159f89991b8e,black.py:maybe_remove_trailing_comma,black.py,maybe_remove_trailing_comma,3,1,0,2,1,0,20,1,0,0,2,0.0,0.00392629000354023,1
black_22_728c56c986bc_black.py_is_comment_1,black,22,728c56c986bc5aea4d9897d3fce3159f89991b8e,black.py:is_comment,black.py,is_comment,3,1,0,1,1,1,20,0,0,0,1,0.0,0.0023046824801583724,1
black_22_728c56c986bc_black.py_maybe_adapt_standalone_comment_1,black,22,728c56c986bc5aea4d9897d3fce3159f89991b8e,black.py:maybe_adapt_standalone_comment,black.py,maybe_adapt_standalone_comment,3,1,0,2,1,0,20,1,2,0,4,0.00021200889547813193,0.00392629000354023,1
black_22_728c56c986bc_black.py_append_1,black,22,728c56c986bc5aea4d9897d3fce3159f89991b8e,black.py:append,black.py,append,19,5,2,3,0,5,20,10,9,0,20,0.005300222386953299,0.0170191757331671,1
black_22_728c56c986bc_black.py_last_non_delimiter_1,black,22,728c56c986bc5aea4d9897d3fce3159f89991b8e,black.py:last_non_delimiter,black.py,last_non_delimiter,8,3,2,1,1,4,20,1,1,0,3,0.0,0.007011154816187542,1
black_22_728c56c986bc_black.py_left_hand_split_1,black,22,728c56c986bc5aea4d9897d3fce3159f89991b8e,black.py:left_hand_split,black.py,left_hand_split,42,12,3,2,0,10,20,0,3,0,4,0.0,0.0023046824801583724,1
black_22_728c56c986bc_black.py_maybe_increment_for_loop_variable_1,black,22,728c56c986bc5aea4d9897d3fce3159f89991b8e,black.py:maybe_increment_for_loop_variable,black.py,maybe_increment_for_loop_variable,3,1,0,2,1,0,20,1,0,0,2,0.0,0.00392629000354023,1
black_22_728c56c986bc_black.py_right_hand_split_1,black,22,728c56c986bc5aea4d9897d3fce3159f89991b8e,black.py:right_hand_split,black.py,right_hand_split,38,13,3,2,0,14,20,0,3,0,4,0.0,0.0023046824801583724,1
black_22_728c56c986bc_black.py___str___1,black,22,728c56c986bc5aea4d9897d3fce3159f89991b8e,black.py:__str__,black.py,__str__,28,8,1,1,1,6,20,0,1,0,2,0.0,0.0023046824801583724,1
black_22_728c56c986bc_black.py_split_line_1,black,22,728c56c986bc5aea4d9897d3fce3159f89991b8e,black.py:split_line,black.py,split_line,54,11,4,4,2,11,20,1,1,0,3,0.0,0.003264212690637608,1
black_22_728c56c986bc_black.py_delimiter_split_1,black,22,728c56c986bc5aea4d9897d3fce3159f89991b8e,black.py:delimiter_split,black.py,delimiter_split,50,11,2,2,0,17,20,0,3,0,4,0.0,0.0023046824801583724,1
black_22_728c56c986bc_black.py_append_comment_1,black,22,728c56c986bc5aea4d9897d3fce3159f89991b8e,black.py:append_comment,black.py,append_comment,3,1,0,2,0,1,20,2,1,0,4,0.00042401779095626387,0.005561321721851395,1
black_22_728c56c986bc_tests/function.py_function_signature_stress_test_0,black,22,728c56c986bc5aea4d9897d3fce3159f89991b8e,tests/function.py:function_signature_stress_test,tests/function.py,function_signature_stress_test,9,1,0,5,1,0,8,0,0,0,1,0.0,0.0025232932114957083,0
black_22_728c56c986bc_blib2to3/pytree.py_generate_matches_0,black,22,728c56c986bc5aea4d9897d3fce3159f89991b8e,blib2to3/pytree.py:generate_matches,blib2to3/pytree.py,generate_matches,26,5,4,2,0,4,4,4,4,0,9,0.0007773659500864838,0.016087859747209506,0
black_22_728c56c986bc_tests/test_black.py_test_debug_visitor_0,black,22,728c56c986bc5aea4d9897d3fce3159f89991b8e,tests/test_black.py:test_debug_visitor,tests/test_black.py,test_debug_visitor,23,3,1,1,0,10,10,0,1,0,2,0.0,0.002364866689707785,0
black_22_728c56c986bc_tests/comments2.py_inline_comments_in_brackets_ruin_everything_0,black,22,728c56c986bc5aea4d9897d3fce3159f89991b8e,tests/comments2.py:inline_comments_in_brackets_ruin_everything,tests/comments2.py,inline_comments_in_brackets_ruin_everything,83,5,2,0,1,8,0,0,0,0,1,0.0,0.004223737878686084,0
black_22_728c56c986bc_blib2to3/pytree.py_pre_order_0,black,22,728c56c986bc5aea4d9897d3fce3159f89991b8e,blib2to3/pytree.py:pre_order,blib2to3/pytree.py,pre_order,3,1,0,1,0,0,4,0,0,0,1,0.0,0.0023282920880172116,0
black_22_728c56c986bc_black.py_normalize_prefix_0,black,22,728c56c986bc5aea4d9897d3fce3159f89991b8e,black.py:normalize_prefix,black.py,normalize_prefix,16,4,3,2,1,3,20,4,0,0,5,0.0,0.004920344966676454,0
black_22_728c56c986bc_black.py_is_python36_0,black,22,728c56c986bc5aea4d9897d3fce3159f89991b8e,black.py:is_python36,black.py,is_python36,23,7,5,1,3,1,20,1,0,0,2,0.0,0.003264212690637608,0
black_22_728c56c986bc_tests/fmtonoff.py_spaces_types_0,black,22,728c56c986bc5aea4d9897d3fce3159f89991b8e,tests/fmtonoff.py:spaces_types,tests/fmtonoff.py,spaces_types,1,2,0,9,0,0,8,0,0,0,1,0.0,0.0025232932114957083,0
black_22_728c56c986bc_blib2to3/pgen2/pgen.py___eq___0,black,22,728c56c986bc5aea4d9897d3fce3159f89991b8e,blib2to3/pgen2/pgen.py:__eq__,blib2to3/pgen2/pgen.py,__eq__,13,5,2,2,4,5,0,0,0,0,1,0.0,0.0023551173652900667,0
black_22_728c56c986bc_tests/fmtonoff.py_func_no_args_0,black,22,728c56c986bc5aea4d9897d3fce3159f89991b8e,tests/fmtonoff.py:func_no_args,tests/fmtonoff.py,func_no_args,9,4,1,0,1,3,8,0,0,0,1,0.0,0.0025232932114957083,0
black_22_728c56c986bc_tests/debug_visitor.py_visit_default_0,black,22,728c56c986bc5aea4d9897d3fce3159f89991b8e,tests/debug_visitor.py:visit_default,tests/debug_visitor.py,visit_default,19,4,2,2,0,10,0,0,0,0,1,0.0,0.002928160989398179,0
black_22_728c56c986bc_tests/function.py_long_lines_0,black,22,728c56c986bc5aea4d9897d3fce3159f89991b8e,tests/function.py:long_lines,tests/function.py,long_lines,26,2,1,0,0,3,8,0,0,0,1,0.0,0.0025232932114957083,0
black_22_728c56c986bc_black.py__maybe_empty_lines_0,black,22,728c56c986bc5aea4d9897d3fce3159f89991b8e,black.py:_maybe_empty_lines,black.py,_maybe_empty_lines,52,13,2,2,7,4,20,1,1,0,3,0.0,0.005087737180116757,0
black_22_728c56c986bc_black.py_gen_python_files_in_dir_0,black,22,728c56c986bc5aea4d9897d3fce3159f89991b8e,black.py:gen_python_files_in_dir,black.py,gen_python_files_in_dir,13,5,3,1,0,3,20,1,0,0,2,0.0,0.002585354090698718,0
black_22_728c56c986bc_black.py_mark_0,black,22,728c56c986bc5aea4d9897d3fce3159f89991b8e,black.py:mark,black.py,mark,54,11,7,2,1,7,20,1,1,0,3,0.00042401779095626387,0.00392629000354023,0
black_22_728c56c986bc_blib2to3/pytree.py_optimize_0,black,22,728c56c986bc5aea4d9897d3fce3159f89991b8e,blib2to3/pytree.py:optimize,blib2to3/pytree.py,optimize,7,1,0,1,1,0,4,0,0,0,1,0.0,0.0023282920880172116,0
black_22_728c56c986bc_blib2to3/pgen2/tokenize.py_group_0,black,22,728c56c986bc5aea4d9897d3fce3159f89991b8e,blib2to3/pgen2/tokenize.py:group,blib2to3/pgen2/tokenize.py,group,1,1,0,1,1,1,5,3,0,0,4,0.0,0.007504610900121412,0
black_22_728c56c986bc_blib2to3/pytree.py_prefix_0,black,22,728c56c986bc5aea4d9897d3fce3159f89991b8e,blib2to3/pytree.py:prefix,blib2to3/pytree.py,prefix,3,2,1,2,0,0,4,0,1,0,2,0.0,0.0023282920880172116,0
black_22_728c56c986bc_tests/comments.py_function_0,black,22,728c56c986bc5aea4d9897d3fce3159f89991b8e,tests/comments.py:function,tests/comments.py,function,16,2,1,1,2,3,7,0,0,0,1,0.0,0.002766213878237191,0
black_22_728c56c986bc_tests/test_black.py_test_import_spacing_0,black,22,728c56c986bc5aea4d9897d3fce3159f89991b8e,tests/test_black.py:test_import_spacing,tests/test_black.py,test_import_spacing,6,1,0,1,0,5,10,0,2,0,3,0.0,0.002364866689707785,0
black_22_728c56c986bc_tests/test_black.py_test_expression_0,black,22,728c56c986bc5aea4d9897d3fce3159f89991b8e,tests/test_black.py:test_expression,tests/test_black.py,test_expression,6,1,0,1,0,5,10,0,2,0,3,0.0,0.002364866689707785,0
black_22_728c56c986bc_blib2to3/pytree.py___eq___0,black,22,728c56c986bc5aea4d9897d3fce3159f89991b8e,blib2to3/pytree.py:__eq__,blib2to3/pytree.py,__eq__,9,2,1,2,2,1,4,0,1,0,2,0.0,0.0023282920880172116,0
black_22_728c56c986bc_tests/test_black.py_test_composition_0,black,22,728c56c986bc5aea4d9897d3fce3159f89991b8e,tests/test_black.py:test_composition,tests/test_black.py,test_composition,6,1,0,1,0,5,10,0,2,0,3,0.0,0.002364866689707785,0
black_22_728c56c986bc_tests/test_black.py_test_empty_lines_0,black,22,728c56c986bc5aea4d9897d3fce3159f89991b8e,tests/test_black.py:test_empty_lines,tests/test_black.py,test_empty_lines,6,1,0,1,0,5,10,0,2,0,3,0.0,0.002364866689707785,0
black_22_728c56c986bc_blib2to3/pgen2/driver.py__newer_0,black,22,728c56c986bc5aea4d9897d3fce3159f89991b8e,blib2to3/pgen2/driver.py:_newer,blib2to3/pgen2/driver.py,_newer,7,3,1,2,3,4,6,1,0,0,2,0.0,0.004855101142372632,0
black_22_728c56c986bc_blib2to3/pytree.py_match_0,black,22,728c56c986bc5aea4d9897d3fce3159f89991b8e,blib2to3/pytree.py:match,blib2to3/pytree.py,match,3,1,0,3,1,1,4,4,2,0,7,0.00028267852730417593,0.01549323786421157,0
black_22_728c56c986bc_black.py_visit_async_stmt_0,black,22,728c56c986bc5aea4d9897d3fce3159f89991b8e,black.py:visit_async_stmt,black.py,visit_async_stmt,14,4,2,2,0,5,20,0,2,0,3,0.0,0.0023046824801583724,0
black_22_728c56c986bc_black.py_bracket_split_succeeded_or_raise_0,black,22,728c56c986bc5aea4d9897d3fce3159f89991b8e,black.py:bracket_split_succeeded_or_raise,black.py,bracket_split_succeeded_or_raise,24,4,3,3,0,5,20,2,0,0,3,0.0,0.0036144833293466506,0
black_22_728c56c986bc_blib2to3/pytree.py_remove_0,black,22,728c56c986bc5aea4d9897d3fce3159f89991b8e,blib2to3/pytree.py:remove,blib2to3/pytree.py,remove,12,4,3,1,1,2,4,0,1,0,2,0.0,0.0023282920880172116,0
black_22_728c56c986bc_blib2to3/pytree.py__bare_name_matches_0,black,22,728c56c986bc5aea4d9897d3fce3159f89991b8e,blib2to3/pytree.py:_bare_name_matches,blib2to3/pytree.py,_bare_name_matches,15,4,3,2,1,2,4,1,1,0,3,0.0,0.005690748546931309,0
black_22_728c56c986bc_tests/fmtonoff.py_long_lines_0,black,22,728c56c986bc5aea4d9897d3fce3159f89991b8e,tests/fmtonoff.py:long_lines,tests/fmtonoff.py,long_lines,26,2,1,0,0,3,8,0,0,0,1,0.0,0.0025232932114957083,0
black_22_728c56c986bc_black.py_is_import_0,black,22,728c56c986bc5aea4d9897d3fce3159f89991b8e,black.py:is_import,black.py,is_import,3,1,0,1,1,2,20,0,0,0,1,0.0,0.0023046824801583724,0
black_22_728c56c986bc_tests/comments.py_wat_0,black,22,728c56c986bc5aea4d9897d3fce3159f89991b8e,tests/comments.py:wat,tests/comments.py,wat,8,3,1,0,0,4,7,0,0,0,1,0.0,0.002766213878237191,0
black_23_8de552eb4f0f_black.py_assert_equivalent_1,black,23,8de552eb4f0fbf1ad84812cde71489cc00d3ed1f,black.py:assert_equivalent,black.py,assert_equivalent,59,13,4,2,0,21,20,1,2,0,4,7.999747043571745e-05,0.004776079941303091,1
black_23_8de552eb4f0f_black.py_whitespace_1,black,23,8de552eb4f0fbf1ad84812cde71489cc00d3ed1f,black.py:whitespace,black.py,whitespace,221,73,17,1,47,6,20,1,1,0,3,0.00039998735217858727,0.004633534170204854,1
black_23_8de552eb4f0f_black.py_lib2to3_parse_1,black,23,8de552eb4f0fbf1ad84812cde71489cc00d3ed1f,black.py:lib2to3_parse,black.py,lib2to3_parse,21,8,2,1,1,6,20,1,0,0,2,0.0,0.003670895513610483,1
black_23_8de552eb4f0f_tests/function.py_func_no_args_0,black,23,8de552eb4f0fbf1ad84812cde71489cc00d3ed1f,tests/function.py:func_no_args,tests/function.py,func_no_args,14,4,1,0,1,2,8,0,0,0,1,0.0,0.002874883138968329,0
black_23_8de552eb4f0f_tests/function.py_long_lines_0,black,23,8de552eb4f0fbf1ad84812cde71489cc00d3ed1f,tests/function.py:long_lines,tests/function.py,long_lines,26,2,1,0,0,3,8,0,0,0,1,0.0,0.002874883138968329,0
black_23_8de552eb4f0f_blib2to3/pgen2/driver.py_load_grammar_0,black,23,8de552eb4f0fbf1ad84812cde71489cc00d3ed1f,blib2to3/pgen2/driver.py:load_grammar,blib2to3/pgen2/driver.py,load_grammar,19,7,3,5,1,10,6,2,2,0,5,0.0,0.006260601970745757,0
black_23_8de552eb4f0f_black.py_append_comment_0,black,23,8de552eb4f0fbf1ad84812cde71489cc00d3ed1f,black.py:append_comment,black.py,append_comment,17,5,2,2,3,3,20,2,1,0,4,0.00039998735217858727,0.006620566234529806,0
black_23_8de552eb4f0f_black.py_max_priority_0,black,23,8de552eb4f0fbf1ad84812cde71489cc00d3ed1f,black.py:max_priority,black.py,max_priority,6,1,0,2,1,2,20,1,0,0,2,0.0,0.0033306393563547376,0
black_23_8de552eb4f0f_blib2to3/pgen2/pgen.py_addfirstsets_0,black,23,8de552eb4f0fbf1ad84812cde71489cc00d3ed1f,blib2to3/pgen2/pgen.py:addfirstsets,blib2to3/pgen2/pgen.py,addfirstsets,6,3,2,1,0,4,0,1,1,0,3,7.999747043571745e-05,0.0033994472190735227,0
black_23_8de552eb4f0f_blib2to3/pgen2/driver.py_parse_string_0,black,23,8de552eb4f0fbf1ad84812cde71489cc00d3ed1f,blib2to3/pgen2/driver.py:parse_string,blib2to3/pgen2/driver.py,parse_string,4,1,0,3,1,3,6,0,1,0,2,0.0,0.002744899608949666,0
black_23_8de552eb4f0f_tests/function.py_coroutine_0,black,23,8de552eb4f0fbf1ad84812cde71489cc00d3ed1f,tests/function.py:coroutine,tests/function.py,coroutine,5,2,1,1,0,3,8,0,0,0,1,0.0,0.002874883138968329,0
black_23_8de552eb4f0f_black.py_format_stdin_to_stdout_0,black,23,8de552eb4f0fbf1ad84812cde71489cc00d3ed1f,black.py:format_stdin_to_stdout,black.py,format_stdin_to_stdout,15,4,2,3,2,3,20,1,1,0,3,0.0004799848226143047,0.0029095485088530782,0
black_4_65ea568e3301_black.py_maybe_empty_lines_1,black,4,65ea568e3301951f26e0e3b98f6d5dc80132e917,black.py:maybe_empty_lines,black.py,maybe_empty_lines,11,1,0,2,1,1,34,1,1,0,3,6.908421864799098e-05,0.0013785768858887715,1
black_4_65ea568e3301_black.py_maybe_make_parens_invisible_in_atom_0,black,4,65ea568e3301951f26e0e3b98f6d5dc80132e917,black.py:maybe_make_parens_invisible_in_atom,black.py,maybe_make_parens_invisible_in_atom,25,3,1,2,3,5,34,1,4,0,6,0.0,0.0014066886156718786,0
black_4_65ea568e3301_blib2to3/pgen2/parse.py___init___0,black,4,65ea568e3301951f26e0e3b98f6d5dc80132e917,blib2to3/pgen2/parse.py:__init__,blib2to3/pgen2/parse.py,__init__,7,1,0,5,0,1,0,0,0,0,1,0.0,0.0012561259620879005,0
black_4_65ea568e3301_blib2to3/pytree.py___unicode___0,black,4,65ea568e3301951f26e0e3b98f6d5dc80132e917,blib2to3/pytree.py:__unicode__,blib2to3/pytree.py,__unicode__,7,1,0,1,1,2,4,0,0,0,1,0.0,0.001166452545542108,0
black_5_1bbb01b854d1_black.py_bracket_split_build_line_1,black,5,1bbb01b854d168d76ebe4bf78961c2152ae075d9,black.py:bracket_split_build_line,black.py,bracket_split_build_line,34,10,6,4,1,10,33,2,4,0,7,8.960516227958088e-05,0.0017064152781471622,1
black_5_1bbb01b854d1_black.py_maybe_remove_trailing_comma_1,black,5,1bbb01b854d168d76ebe4bf78961c2152ae075d9,black.py:maybe_remove_trailing_comma,black.py,maybe_remove_trailing_comma,53,13,3,2,7,5,33,1,1,0,3,0.0002508944543828265,0.003596381762633689,1
black_5_1bbb01b854d1_tests/data/class_methods_new_line.py___init___0,black,5,1bbb01b854d168d76ebe4bf78961c2152ae075d9,tests/data/class_methods_new_line.py:__init__,tests/data/class_methods_new_line.py,__init__,2,1,0,1,0,0,0,0,0,0,1,0.0,0.00124473211269767,0
black_5_1bbb01b854d1_tests/data/fmtonoff.py_off_and_on_without_data_0,black,5,1bbb01b854d168d76ebe4bf78961c2152ae075d9,tests/data/fmtonoff.py:off_and_on_without_data,tests/data/fmtonoff.py,off_and_on_without_data,11,1,0,0,0,0,12,0,0,0,1,0.0,0.001269274637592336,0
black_5_1bbb01b854d1_tests/data/fmtonoff.py_subscriptlist_0,black,5,1bbb01b854d168d76ebe4bf78961c2152ae075d9,tests/data/fmtonoff.py:subscriptlist,tests/data/fmtonoff.py,subscriptlist,9,1,0,0,0,0,12,0,0,0,1,0.0,0.001269274637592336,0
black_5_1bbb01b854d1_blib2to3/pgen2/driver.py_parse_stream_0,black,5,1bbb01b854d168d76ebe4bf78961c2152ae075d9,blib2to3/pgen2/driver.py:parse_stream,blib2to3/pgen2/driver.py,parse_stream,3,1,0,3,1,1,6,1,1,0,3,0.0,0.0024027702081955,0
black_5_1bbb01b854d1_black.py_visit_async_stmt_0,black,5,1bbb01b854d168d76ebe4bf78961c2152ae075d9,black.py:visit_async_stmt,black.py,visit_async_stmt,14,4,2,2,0,5,33,0,2,0,3,0.0,0.0012063711398547848,0
black_6_8c8adedc2a74_blib2to3/pgen2/tokenize.py_generate_tokens_1,black,6,8c8adedc2a74a494c24f93e405b6418ac32f54cd,blib2to3/pgen2/tokenize.py:generate_tokens,blib2to3/pgen2/tokenize.py,generate_tokens,227,55,12,1,0,20,4,1,0,0,2,0.0,0.0032996516252734986,1
black_6_8c8adedc2a74_black.py_get_grammars_1,black,6,8c8adedc2a74a494c24f93e405b6418ac32f54cd,black.py:get_grammars,black.py,get_grammars,14,3,2,1,3,2,34,1,1,0,3,3.623164752808768e-05,0.0029455631221500444,1
black_6_8c8adedc2a74_blib2to3/pgen2/driver.py___init___1,black,6,8c8adedc2a74a494c24f93e405b6418ac32f54cd,blib2to3/pgen2/driver.py:__init__,blib2to3/pgen2/driver.py,__init__,6,2,1,4,0,1,6,0,0,0,1,0.0,0.0012971437549036912,1
black_6_8c8adedc2a74_blib2to3/pgen2/driver.py_parse_string_1,black,6,8c8adedc2a74a494c24f93e405b6418ac32f54cd,blib2to3/pgen2/driver.py:parse_string,blib2to3/pgen2/driver.py,parse_string,4,1,0,3,1,3,6,0,1,0,2,0.0,0.0012971437549036912,1
black_6_8c8adedc2a74_blib2to3/pgen2/driver.py_parse_stream_raw_1,black,6,8c8adedc2a74a494c24f93e405b6418ac32f54cd,blib2to3/pgen2/driver.py:parse_stream_raw,blib2to3/pgen2/driver.py,parse_stream_raw,4,1,0,3,1,2,6,1,1,0,3,7.246329505617536e-05,0.003364256508977811,1
black_6_8c8adedc2a74_black.py_lib2to3_parse_1,black,6,8c8adedc2a74a494c24f93e405b6418ac32f54cd,black.py:lib2to3_parse,black.py,lib2to3_parse,25,8,3,2,1,8,34,2,1,0,4,7.246329505617536e-05,0.002038701016714891,1
black_6_8c8adedc2a74_blib2to3/pytree.py_prefix_0,black,6,8c8adedc2a74a494c24f93e405b6418ac32f54cd,blib2to3/pytree.py:prefix,blib2to3/pytree.py,prefix,7,2,1,1,2,0,4,0,1,0,2,0.0,0.0012397792416520216,0
black_6_8c8adedc2a74_tests/test_black.py_test_blackd_invalid_line_length_0,black,6,8c8adedc2a74a494c24f93e405b6418ac32f54cd,tests/test_black.py:test_blackd_invalid_line_length,tests/test_black.py,test_blackd_invalid_line_length,9,2,1,1,0,5,21,0,0,0,1,0.0,0.0012246254582026692,0
black_6_8c8adedc2a74_black.py_get_cache_key_0,black,6,8c8adedc2a74a494c24f93e405b6418ac32f54cd,black.py:get_cache_key,black.py,get_cache_key,15,2,1,1,1,9,34,1,0,0,2,0.0,0.004093205381709531,0
black_6_8c8adedc2a74_tests/data/class_blank_parentheses.py_func_for_testing_0,black,6,8c8adedc2a74a494c24f93e405b6418ac32f54cd,tests/data/class_blank_parentheses.py:func_for_testing,tests/data/class_blank_parentheses.py,func_for_testing,3,1,0,3,1,0,0,0,0,0,1,0.0,0.0013218763108311978,0
black_6_8c8adedc2a74_blib2to3/pgen2/tokenize.py__combinations_0,black,6,8c8adedc2a74a494c24f93e405b6418ac32f54cd,blib2to3/pgen2/tokenize.py:_combinations,blib2to3/pgen2/tokenize.py,_combinations,4,1,0,1,1,3,4,0,0,0,1,0.0,0.0012742432401560001,0
black_6_8c8adedc2a74_tests/data/fmtonoff.py_coroutine_0,black,6,8c8adedc2a74a494c24f93e405b6418ac32f54cd,tests/data/fmtonoff.py:coroutine,tests/data/fmtonoff.py,coroutine,5,2,1,2,0,3,12,0,0,0,1,0.0,0.0012861515078247995,0
black_6_8c8adedc2a74_tests/test_black.py_isolation_0,black,6,8c8adedc2a74a494c24f93e405b6418ac32f54cd,tests/test_black.py:isolation,tests/test_black.py,isolation,10,3,2,3,0,5,21,0,0,0,1,0.0,0.0012246254582026692,0
black_6_8c8adedc2a74_tests/data/comments2.py_inline_comments_in_brackets_ruin_everything_0,black,6,8c8adedc2a74a494c24f93e405b6418ac32f54cd,tests/data/comments2.py:inline_comments_in_brackets_ruin_everything,tests/data/comments2.py,inline_comments_in_brackets_ruin_everything,87,5,2,0,1,8,4,0,0,0,1,0.0,0.0022864459920039493,0
black_6_8c8adedc2a74_tests/data/fmtonoff2.py_test_calculate_fades_0,black,6,8c8adedc2a74a494c24f93e405b6418ac32f54cd,tests/data/fmtonoff2.py:test_calculate_fades,tests/data/fmtonoff2.py,test_calculate_fades,6,1,0,0,0,0,1,0,0,0,1,0.0,0.0014826379243599896,0
black_6_8c8adedc2a74_blib2to3/pytree.py_depth_0,black,6,8c8adedc2a74a494c24f93e405b6418ac32f54cd,blib2to3/pytree.py:depth,blib2to3/pytree.py,depth,4,2,1,1,2,1,4,0,0,0,1,0.0,0.0012397792416520216,0
black_6_8c8adedc2a74_blib2to3/pytree.py__submatch_0,black,6,8c8adedc2a74a494c24f93e405b6418ac32f54cd,blib2to3/pytree.py:_submatch,blib2to3/pytree.py,_submatch,14,1,0,3,1,0,4,1,2,0,4,0.0,0.0035952987804463953,0
black_6_8c8adedc2a74_tests/test_black.py_test_function2_0,black,6,8c8adedc2a74a494c24f93e405b6418ac32f54cd,tests/test_black.py:test_function2,tests/test_black.py,test_function2,6,1,0,1,0,6,21,0,2,0,3,0.0,0.0012246254582026692,0
black_6_8c8adedc2a74_blib2to3/pgen2/driver.py_main_0,black,6,8c8adedc2a74a494c24f93e405b6418ac32f54cd,blib2to3/pgen2/driver.py:main,blib2to3/pgen2/driver.py,main,12,3,1,1,1,2,6,0,1,0,2,0.0,0.0012971437549036912,0
black_6_8c8adedc2a74_black.py_visit_decorators_0,black,6,8c8adedc2a74a494c24f93e405b6418ac32f54cd,black.py:visit_decorators,black.py,visit_decorators,5,2,1,2,0,2,34,0,2,0,3,0.0,0.0012225056781065388,0
black_6_8c8adedc2a74_black.py_visit_STANDALONE_COMMENT_0,black,6,8c8adedc2a74a494c24f93e405b6418ac32f54cd,black.py:visit_STANDALONE_COMMENT,black.py,visit_STANDALONE_COMMENT,4,2,1,2,0,3,34,0,3,0,4,0.0,0.0012225056781065388,0
black_6_8c8adedc2a74_tests/test_black.py_test_empty_lines_0,black,6,8c8adedc2a74a494c24f93e405b6418ac32f54cd,tests/test_black.py:test_empty_lines,tests/test_black.py,test_empty_lines,6,1,0,1,0,6,21,0,2,0,3,0.0,0.0012246254582026692,0
black_6_8c8adedc2a74_black.py_visit_async_stmt_0,black,6,8c8adedc2a74a494c24f93e405b6418ac32f54cd,black.py:visit_async_stmt,black.py,visit_async_stmt,14,4,2,2,0,5,34,0,2,0,3,0.0,0.0012225056781065388,0
black_6_8c8adedc2a74_black.py_line_0,black,6,8c8adedc2a74a494c24f93e405b6418ac32f54cd,black.py:line,black.py,line,15,2,1,2,1,1,34,10,0,0,11,0.0,0.006333814500055194,0
black_7_18119d384666_black.py_normalize_invisible_parens_1,black,7,18119d38466652ae818436cb497f601294ed4558,black.py:normalize_invisible_parens,black.py,normalize_invisible_parens,50,12,7,2,1,27,34,1,4,0,6,0.0,0.0016048464920867765,1
black_7_18119d384666_tests/data/fmtonoff.py_off_and_on_without_data_0,black,7,18119d38466652ae818436cb497f601294ed4558,tests/data/fmtonoff.py:off_and_on_without_data,tests/data/fmtonoff.py,off_and_on_without_data,11,1,0,0,0,0,12,0,0,0,1,0.0,0.0013047379430364391,0
black_7_18119d384666_tests/data/function.py_func_no_args_0,black,7,18119d38466652ae818436cb497f601294ed4558,tests/data/function.py:func_no_args,tests/data/function.py,func_no_args,13,4,1,0,1,3,8,0,0,0,1,0.0,0.001331086350856335,0
black_7_18119d384666_blib2to3/pytree.py___repr___0,black,7,18119d38466652ae818436cb497f601294ed4558,blib2to3/pytree.py:__repr__,blib2to3/pytree.py,__repr__,5,1,0,1,1,1,4,0,1,0,2,0.0,0.0012577133265601773,0
black_8_e6ddb68c7862_black.py_bracket_split_build_line_1,black,8,e6ddb68c786256e1cb0c76b42d10c212ef34cb2a,black.py:bracket_split_build_line,black.py,bracket_split_build_line,27,8,4,4,1,8,34,2,4,0,7,9.208041014570967e-05,0.0017605149999558884,1
black_8_e6ddb68c7862_black.py_visit_simple_stmt_0,black,8,e6ddb68c786256e1cb0c76b42d10c212ef34cb2a,black.py:visit_simple_stmt,black.py,visit_simple_stmt,15,4,2,2,0,8,34,0,4,0,5,0.0,0.001244741727967354,0
black_8_e6ddb68c7862_tests/data/function.py_long_lines_0,black,8,e6ddb68c786256e1cb0c76b42d10c212ef34cb2a,tests/data/function.py:long_lines,tests/data/function.py,long_lines,41,2,1,0,0,5,8,0,0,0,1,0.0,0.0013358370456641757,0
black_8_e6ddb68c7862_black.py_is_type_comment_0,black,8,e6ddb68c786256e1cb0c76b42d10c212ef34cb2a,black.py:is_type_comment,black.py,is_type_comment,6,1,0,1,1,1,34,1,0,0,2,0.0,0.0025945712888096576,0
black_9_026c81b83454_black.py_get_grammars_1,black,9,026c81b83454f176a9f9253cbfb70be2c159d822,black.py:get_grammars,black.py,get_grammars,11,3,2,1,3,2,34,1,1,0,3,3.703678441590331e-05,0.002993547281878787,1
black_9_026c81b83454_blib2to3/pytree.py_generate_matches_0,black,9,026c81b83454f176a9f9253cbfb70be2c159d822,blib2to3/pytree.py:generate_matches,blib2to3/pytree.py,generate_matches,9,2,1,2,0,1,4,4,4,0,9,7.407356883180662e-05,0.008477844676632111,0
black_9_026c81b83454_black.py_generate_comments_0,black,9,026c81b83454f176a9f9253cbfb70be2c159d822,black.py:generate_comments,black.py,generate_comments,21,2,1,1,0,2,34,1,1,0,3,0.0,0.0016077783936758738,0
black_9_026c81b83454_black.py_is_split_before_delimiter_0,black,9,026c81b83454f176a9f9253cbfb70be2c159d822,black.py:is_split_before_delimiter,black.py,is_split_before_delimiter,94,15,2,2,14,2,34,1,1,0,3,3.703678441590331e-05,0.0018385073831134865,0
cookiecutter_1_c15633745df6_cookiecutter/generate.py_generate_context_1,cookiecutter,1,c15633745df6abdb24e02746b82aadb20b8cdf8c,cookiecutter/generate.py:generate_context,cookiecutter/generate.py,generate_context,42,6,2,3,1,12,14,0,1,0,2,0.0,0.0018346673642880098,1
cookiecutter_1_c15633745df6_tests/vcs/test_identify_repo.py_unknown_repo_type_url_0,cookiecutter,1,c15633745df6abdb24e02746b82aadb20b8cdf8c,tests/vcs/test_identify_repo.py:unknown_repo_type_url,tests/vcs/test_identify_repo.py,unknown_repo_type_url,3,1,0,1,1,0,2,0,0,0,1,0.0,0.002066313587518577,0
cookiecutter_1_c15633745df6_tests/test_custom_extensions_in_hooks.py_test_hook_with_extension_0,cookiecutter,1,c15633745df6abdb24e02746b82aadb20b8cdf8c,tests/test_custom_extensions_in_hooks.py:test_hook_with_extension,tests/test_custom_extensions_in_hooks.py,test_hook_with_extension,19,2,1,2,0,5,4,0,0,0,1,0.0,0.001995132538929723,0
cookiecutter_1_c15633745df6_tests/test_hooks.py_test_unknown_hooks_dir_0,cookiecutter,1,c15633745df6abdb24e02746b82aadb20b8cdf8c,tests/test_hooks.py:test_unknown_hooks_dir,tests/test_hooks.py,test_unknown_hooks_dir,4,2,1,1,0,2,6,0,0,0,1,0.0,0.0017941507546788407,0
cookiecutter_2_d7e7b28811e4_cookiecutter/hooks.py_find_hook_1,cookiecutter,2,d7e7b28811e474e14d1bed747115e47dcdd15ba3,cookiecutter/hooks.py:find_hook,cookiecutter/hooks.py,find_hook,23,4,2,2,3,8,9,1,1,0,3,4.2918062190010796e-05,0.002724268528450779,1
cookiecutter_2_d7e7b28811e4_cookiecutter/hooks.py_run_hook_1,cookiecutter,2,d7e7b28811e474e14d1bed747115e47dcdd15ba3,cookiecutter/hooks.py:run_hook,cookiecutter/hooks.py,run_hook,14,2,1,3,1,4,9,0,2,0,3,0.0,0.0019123142217782278,1
cookiecutter_2_d7e7b28811e4_docs/conf.py___call___0,cookiecutter,2,d7e7b28811e474e14d1bed747115e47dcdd15ba3,docs/conf.py:__call__,docs/conf.py,__call__,2,1,0,3,1,1,3,0,0,0,1,0.0,0.0020048524575773715,0
cookiecutter_2_d7e7b28811e4_tests/replay/test_dump.py_mock_ensure_failure_0,cookiecutter,2,d7e7b28811e474e14d1bed747115e47dcdd15ba3,tests/replay/test_dump.py:mock_ensure_failure,tests/replay/test_dump.py,mock_ensure_failure,7,1,0,1,1,1,4,0,0,0,1,0.0,0.0018487057687635274,0
cookiecutter_2_d7e7b28811e4_tests/test_find.py_test_find_template_0,cookiecutter,2,d7e7b28811e474e14d1bed747115e47dcdd15ba3,tests/test_find.py:test_find_template,tests/test_find.py,test_find_template,6,1,0,1,0,2,3,0,0,0,1,0.0,0.0021956984105720705,0
cookiecutter_2_d7e7b28811e4_tests/replay/test_load.py_replay_file_0,cookiecutter,2,d7e7b28811e474e14d1bed747115e47dcdd15ba3,tests/replay/test_load.py:replay_file,tests/replay/test_load.py,replay_file,4,1,0,2,1,2,4,0,0,0,1,0.0,0.001923061334865358,0
cookiecutter_2_d7e7b28811e4_tests/replay/test_replay.py_test_main_does_not_invoke_load_but_dump_0,cookiecutter,2,d7e7b28811e474e14d1bed747115e47dcdd15ba3,tests/replay/test_replay.py:test_main_does_not_invoke_load_but_dump,tests/replay/test_replay.py,test_main_does_not_invoke_load_but_dump,15,1,0,1,0,6,3,0,0,0,1,0.0,0.0020048524575773715,0
cookiecutter_2_d7e7b28811e4_cookiecutter/generate.py_render_and_create_dir_0,cookiecutter,2,d7e7b28811e474e14d1bed747115e47dcdd15ba3,cookiecutter/generate.py:render_and_create_dir,cookiecutter/generate.py,render_and_create_dir,27,3,2,5,1,10,14,1,0,0,2,0.0,0.0021534686851743625,0
cookiecutter_3_5c282f020a8d_cookiecutter/prompt.py_read_user_choice_1,cookiecutter,3,5c282f020a8db7e5e7c4e7b51b010556ca31fb7f,cookiecutter/prompt.py:read_user_choice,cookiecutter/prompt.py,read_user_choice,33,3,1,2,1,14,8,1,0,0,2,0.0,0.0032427251730169507,1
cookiecutter_3_5c282f020a8d_tests/repository/test_determine_repo_dir_clones_repo.py_test_repository_url_with_no_context_file_0,cookiecutter,3,5c282f020a8db7e5e7c4e7b51b010556ca31fb7f,tests/repository/test_determine_repo_dir_clones_repo.py:test_repository_url_with_no_context_file,tests/repository/test_determine_repo_dir_clones_repo.py,test_repository_url_with_no_context_file,24,2,1,3,0,5,3,0,0,0,1,0.0,0.002033734530732444,0
cookiecutter_3_5c282f020a8d_cookiecutter/repository.py_is_zip_file_0,cookiecutter,3,5c282f020a8db7e5e7c4e7b51b010556ca31fb7f,cookiecutter/repository.py:is_zip_file,cookiecutter/repository.py,is_zip_file,3,1,0,1,1,2,6,1,0,0,2,0.0,0.0026178212516990637,0
cookiecutter_3_5c282f020a8d_tests/test_log.py_debug_file_0,cookiecutter,3,5c282f020a8db7e5e7c4e7b51b010556ca31fb7f,tests/test_log.py:debug_file,tests/test_log.py,debug_file,2,1,0,1,1,0,3,0,0,0,1,0.0,0.0018763750874025936,0
cookiecutter_4_9568ab6ecd2d_cookiecutter/generate.py_generate_files_1,cookiecutter,4,9568ab6ecd2d6836646006c59473c4a4ac0dee04,cookiecutter/generate.py:generate_files,cookiecutter/generate.py,generate_files,99,12,4,4,2,45,16,0,4,0,5,0.0,0.003014638166879536,1
cookiecutter_4_9568ab6ecd2d_cookiecutter/hooks.py_run_script_with_context_1,cookiecutter,4,9568ab6ecd2d6836646006c59473c4a4ac0dee04,cookiecutter/hooks.py:run_script_with_context,cookiecutter/hooks.py,run_script_with_context,20,2,1,3,1,8,8,1,1,0,3,0.0,0.00450213140288204,1
cookiecutter_4_9568ab6ecd2d_cookiecutter/hooks.py_run_script_1,cookiecutter,4,9568ab6ecd2d6836646006c59473c4a4ac0dee04,cookiecutter/hooks.py:run_script,cookiecutter/hooks.py,run_script,21,2,1,2,1,5,8,1,0,0,2,0.0,0.007037908970813796,1
cookiecutter_4_9568ab6ecd2d_cookiecutter/hooks.py_run_hook_1,cookiecutter,4,9568ab6ecd2d6836646006c59473c4a4ac0dee04,cookiecutter/hooks.py:run_hook,cookiecutter/hooks.py,run_hook,13,2,1,3,2,4,8,0,2,0,3,0.0,0.003143063932670155,1
cookiecutter_4_9568ab6ecd2d_tests/test_prompt.py_test_should_not_invoke_read_user_variable_0,cookiecutter,4,9568ab6ecd2d6836646006c59473c4a4ac0dee04,tests/test_prompt.py:test_should_not_invoke_read_user_variable,tests/test_prompt.py,test_should_not_invoke_read_user_variable,18,1,0,2,0,5,6,0,0,0,1,0.0,0.0028118606419469806,0
cookiecutter_4_9568ab6ecd2d_tests/test_is_vcs_installed.py_test_non_existing_repo_type_0,cookiecutter,4,9568ab6ecd2d6836646006c59473c4a4ac0dee04,tests/test_is_vcs_installed.py:test_non_existing_repo_type,tests/test_is_vcs_installed.py,test_non_existing_repo_type,2,1,0,0,0,1,1,0,0,0,1,0.0,0.0034427240528482643,0
cookiecutter_4_9568ab6ecd2d_tests/test_identify_repo.py_test_identify_git_github_no_extension_0,cookiecutter,4,9568ab6ecd2d6836646006c59473c4a4ac0dee04,tests/test_identify_repo.py:test_identify_git_github_no_extension,tests/test_identify_repo.py,test_identify_git_github_no_extension,3,1,0,0,0,1,2,0,0,0,1,0.0,0.003068148902625627,0
cookiecutter_4_9568ab6ecd2d_tests/test_hooks.py_setup_method_0,cookiecutter,4,9568ab6ecd2d6836646006c59473c4a4ac0dee04,tests/test_hooks.py:setup_method,tests/test_hooks.py,setup_method,2,1,0,2,0,1,4,0,1,0,2,0.0,0.002880861327514309,0
cookiecutter_4_9568ab6ecd2d_tests/test_cookiecutter_local_with_input.py_test_cookiecutter_input_extra_context_0,cookiecutter,4,9568ab6ecd2d6836646006c59473c4a4ac0dee04,tests/test_cookiecutter_local_with_input.py:test_cookiecutter_input_extra_context,tests/test_cookiecutter_local_with_input.py,test_cookiecutter_input_extra_context,14,1,0,1,0,3,3,0,0,0,1,0.0,0.003255436477736946,0
cookiecutter_4_9568ab6ecd2d_tests/test_cookiecutters.py_remove_additional_dirs_0,cookiecutter,4,9568ab6ecd2d6836646006c59473c4a4ac0dee04,tests/test_cookiecutters.py:remove_additional_dirs,tests/test_cookiecutters.py,remove_additional_dirs,10,3,2,1,0,3,6,0,0,0,1,0.0,0.003143063932670155,0
cookiecutter_4_9568ab6ecd2d_tests/test_cli.py_version_cli_flag_0,cookiecutter,4,9568ab6ecd2d6836646006c59473c4a4ac0dee04,tests/test_cli.py:version_cli_flag,tests/test_cli.py,version_cli_flag,2,1,0,1,1,0,6,0,0,0,1,0.0,0.0028118606419469806,0
cookiecutter_4_9568ab6ecd2d_tests/test_prompt.py_context_0,cookiecutter,4,9568ab6ecd2d6836646006c59473c4a4ac0dee04,tests/test_prompt.py:context,tests/test_prompt.py,context,6,1,0,2,1,0,6,0,0,0,1,0.0,0.0028118606419469806,0
cookiecutter_4_9568ab6ecd2d_tests/test_specify_output_dir.py_mock_replay_0,cookiecutter,4,9568ab6ecd2d6836646006c59473c4a4ac0dee04,tests/test_specify_output_dir.py:mock_replay,tests/test_specify_output_dir.py,mock_replay,2,1,0,1,0,1,2,0,0,0,1,0.0,0.0029432905192180816,0
cookiecutter_4_9568ab6ecd2d_tests/test_cli.py_test_cli_overwrite_if_exists_when_output_dir_does_not_exist_0,cookiecutter,4,9568ab6ecd2d6836646006c59473c4a4ac0dee04,tests/test_cli.py:test_cli_overwrite_if_exists_when_output_dir_does_not_exist,tests/test_cli.py,test_cli_overwrite_if_exists_when_output_dir_does_not_exist,8,1,0,1,0,2,6,0,0,0,1,0.0,0.0028118606419469806,0
cookiecutter_4_9568ab6ecd2d_tests/test_cookiecutters.py_bake_data_0,cookiecutter,4,9568ab6ecd2d6836646006c59473c4a4ac0dee04,tests/test_cookiecutters.py:bake_data,tests/test_cookiecutters.py,bake_data,17,1,0,0,0,0,6,1,0,0,2,0.0,0.005861198873093925,0
cookiecutter_4_9568ab6ecd2d_tests/test_generate_file.py_env_0,cookiecutter,4,9568ab6ecd2d6836646006c59473c4a4ac0dee04,tests/test_generate_file.py:env,tests/test_generate_file.py,env,4,1,0,0,1,2,7,0,0,0,1,0.0,0.002974505115069968,0
fastapi_1_766157bfb4e7_fastapi/routing.py___init___1,fastapi,1,766157bfb4e7dfccba09ab398e8ec444d14e947c,fastapi/routing.py:__init__,fastapi/routing.py,__init__,21,1,0,9,0,2,26,0,3,0,4,0.0,0.00039083440060071477,1
fastapi_1_766157bfb4e7_fastapi/applications.py_add_api_route_1,fastapi,1,766157bfb4e7dfccba09ab398e8ec444d14e947c,fastapi/applications.py:add_api_route,fastapi/applications.py,add_api_route,51,2,1,22,0,4,18,1,0,0,2,0.0,0.0007914263924594258,1
fastapi_1_766157bfb4e7_fastapi/applications.py_options_1,fastapi,1,766157bfb4e7dfccba09ab398e8ec444d14e947c,fastapi/applications.py:options,fastapi/applications.py,options,49,2,1,21,1,4,18,0,0,0,1,0.0,0.0003927397132849417,1
fastapi_1_766157bfb4e7_fastapi/routing.py_trace_1,fastapi,1,766157bfb4e7dfccba09ab398e8ec444d14e947c,fastapi/routing.py:trace,fastapi/routing.py,trace,50,2,1,21,1,4,26,0,1,0,2,0.0,0.00039083440060071477,1
fastapi_1_766157bfb4e7_fastapi/applications.py_delete_1,fastapi,1,766157bfb4e7dfccba09ab398e8ec444d14e947c,fastapi/applications.py:delete,fastapi/applications.py,delete,49,2,1,21,1,4,18,0,0,0,1,0.0,0.0003927397132849417,1
fastapi_1_766157bfb4e7_fastapi/routing.py_head_1,fastapi,1,766157bfb4e7dfccba09ab398e8ec444d14e947c,fastapi/routing.py:head,fastapi/routing.py,head,50,2,1,21,1,4,26,0,1,0,2,0.0,0.00039083440060071477,1
fastapi_1_766157bfb4e7_fastapi/routing.py_patch_1,fastapi,1,766157bfb4e7dfccba09ab398e8ec444d14e947c,fastapi/routing.py:patch,fastapi/routing.py,patch,50,2,1,21,1,4,26,0,1,0,2,0.0,0.00039083440060071477,1
fastapi_1_766157bfb4e7_fastapi/routing.py_post_1,fastapi,1,766157bfb4e7dfccba09ab398e8ec444d14e947c,fastapi/routing.py:post,fastapi/routing.py,post,50,2,1,21,1,4,26,0,1,0,2,0.0,0.00039083440060071477,1
fastapi_1_766157bfb4e7_fastapi/applications.py_trace_1,fastapi,1,766157bfb4e7dfccba09ab398e8ec444d14e947c,fastapi/applications.py:trace,fastapi/applications.py,trace,49,2,1,21,1,4,18,0,0,0,1,0.0,0.0003927397132849417,1
fastapi_1_766157bfb4e7_fastapi/routing.py__prepare_response_content_1,fastapi,1,766157bfb4e7dfccba09ab398e8ec444d14e947c,fastapi/routing.py:_prepare_response_content,fastapi/routing.py,_prepare_response_content,20,5,3,3,5,8,26,1,0,0,2,0.0,0.0007895210797751989,1
fastapi_1_766157bfb4e7_fastapi/openapi/utils.py_get_openapi_1,fastapi,1,766157bfb4e7dfccba09ab398e8ec444d14e947c,fastapi/openapi/utils.py:get_openapi,fastapi/openapi/utils.py,get_openapi,41,10,4,6,1,13,18,0,1,0,2,0.0,0.00040142569758068214,1
fastapi_1_766157bfb4e7_fastapi/applications.py_head_1,fastapi,1,766157bfb4e7dfccba09ab398e8ec444d14e947c,fastapi/applications.py:head,fastapi/applications.py,head,49,2,1,21,1,4,18,0,0,0,1,0.0,0.0003927397132849417,1
fastapi_1_766157bfb4e7_fastapi/routing.py_get_request_handler_1,fastapi,1,766157bfb4e7dfccba09ab398e8ec444d14e947c,fastapi/routing.py:get_request_handler,fastapi/routing.py,get_request_handler,69,10,4,10,3,16,26,1,2,0,4,0.0,0.0007895210797751989,1
fastapi_1_766157bfb4e7_fastapi/routing.py_get_route_handler_1,fastapi,1,766157bfb4e7dfccba09ab398e8ec444d14e947c,fastapi/routing.py:get_route_handler,fastapi/routing.py,get_route_handler,13,1,0,1,1,1,26,1,1,0,3,0.0,0.0005237299603255428,1
fastapi_1_766157bfb4e7_fastapi/routing.py_get_1,fastapi,1,766157bfb4e7dfccba09ab398e8ec444d14e947c,fastapi/routing.py:get,fastapi/routing.py,get,50,2,1,21,1,4,26,1,1,0,3,0.0,0.0005237299603255428,1
fastapi_1_766157bfb4e7_fastapi/routing.py_put_1,fastapi,1,766157bfb4e7dfccba09ab398e8ec444d14e947c,fastapi/routing.py:put,fastapi/routing.py,put,50,2,1,21,1,4,26,0,1,0,2,0.0,0.00039083440060071477,1
fastapi_1_766157bfb4e7_fastapi/routing.py_serialize_response_1,fastapi,1,766157bfb4e7dfccba09ab398e8ec444d14e947c,fastapi/routing.py:serialize_response,fastapi/routing.py,serialize_response,36,6,3,7,2,11,26,1,1,0,3,0.0,0.0005901777401879568,1
fastapi_1_766157bfb4e7_fastapi/applications.py_patch_1,fastapi,1,766157bfb4e7dfccba09ab398e8ec444d14e947c,fastapi/applications.py:patch,fastapi/applications.py,patch,49,2,1,21,1,4,18,0,0,0,1,0.0,0.0003927397132849417,1
fastapi_1_766157bfb4e7_fastapi/applications.py_post_1,fastapi,1,766157bfb4e7dfccba09ab398e8ec444d14e947c,fastapi/applications.py:post,fastapi/applications.py,post,49,2,1,21,1,4,18,0,0,0,1,0.0,0.0003927397132849417,1
fastapi_1_766157bfb4e7_fastapi/routing.py_api_route_1,fastapi,1,766157bfb4e7dfccba09ab398e8ec444d14e947c,fastapi/routing.py:api_route,fastapi/routing.py,api_route,57,2,1,22,2,4,26,8,1,0,10,0.0,0.003580327833996588,1
fastapi_1_766157bfb4e7_fastapi/routing.py_add_api_route_1,fastapi,1,766157bfb4e7dfccba09ab398e8ec444d14e947c,fastapi/routing.py:add_api_route,fastapi/routing.py,add_api_route,57,2,1,24,0,5,26,2,0,0,3,0.0,0.000988864419362441,1
fastapi_1_766157bfb4e7_fastapi/openapi/utils.py_get_openapi_security_definitions_1,fastapi,1,766157bfb4e7dfccba09ab398e8ec444d14e947c,fastapi/openapi/utils.py:get_openapi_security_definitions,fastapi/openapi/utils.py,get_openapi_security_definitions,13,2,1,1,1,2,18,1,0,0,2,0.0,0.0004811630334155789,1
fastapi_1_766157bfb4e7_fastapi/encoders.py_jsonable_encoder_1,fastapi,1,766157bfb4e7dfccba09ab398e8ec444d14e947c,fastapi/encoders.py:jsonable_encoder,fastapi/encoders.py,jsonable_encoder,130,26,4,9,11,46,8,0,0,0,1,0.0,0.00047764520977580405,1
fastapi_1_766157bfb4e7_fastapi/routing.py_options_1,fastapi,1,766157bfb4e7dfccba09ab398e8ec444d14e947c,fastapi/routing.py:options,fastapi/routing.py,options,50,2,1,21,1,4,26,0,1,0,2,0.0,0.00039083440060071477,1
fastapi_1_766157bfb4e7_fastapi/applications.py_get_1,fastapi,1,766157bfb4e7dfccba09ab398e8ec444d14e947c,fastapi/applications.py:get,fastapi/applications.py,get,49,2,1,21,1,4,18,0,0,0,1,0.0,0.0003927397132849417,1
fastapi_1_766157bfb4e7_fastapi/applications.py_put_1,fastapi,1,766157bfb4e7dfccba09ab398e8ec444d14e947c,fastapi/applications.py:put,fastapi/applications.py,put,49,2,1,21,1,4,18,0,0,0,1,0.0,0.0003927397132849417,1
fastapi_1_766157bfb4e7_fastapi/routing.py_include_router_1,fastapi,1,766157bfb4e7dfccba09ab398e8ec444d14e947c,fastapi/routing.py:include_router,fastapi/routing.py,include_router,73,12,5,7,0,19,26,0,2,0,3,0.0,0.00039083440060071477,1
fastapi_1_766157bfb4e7_fastapi/routing.py_delete_1,fastapi,1,766157bfb4e7dfccba09ab398e8ec444d14e947c,fastapi/routing.py:delete,fastapi/routing.py,delete,50,2,1,21,1,4,26,0,1,0,2,0.0,0.00039083440060071477,1
fastapi_1_766157bfb4e7_fastapi/applications.py_api_route_1,fastapi,1,766157bfb4e7dfccba09ab398e8ec444d14e947c,fastapi/applications.py:api_route,fastapi/applications.py,api_route,55,2,1,21,2,4,18,0,1,0,2,0.0,0.0003927397132849417,1
fastapi_1_766157bfb4e7_docs_src/security/tutorial003.py_login_0,fastapi,1,766157bfb4e7dfccba09ab398e8ec444d14e947c,docs_src/security/tutorial003.py:login,docs_src/security/tutorial003.py,login,10,3,1,1,1,6,3,0,1,0,2,0.0,0.00041421778354349976,0
fastapi_1_766157bfb4e7_tests/test_tutorial/test_testing/test_tutorial002.py_test_ws_0,fastapi,1,766157bfb4e7dfccba09ab398e8ec444d14e947c,tests/test_tutorial/test_testing/test_tutorial002.py:test_ws,tests/test_tutorial/test_testing/test_tutorial002.py,test_ws,2,1,0,0,0,1,1,0,0,0,1,0.0,0.0005773168795694251,0
fastapi_1_766157bfb4e7_tests/test_default_response_class_router.py_test_router_a_a_0,fastapi,1,766157bfb4e7dfccba09ab398e8ec444d14e947c,tests/test_default_response_class_router.py:test_router_a_a,tests/test_default_response_class_router.py,test_router_a_a,5,2,1,0,0,2,3,0,0,0,1,0.0,0.00039043249870638567,0
fastapi_1_766157bfb4e7_tests/test_security_oauth2.py_test_security_oauth2_password_other_header_0,fastapi,1,766157bfb4e7dfccba09ab398e8ec444d14e947c,tests/test_security_oauth2.py:test_security_oauth2_password_other_header,tests/test_security_oauth2.py,test_security_oauth2_password_other_header,4,1,0,0,0,2,6,0,0,0,1,0.0,0.00041119742991339007,0
fastapi_1_766157bfb4e7_tests/test_dependency_contextmanager.py_context_b_0,fastapi,1,766157bfb4e7dfccba09ab398e8ec444d14e947c,tests/test_dependency_contextmanager.py:context_b,tests/test_dependency_contextmanager.py,context_b,6,2,1,1,0,1,4,0,0,0,1,0.0,0.0003862795124649848,0
fastapi_1_766157bfb4e7_docs_src/first_steps/tutorial003.py_root_0,fastapi,1,766157bfb4e7dfccba09ab398e8ec444d14e947c,docs_src/first_steps/tutorial003.py:root,docs_src/first_steps/tutorial003.py,root,2,1,0,0,1,0,1,0,0,0,1,0.0,0.0005773168795694251,0
fastapi_1_766157bfb4e7_docs_src/app_testing/tutorial001.py_test_read_main_0,fastapi,1,766157bfb4e7dfccba09ab398e8ec444d14e947c,docs_src/app_testing/tutorial001.py:test_read_main,docs_src/app_testing/tutorial001.py,test_read_main,4,1,0,0,0,2,2,0,0,0,1,0.0,0.00047764520977580405,0
fastapi_1_766157bfb4e7_tests/test_security_oauth2.py_test_strict_login_0,fastapi,1,766157bfb4e7dfccba09ab398e8ec444d14e947c,tests/test_security_oauth2.py:test_strict_login,tests/test_security_oauth2.py,test_strict_login,4,1,0,3,0,2,6,0,0,0,1,0.0,0.00041119742991339007,0
fastapi_1_766157bfb4e7_tests/test_tutorial/test_security/test_tutorial005.py_test_token_no_username_0,fastapi,1,766157bfb4e7dfccba09ab398e8ec444d14e947c,tests/test_tutorial/test_security/test_tutorial005.py:test_token_no_username,tests/test_tutorial/test_security/test_tutorial005.py,test_token_no_username,10,1,0,0,0,2,2,0,0,0,1,0.0,0.00039695861994287274,0
fastapi_1_766157bfb4e7_tests/test_tutorial/test_handling_errors/test_tutorial001.py_test_get_item_not_found_0,fastapi,1,766157bfb4e7dfccba09ab398e8ec444d14e947c,tests/test_tutorial/test_handling_errors/test_tutorial001.py:test_get_item_not_found,tests/test_tutorial/test_handling_errors/test_tutorial001.py,test_get_item_not_found,5,1,0,0,0,3,2,0,0,0,1,0.0,0.00047764520977580405,0
fastapi_1_766157bfb4e7_docs_src/python_types/tutorial003.py_get_name_with_age_0,fastapi,1,766157bfb4e7dfccba09ab398e8ec444d14e947c,docs_src/python_types/tutorial003.py:get_name_with_age,docs_src/python_types/tutorial003.py,get_name_with_age,3,1,0,2,1,0,0,0,0,0,1,0.0,0.0007766602191566672,0
fastapi_1_766157bfb4e7_docs_src/handling_errors/tutorial001.py_read_item_0,fastapi,1,766157bfb4e7dfccba09ab398e8ec444d14e947c,docs_src/handling_errors/tutorial001.py:read_item,docs_src/handling_errors/tutorial001.py,read_item,4,2,1,1,1,1,1,0,0,0,1,0.0,0.0005773168795694251,0
fastapi_1_766157bfb4e7_tests/test_tutorial/test_body_nested_models/test_tutorial009.py_test_post_invalid_body_0,fastapi,1,766157bfb4e7dfccba09ab398e8ec444d14e947c,tests/test_tutorial/test_body_nested_models/test_tutorial009.py:test_post_invalid_body,tests/test_tutorial/test_body_nested_models/test_tutorial009.py,test_post_invalid_body,13,1,0,0,0,2,2,0,0,0,1,0.0,0.00047764520977580405,0
fastapi_1_766157bfb4e7_fastapi/openapi/utils.py_get_openapi_operation_metadata_0,fastapi,1,766157bfb4e7dfccba09ab398e8ec444d14e947c,fastapi/openapi/utils.py:get_openapi_operation_metadata,fastapi/openapi/utils.py,get_openapi_operation_metadata,11,4,1,2,1,2,18,1,2,0,4,0.0,0.0004811630334155789,0
fastapi_1_766157bfb4e7_tests/test_validate_response_dataclass.py_get_innerinvalid_0,fastapi,1,766157bfb4e7dfccba09ab398e8ec444d14e947c,tests/test_validate_response_dataclass.py:get_innerinvalid,tests/test_validate_response_dataclass.py,get_innerinvalid,2,1,0,0,1,0,6,0,0,0,1,0.0,0.00042227205989045903,0
fastapi_1_766157bfb4e7_tests/test_additional_responses_router.py_test_a_0,fastapi,1,766157bfb4e7dfccba09ab398e8ec444d14e947c,tests/test_additional_responses_router.py:test_a,tests/test_additional_responses_router.py,test_a,4,1,0,0,0,2,2,0,0,0,1,0.0,0.00042227205989045903,0
fastapi_1_766157bfb4e7_docs_src/security/tutorial004.py_get_password_hash_0,fastapi,1,766157bfb4e7dfccba09ab398e8ec444d14e947c,docs_src/security/tutorial004.py:get_password_hash,docs_src/security/tutorial004.py,get_password_hash,2,1,0,1,1,1,7,0,0,0,1,0.0,0.0004028914574305883,0
fastapi_1_766157bfb4e7_tests/test_extra_routes.py_options_item_0,fastapi,1,766157bfb4e7dfccba09ab398e8ec444d14e947c,tests/test_extra_routes.py:options_item,tests/test_extra_routes.py,options_item,2,1,0,1,1,1,4,0,0,0,1,0.0,0.00039895704941241906,0
fastapi_1_766157bfb4e7_docs_src/extra_models/tutorial002.py_fake_password_hasher_0,fastapi,1,766157bfb4e7dfccba09ab398e8ec444d14e947c,docs_src/extra_models/tutorial002.py:fake_password_hasher,docs_src/extra_models/tutorial002.py,fake_password_hasher,2,1,0,1,1,0,2,1,0,0,2,0.0,0.0008264960540534776,0
fastapi_1_766157bfb4e7_tests/main.py_get_path_param_id_0,fastapi,1,766157bfb4e7dfccba09ab398e8ec444d14e947c,tests/main.py:get_path_param_id,tests/main.py,get_path_param_id,2,1,0,1,1,1,1,0,0,0,1,0.0,0.00038936458795859686,0
fastapi_1_766157bfb4e7_tests/test_inherited_custom_class.py___str___0,fastapi,1,766157bfb4e7dfccba09ab398e8ec444d14e947c,tests/test_inherited_custom_class.py:__str__,tests/test_inherited_custom_class.py,__str__,2,1,0,1,1,0,5,0,0,0,1,0.0,0.00041119742991339007,0
fastapi_1_766157bfb4e7_tests/test_default_response_class.py_test_app_override_0,fastapi,1,766157bfb4e7dfccba09ab398e8ec444d14e947c,tests/test_default_response_class.py:test_app_override,tests/test_default_response_class.py,test_app_override,5,2,1,0,0,1,5,0,0,0,1,0.0,0.0003896996187814326,0
fastapi_1_766157bfb4e7_docs_src/sql_databases_peewee/sql_app/crud.py_get_user_0,fastapi,1,766157bfb4e7dfccba09ab398e8ec444d14e947c,docs_src/sql_databases_peewee/sql_app/crud.py:get_user,docs_src/sql_databases_peewee/sql_app/crud.py,get_user,2,1,0,1,1,2,0,0,0,0,1,0.0,0.00044442131984459706,0
fastapi_1_766157bfb4e7_tests/test_security_http_base_optional.py_test_security_http_base_0,fastapi,1,766157bfb4e7dfccba09ab398e8ec444d14e947c,tests/test_security_http_base_optional.py:test_security_http_base,tests/test_security_http_base_optional.py,test_security_http_base,4,1,0,0,0,2,4,0,0,0,1,0.0,0.0004349287798642522,0
fastapi_1_766157bfb4e7_tests/test_tutorial/test_custom_request_and_route/test_tutorial003.py_test_get_0,fastapi,1,766157bfb4e7dfccba09ab398e8ec444d14e947c,tests/test_tutorial/test_custom_request_and_route/test_tutorial003.py:test_get,tests/test_tutorial/test_custom_request_and_route/test_tutorial003.py,test_get,4,1,0,0,0,2,2,0,0,0,1,0.0,0.000510869099707011,0
fastapi_1_766157bfb4e7_tests/test_default_response_class_router.py_test_router_b_override_0,fastapi,1,766157bfb4e7dfccba09ab398e8ec444d14e947c,tests/test_default_response_class_router.py:test_router_b_override,tests/test_default_response_class_router.py,test_router_b_override,5,2,1,0,0,1,3,0,0,0,1,0.0,0.00039043249870638567,0
fastapi_1_766157bfb4e7_tests/test_tutorial/test_security/test_tutorial003.py_test_login_incorrect_password_0,fastapi,1,766157bfb4e7dfccba09ab398e8ec444d14e947c,tests/test_tutorial/test_security/test_tutorial003.py:test_login_incorrect_password,tests/test_tutorial/test_security/test_tutorial003.py,test_login_incorrect_password,6,1,0,0,0,2,2,0,0,0,1,0.0,0.00041784220789963146,0
fastapi_1_766157bfb4e7_tests/test_tutorial/test_wsgi/test_tutorial001.py_test_app_0,fastapi,1,766157bfb4e7dfccba09ab398e8ec444d14e947c,tests/test_tutorial/test_wsgi/test_tutorial001.py:test_app,tests/test_tutorial/test_wsgi/test_tutorial001.py,test_app,4,1,0,0,0,2,2,0,0,0,1,0.0,0.000510869099707011,0
fastapi_1_766157bfb4e7_tests/test_tutorial/test_background_tasks/test_tutorial001.py_test_0,fastapi,1,766157bfb4e7dfccba09ab398e8ec444d14e947c,tests/test_tutorial/test_background_tasks/test_tutorial001.py:test,tests/test_tutorial/test_background_tasks/test_tutorial001.py,test,9,3,1,0,0,7,4,0,0,0,1,0.0,0.0005773168795694251,0
fastapi_1_766157bfb4e7_docs_src/app_testing/test_main_b.py_test_create_item_bad_token_0,fastapi,1,766157bfb4e7dfccba09ab398e8ec444d14e947c,docs_src/app_testing/test_main_b.py:test_create_item_bad_token,docs_src/app_testing/test_main_b.py,test_create_item_bad_token,8,1,0,0,0,2,2,0,0,0,1,0.0,0.0004349287798642522,0
fastapi_1_766157bfb4e7_tests/test_tutorial/test_extending_openapi/test_tutorial001.py_test_0,fastapi,1,766157bfb4e7dfccba09ab398e8ec444d14e947c,tests/test_tutorial/test_extending_openapi/test_tutorial001.py:test,tests/test_tutorial/test_extending_openapi/test_tutorial001.py,test,4,1,0,0,0,2,2,0,0,0,1,0.0,0.000510869099707011,0
fastapi_1_766157bfb4e7_tests/test_default_response_class_router.py_test_router_a_override_0,fastapi,1,766157bfb4e7dfccba09ab398e8ec444d14e947c,tests/test_default_response_class_router.py:test_router_a_override,tests/test_default_response_class_router.py,test_router_a_override,5,2,1,0,0,1,3,0,0,0,1,0.0,0.00039043249870638567,0
fastapi_1_766157bfb4e7_docs_src/query_params/tutorial001.py_read_item_0,fastapi,1,766157bfb4e7dfccba09ab398e8ec444d14e947c,docs_src/query_params/tutorial001.py:read_item,docs_src/query_params/tutorial001.py,read_item,2,1,0,2,1,0,1,0,0,0,1,0.0,0.0005773168795694251,0
fastapi_1_766157bfb4e7_docs_src/security/tutorial004.py_get_current_user_0,fastapi,1,766157bfb4e7dfccba09ab398e8ec444d14e947c,docs_src/security/tutorial004.py:get_current_user,docs_src/security/tutorial004.py,get_current_user,18,5,2,1,1,6,7,0,1,0,2,0.0,0.0004028914574305883,0
fastapi_1_766157bfb4e7_tests/test_additional_responses_router.py_c_0,fastapi,1,766157bfb4e7dfccba09ab398e8ec444d14e947c,tests/test_additional_responses_router.py:c,tests/test_additional_responses_router.py,c,2,1,0,0,1,0,2,0,0,0,1,0.0,0.00042227205989045903,0
fastapi_1_766157bfb4e7_docs_src/request_files/tutorial002.py_main_0,fastapi,1,766157bfb4e7dfccba09ab398e8ec444d14e947c,docs_src/request_files/tutorial002.py:main,docs_src/request_files/tutorial002.py,main,14,1,0,0,1,1,3,0,0,0,1,0.0,0.00045771087581707984,0
fastapi_1_766157bfb4e7_docs_src/query_params_str_validations/tutorial001.py_read_items_0,fastapi,1,766157bfb4e7dfccba09ab398e8ec444d14e947c,docs_src/query_params_str_validations/tutorial001.py:read_items,docs_src/query_params_str_validations/tutorial001.py,read_items,5,2,1,1,1,1,1,0,0,0,1,0.0,0.0005773168795694251,0
fastapi_1_766157bfb4e7_tests/test_tutorial/test_events/test_tutorial002.py_test_events_0,fastapi,1,766157bfb4e7dfccba09ab398e8ec444d14e947c,tests/test_tutorial/test_events/test_tutorial002.py:test_events,tests/test_tutorial/test_events/test_tutorial002.py,test_events,10,3,1,0,0,7,2,0,0,0,1,0.0,0.0005773168795694251,0
fastapi_1_766157bfb4e7_docs_src/sql_databases/sql_app/main.py_read_user_0,fastapi,1,766157bfb4e7dfccba09ab398e8ec444d14e947c,docs_src/sql_databases/sql_app/main.py:read_user,docs_src/sql_databases/sql_app/main.py,read_user,5,2,1,2,1,3,4,0,0,0,1,0.0,0.0004349287798642522,0
fastapi_1_766157bfb4e7_tests/test_custom_route_class.py_get_c_0,fastapi,1,766157bfb4e7dfccba09ab398e8ec444d14e947c,tests/test_custom_route_class.py:get_c,tests/test_custom_route_class.py,get_c,2,1,0,0,1,0,4,0,0,0,1,0.0,0.00041421778354349976,0
fastapi_1_766157bfb4e7_tests/test_default_response_class.py_get_b_path_override_0,fastapi,1,766157bfb4e7dfccba09ab398e8ec444d14e947c,tests/test_default_response_class.py:get_b_path_override,tests/test_default_response_class.py,get_b_path_override,2,1,0,0,1,0,5,0,0,0,1,0.0,0.0003896996187814326,0
fastapi_1_766157bfb4e7_tests/test_tutorial/test_response_model/test_tutorial004.py_test_openapi_schema_0,fastapi,1,766157bfb4e7dfccba09ab398e8ec444d14e947c,tests/test_tutorial/test_response_model/test_tutorial004.py:test_openapi_schema,tests/test_tutorial/test_response_model/test_tutorial004.py,test_openapi_schema,4,1,0,0,0,2,3,0,0,0,1,0.0,0.000510869099707011,0
fastapi_1_766157bfb4e7_fastapi/openapi/utils.py_get_openapi_params_0,fastapi,1,766157bfb4e7dfccba09ab398e8ec444d14e947c,fastapi/openapi/utils.py:get_openapi_params,fastapi/openapi/utils.py,get_openapi_params,8,1,0,1,1,1,18,1,0,0,2,0.0,0.0004811630334155789,0
fastapi_1_766157bfb4e7_tests/test_dependency_overrides.py_overrider_dependency_with_sub_0,fastapi,1,766157bfb4e7dfccba09ab398e8ec444d14e947c,tests/test_dependency_overrides.py:overrider_dependency_with_sub,tests/test_dependency_overrides.py,overrider_dependency_with_sub,2,1,0,1,1,1,3,0,0,0,1,0.0,0.000408641746072528,0
fastapi_1_766157bfb4e7_fastapi/dependencies/utils.py_get_param_field_0,fastapi,1,766157bfb4e7dfccba09ab398e8ec444d14e947c,fastapi/dependencies/utils.py:get_param_field,fastapi/dependencies/utils.py,get_param_field,50,10,2,5,1,11,30,1,2,0,4,0.0,0.0004415571914022516,0
fastapi_1_766157bfb4e7_tests/test_tutorial/test_sql_databases/test_sql_databases_middleware.py_test_get_users_0,fastapi,1,766157bfb4e7dfccba09ab398e8ec444d14e947c,tests/test_tutorial/test_sql_databases/test_sql_databases_middleware.py:test_get_users,tests/test_tutorial/test_sql_databases/test_sql_databases_middleware.py,test_get_users,6,1,0,1,0,2,4,0,0,0,1,0.0,0.00042227205989045903,0
fastapi_1_766157bfb4e7_tests/test_additional_responses_router.py_b_0,fastapi,1,766157bfb4e7dfccba09ab398e8ec444d14e947c,tests/test_additional_responses_router.py:b,tests/test_additional_responses_router.py,b,2,1,0,0,1,0,2,0,0,0,1,0.0,0.00042227205989045903,0
fastapi_1_766157bfb4e7_tests/test_validate_response_dataclass.py_get_invalid_0,fastapi,1,766157bfb4e7dfccba09ab398e8ec444d14e947c,tests/test_validate_response_dataclass.py:get_invalid,tests/test_validate_response_dataclass.py,get_invalid,2,1,0,0,1,0,6,0,0,0,1,0.0,0.00042227205989045903,0
fastapi_1_766157bfb4e7_tests/test_starlette_exception.py_create_item_0,fastapi,1,766157bfb4e7dfccba09ab398e8ec444d14e947c,tests/test_starlette_exception.py:create_item,tests/test_starlette_exception.py,create_item,4,2,1,1,1,1,3,0,0,0,1,0.0,0.0004278093748789936,0
fastapi_1_766157bfb4e7_tests/main.py_get_path_param_gt_int_0,fastapi,1,766157bfb4e7dfccba09ab398e8ec444d14e947c,tests/main.py:get_path_param_gt_int,tests/main.py,get_path_param_gt_int,2,1,0,1,1,1,1,0,0,0,1,0.0,0.00038936458795859686,0
fastapi_1_766157bfb4e7_docs_src/dependencies/tutorial007.py_get_db_0,fastapi,1,766157bfb4e7dfccba09ab398e8ec444d14e947c,docs_src/dependencies/tutorial007.py:get_db,docs_src/dependencies/tutorial007.py,get_db,6,2,1,0,0,2,0,0,0,0,1,0.0,0.0007766602191566672,0
fastapi_1_766157bfb4e7_docs_src/path_operation_configuration/tutorial006.py_read_elements_0,fastapi,1,766157bfb4e7dfccba09ab398e8ec444d14e947c,docs_src/path_operation_configuration/tutorial006.py:read_elements,docs_src/path_operation_configuration/tutorial006.py,read_elements,2,1,0,0,1,0,1,0,0,0,1,0.0,0.00047764520977580405,0
fastapi_1_766157bfb4e7_tests/test_tutorial/test_sql_databases/test_sql_databases_middleware.py_test_create_item_0,fastapi,1,766157bfb4e7dfccba09ab398e8ec444d14e947c,tests/test_tutorial/test_sql_databases/test_sql_databases_middleware.py:test_create_item,tests/test_tutorial/test_sql_databases/test_sql_databases_middleware.py,test_create_item,21,1,0,1,0,6,4,0,0,0,1,0.0,0.00042227205989045903,0
fastapi_1_766157bfb4e7_tests/test_security_api_key_cookie_optional.py_read_current_user_0,fastapi,1,766157bfb4e7dfccba09ab398e8ec444d14e947c,tests/test_security_api_key_cookie_optional.py:read_current_user,tests/test_security_api_key_cookie_optional.py,read_current_user,5,2,1,1,2,1,5,0,0,0,1,0.0,0.00042227205989045903,0
fastapi_1_766157bfb4e7_tests/test_datetime_custom_encoder.py_test_dt_0,fastapi,1,766157bfb4e7dfccba09ab398e8ec444d14e947c,tests/test_datetime_custom_encoder.py:test_dt,tests/test_datetime_custom_encoder.py,test_dt,4,2,1,0,0,2,4,0,0,0,1,0.0,0.00044442131984459706,0
fastapi_1_766157bfb4e7_docs_src/dependencies/tutorial001.py_read_items_0,fastapi,1,766157bfb4e7dfccba09ab398e8ec444d14e947c,docs_src/dependencies/tutorial001.py:read_items,docs_src/dependencies/tutorial001.py,read_items,2,1,0,1,1,1,1,0,0,0,1,0.0,0.00047764520977580405,0
fastapi_1_766157bfb4e7_docs_src/advanced_middleware/tutorial003.py_main_0,fastapi,1,766157bfb4e7dfccba09ab398e8ec444d14e947c,docs_src/advanced_middleware/tutorial003.py:main,docs_src/advanced_middleware/tutorial003.py,main,2,1,0,0,1,0,2,0,0,0,1,0.0,0.000510869099707011,0
fastapi_1_766157bfb4e7_tests/test_dependency_contextmanager.py_test_sync_background_tasks_0,fastapi,1,766157bfb4e7dfccba09ab398e8ec444d14e947c,tests/test_dependency_contextmanager.py:test_sync_background_tasks,tests/test_dependency_contextmanager.py,test_sync_background_tasks,9,1,0,0,0,2,4,0,0,0,1,0.0,0.0003862795124649848,0
fastapi_1_766157bfb4e7_docs_src/security/tutorial003.py_get_current_active_user_0,fastapi,1,766157bfb4e7dfccba09ab398e8ec444d14e947c,docs_src/security/tutorial003.py:get_current_active_user,docs_src/security/tutorial003.py,get_current_active_user,4,2,1,1,1,2,3,0,0,0,1,0.0,0.00041421778354349976,0
fastapi_1_766157bfb4e7_tests/test_tutorial/test_sql_databases_peewee/test_sql_databases_peewee.py_test_create_user_0,fastapi,1,766157bfb4e7dfccba09ab398e8ec444d14e947c,tests/test_tutorial/test_sql_databases_peewee/test_sql_databases_peewee.py:test_create_user,tests/test_tutorial/test_sql_databases_peewee/test_sql_databases_peewee.py,test_create_user,9,1,0,1,0,3,7,0,0,0,1,0.0,0.00041784220789963146,0
fastapi_1_766157bfb4e7_tests/test_additional_responses_response_class.py_a_0,fastapi,1,766157bfb4e7dfccba09ab398e8ec444d14e947c,tests/test_additional_responses_response_class.py:a,tests/test_additional_responses_response_class.py,a,2,1,0,0,0,0,5,0,0,0,1,0.0,0.00042227205989045903,0
fastapi_1_766157bfb4e7_docs_src/sql_databases_peewee/sql_app/database.py___setattr___0,fastapi,1,766157bfb4e7dfccba09ab398e8ec444d14e947c,docs_src/sql_databases_peewee/sql_app/database.py:__setattr__,docs_src/sql_databases_peewee/sql_app/database.py,__setattr__,2,1,0,3,0,1,2,1,0,0,2,0.0,0.0008763318889502882,0
fastapi_1_766157bfb4e7_tests/test_security_http_basic_optional.py_test_security_http_basic_non_basic_credentials_0,fastapi,1,766157bfb4e7dfccba09ab398e8ec444d14e947c,tests/test_security_http_basic_optional.py:test_security_http_basic_non_basic_credentials,tests/test_security_http_basic_optional.py,test_security_http_basic_non_basic_credentials,7,1,0,0,0,4,6,0,0,0,1,0.0,0.00042227205989045903,0
fastapi_1_766157bfb4e7_tests/test_tutorial/test_dependencies/test_tutorial006.py_test_get_invalid_one_header_0,fastapi,1,766157bfb4e7dfccba09ab398e8ec444d14e947c,tests/test_tutorial/test_dependencies/test_tutorial006.py:test_get_invalid_one_header,tests/test_tutorial/test_dependencies/test_tutorial006.py,test_get_invalid_one_header,4,1,0,0,0,2,2,0,0,0,1,0.0,0.00044442131984459706,0
fastapi_1_766157bfb4e7_tests/test_security_api_key_header.py_test_security_api_key_no_key_0,fastapi,1,766157bfb4e7dfccba09ab398e8ec444d14e947c,tests/test_security_api_key_header.py:test_security_api_key_no_key,tests/test_security_api_key_header.py,test_security_api_key_no_key,4,1,0,0,0,2,4,0,0,0,1,0.0,0.00042227205989045903,0
fastapi_1_766157bfb4e7_tests/test_tutorial/test_extra_models/test_tutorial005.py_test_openapi_schema_0,fastapi,1,766157bfb4e7dfccba09ab398e8ec444d14e947c,tests/test_tutorial/test_extra_models/test_tutorial005.py:test_openapi_schema,tests/test_tutorial/test_extra_models/test_tutorial005.py,test_openapi_schema,4,1,0,0,0,2,2,0,0,0,1,0.0,0.000510869099707011,0
fastapi_1_766157bfb4e7_docs_src/query_params_str_validations/tutorial011.py_read_items_0,fastapi,1,766157bfb4e7dfccba09ab398e8ec444d14e947c,docs_src/query_params_str_validations/tutorial011.py:read_items,docs_src/query_params_str_validations/tutorial011.py,read_items,3,1,0,1,1,1,2,0,0,0,1,0.0,0.0005773168795694251,0
fastapi_1_766157bfb4e7_docs_src/handling_errors/tutorial003.py_read_unicorn_0,fastapi,1,766157bfb4e7dfccba09ab398e8ec444d14e947c,docs_src/handling_errors/tutorial003.py:read_unicorn,docs_src/handling_errors/tutorial003.py,read_unicorn,4,2,1,1,1,1,2,0,0,0,1,0.0,0.00044442131984459706,0
fastapi_1_766157bfb4e7_docs_src/sql_databases/sql_app/alt_main.py_read_users_0,fastapi,1,766157bfb4e7dfccba09ab398e8ec444d14e947c,docs_src/sql_databases/sql_app/alt_main.py:read_users,docs_src/sql_databases/sql_app/alt_main.py,read_users,3,1,0,3,1,2,4,0,0,0,1,0.0,0.0004278093748789936,0
fastapi_1_766157bfb4e7_tests/test_tutorial/test_custom_response/test_tutorial004.py_test_get_custom_response_0,fastapi,1,766157bfb4e7dfccba09ab398e8ec444d14e947c,tests/test_tutorial/test_custom_response/test_tutorial004.py:test_get_custom_response,tests/test_tutorial/test_custom_response/test_tutorial004.py,test_get_custom_response,4,1,0,0,0,1,2,0,0,0,1,0.0,0.000510869099707011,0
fastapi_1_766157bfb4e7_docs_src/custom_request_and_route/tutorial003.py_get_route_handler_0,fastapi,1,766157bfb4e7dfccba09ab398e8ec444d14e947c,docs_src/custom_request_and_route/tutorial003.py:get_route_handler,docs_src/custom_request_and_route/tutorial003.py,get_route_handler,14,1,0,1,2,9,4,0,0,0,1,0.0,0.00044442131984459706,0
fastapi_1_766157bfb4e7_tests/test_tutorial/test_path_params/test_tutorial005.py_test_openapi_0,fastapi,1,766157bfb4e7dfccba09ab398e8ec444d14e947c,tests/test_tutorial/test_path_params/test_tutorial005.py:test_openapi,tests/test_tutorial/test_path_params/test_tutorial005.py,test_openapi,4,1,0,0,0,2,3,0,0,0,1,0.0,0.000510869099707011,0
fastapi_1_766157bfb4e7_tests/test_tutorial/test_dependencies/test_tutorial006.py_test_get_valid_headers_0,fastapi,1,766157bfb4e7dfccba09ab398e8ec444d14e947c,tests/test_tutorial/test_dependencies/test_tutorial006.py:test_get_valid_headers,tests/test_tutorial/test_dependencies/test_tutorial006.py,test_get_valid_headers,10,1,0,0,0,2,2,0,0,0,1,0.0,0.00044442131984459706,0
fastapi_1_766157bfb4e7_docs_src/sql_databases/sql_app/alt_main.py_get_db_0,fastapi,1,766157bfb4e7dfccba09ab398e8ec444d14e947c,docs_src/sql_databases/sql_app/alt_main.py:get_db,docs_src/sql_databases/sql_app/alt_main.py,get_db,2,1,0,1,1,0,4,0,0,0,1,0.0,0.0004278093748789936,0
fastapi_1_766157bfb4e7_tests/test_security_api_key_header_optional.py_test_security_api_key_no_key_0,fastapi,1,766157bfb4e7dfccba09ab398e8ec444d14e947c,tests/test_security_api_key_header_optional.py:test_security_api_key_no_key,tests/test_security_api_key_header_optional.py,test_security_api_key_no_key,4,1,0,0,0,2,5,0,0,0,1,0.0,0.00042227205989045903,0
fastapi_1_766157bfb4e7_docs_src/security/tutorial002.py_get_current_user_0,fastapi,1,766157bfb4e7dfccba09ab398e8ec444d14e947c,docs_src/security/tutorial002.py:get_current_user,docs_src/security/tutorial002.py,get_current_user,3,1,0,1,1,2,4,0,1,0,2,0.0,0.00044442131984459706,0
fastapi_1_766157bfb4e7_docs_src/custom_response/tutorial007.py_main_0,fastapi,1,766157bfb4e7dfccba09ab398e8ec444d14e947c,docs_src/custom_response/tutorial007.py:main,docs_src/custom_response/tutorial007.py,main,2,1,0,0,1,2,2,0,1,0,2,0.0,0.00047764520977580405,0
fastapi_1_766157bfb4e7_tests/test_dependency_cache.py_test_sub_counter_no_cache_0,fastapi,1,766157bfb4e7dfccba09ab398e8ec444d14e947c,tests/test_dependency_cache.py:test_sub_counter_no_cache,tests/test_dependency_cache.py,test_sub_counter_no_cache,8,1,0,0,0,4,2,0,0,0,1,0.0,0.00041784220789963146,0
fastapi_1_766157bfb4e7_tests/test_infer_param_optionality.py_test_get_user_0,fastapi,1,766157bfb4e7dfccba09ab398e8ec444d14e947c,tests/test_infer_param_optionality.py:test_get_user,tests/test_infer_param_optionality.py,test_get_user,5,1,0,0,0,2,2,0,0,0,1,0.0,0.0004028914574305883,0
fastapi_1_766157bfb4e7_docs_src/custom_response/tutorial004.py_read_items_0,fastapi,1,766157bfb4e7dfccba09ab398e8ec444d14e947c,docs_src/custom_response/tutorial004.py:read_items,docs_src/custom_response/tutorial004.py,read_items,2,1,0,0,1,1,2,0,1,0,2,0.0,0.00047764520977580405,0
fastapi_1_766157bfb4e7_tests/test_filter_pydantic_sub_model.py_test_validator_is_cloned_0,fastapi,1,766157bfb4e7dfccba09ab398e8ec444d14e947c,tests/test_filter_pydantic_sub_model.py:test_validator_is_cloned,tests/test_filter_pydantic_sub_model.py,test_validator_is_cloned,10,2,1,0,0,3,4,0,0,0,1,0.0,0.00041421778354349976,0
fastapi_1_766157bfb4e7_fastapi/openapi/models.py_validate_0,fastapi,1,766157bfb4e7dfccba09ab398e8ec444d14e947c,fastapi/openapi/models.py:validate,fastapi/openapi/models.py,validate,6,1,0,2,1,2,10,0,0,0,1,0.0,0.00038664064170336747,0
fastapi_1_766157bfb4e7_tests/main.py_get_path_param_lt_gt_0,fastapi,1,766157bfb4e7dfccba09ab398e8ec444d14e947c,tests/main.py:get_path_param_lt_gt,tests/main.py,get_path_param_lt_gt,2,1,0,1,1,1,1,0,0,0,1,0.0,0.00038936458795859686,0
fastapi_1_766157bfb4e7_docs_src/python_types/tutorial009.py___init___0,fastapi,1,766157bfb4e7dfccba09ab398e8ec444d14e947c,docs_src/python_types/tutorial009.py:__init__,docs_src/python_types/tutorial009.py,__init__,2,1,0,2,0,0,0,0,0,0,1,0.0,0.000510869099707011,0
fastapi_1_766157bfb4e7_tests/test_extra_routes.py_test_trace_0,fastapi,1,766157bfb4e7dfccba09ab398e8ec444d14e947c,tests/test_extra_routes.py:test_trace,tests/test_extra_routes.py,test_trace,4,1,0,0,0,1,4,0,0,0,1,0.0,0.00039895704941241906,0
fastapi_1_766157bfb4e7_tests/test_tutorial/test_extra_models/test_tutorial004.py_test_openapi_schema_0,fastapi,1,766157bfb4e7dfccba09ab398e8ec444d14e947c,tests/test_tutorial/test_extra_models/test_tutorial004.py:test_openapi_schema,tests/test_tutorial/test_extra_models/test_tutorial004.py,test_openapi_schema,4,1,0,0,0,2,2,0,0,0,1,0.0,0.000510869099707011,0
fastapi_1_766157bfb4e7_tests/test_response_change_status_code.py_parent_dep_0,fastapi,1,766157bfb4e7dfccba09ab398e8ec444d14e947c,tests/test_response_change_status_code.py:parent_dep,tests/test_response_change_status_code.py,parent_dep,2,1,0,1,1,1,2,0,0,0,1,0.0,0.00044442131984459706,0
fastapi_1_766157bfb4e7_tests/test_tutorial/test_security/test_tutorial005.py_test_token_no_sub_0,fastapi,1,766157bfb4e7dfccba09ab398e8ec444d14e947c,tests/test_tutorial/test_security/test_tutorial005.py:test_token_no_sub,tests/test_tutorial/test_security/test_tutorial005.py,test_token_no_sub,10,1,0,0,0,2,2,0,0,0,1,0.0,0.00039695861994287274,0
fastapi_1_766157bfb4e7_docs_src/sql_databases/sql_app/main.py_create_user_0,fastapi,1,766157bfb4e7dfccba09ab398e8ec444d14e947c,docs_src/sql_databases/sql_app/main.py:create_user,docs_src/sql_databases/sql_app/main.py,create_user,5,2,1,2,1,4,4,0,0,0,1,0.0,0.0004349287798642522,0
fastapi_1_766157bfb4e7_scripts/docs.py_get_text_with_translate_missing_0,fastapi,1,766157bfb4e7dfccba09ab398e8ec444d14e947c,scripts/docs.py:get_text_with_translate_missing,scripts/docs.py,get_text_with_translate_missing,5,1,0,1,1,3,11,1,0,0,2,0.0,0.0005061228297168387,0
fastapi_1_766157bfb4e7_docs_src/sql_databases_peewee/sql_app/main.py_reset_db_state_0,fastapi,1,766157bfb4e7dfccba09ab398e8ec444d14e947c,docs_src/sql_databases_peewee/sql_app/main.py:reset_db_state,docs_src/sql_databases_peewee/sql_app/main.py,reset_db_state,3,1,0,0,0,3,4,0,0,0,1,0.0,0.00042227205989045903,0
fastapi_1_766157bfb4e7_fastapi/datastructures.py_validate_0,fastapi,1,766157bfb4e7dfccba09ab398e8ec444d14e947c,fastapi/datastructures.py:validate,fastapi/datastructures.py,validate,4,2,1,2,1,3,2,0,0,0,1,0.0,0.000510869099707011,0
fastapi_1_766157bfb4e7_tests/test_response_model_invalid.py_test_invalid_response_model_sub_type_in_responses_raises_0,fastapi,1,766157bfb4e7dfccba09ab398e8ec444d14e947c,tests/test_response_model_invalid.py:test_invalid_response_model_sub_type_in_responses_raises,tests/test_response_model_invalid.py,test_invalid_response_model_sub_type_in_responses_raises,7,2,1,0,0,3,4,0,0,0,1,0.0,0.0004349287798642522,0
fastapi_1_766157bfb4e7_docs_src/body_multiple_params/tutorial003.py_update_item_0,fastapi,1,766157bfb4e7dfccba09ab398e8ec444d14e947c,docs_src/body_multiple_params/tutorial003.py:update_item,docs_src/body_multiple_params/tutorial003.py,update_item,5,1,0,4,1,1,2,0,0,0,1,0.0,0.00047764520977580405,0
fastapi_1_766157bfb4e7_fastapi/exception_handlers.py_http_exception_handler_0,fastapi,1,766157bfb4e7dfccba09ab398e8ec444d14e947c,fastapi/exception_handlers.py:http_exception_handler,fastapi/exception_handlers.py,http_exception_handler,8,2,1,2,2,3,6,0,0,0,1,0.0,0.00047764520977580405,0
fastapi_1_766157bfb4e7_tests/test_dependency_contextmanager.py_test_sync_sync_raise_0,fastapi,1,766157bfb4e7dfccba09ab398e8ec444d14e947c,tests/test_dependency_contextmanager.py:test_sync_sync_raise,tests/test_dependency_contextmanager.py,test_sync_sync_raise,6,1,0,0,0,2,4,0,0,0,1,0.0,0.0003862795124649848,0
fastapi_10_b77a43bcac3e_fastapi/routing.py_serialize_response_1,fastapi,10,b77a43bcac3ec8e7edbe82543e777c60ae85c178,fastapi/routing.py:serialize_response,fastapi/routing.py,serialize_response,27,5,3,6,2,9,23,1,0,0,2,0.0,0.0011891692460525086,1
fastapi_10_b77a43bcac3e_tests/test_tutorial/test_path_operation_advanced_configurations/test_tutorial002.py_test_openapi_schema_0,fastapi,10,b77a43bcac3ec8e7edbe82543e777c60ae85c178,tests/test_tutorial/test_path_operation_advanced_configurations/test_tutorial002.py:test_openapi_schema,tests/test_tutorial/test_path_operation_advanced_configurations/test_tutorial002.py,test_openapi_schema,4,1,0,0,0,2,2,0,0,0,1,0.0,0.0007693263658419085,0
fastapi_10_b77a43bcac3e_tests/main.py_get_path_param_lt_0,fastapi,10,b77a43bcac3ec8e7edbe82543e777c60ae85c178,tests/main.py:get_path_param_lt,tests/main.py,get_path_param_lt,2,1,0,1,1,1,1,0,0,0,1,0.0,0.0005587463840644362,0
fastapi_10_b77a43bcac3e_tests/test_tutorial/test_query_params_str_validations/test_tutorial011.py_test_query_no_values_0,fastapi,10,b77a43bcac3ec8e7edbe82543e777c60ae85c178,tests/test_tutorial/test_query_params_str_validations/test_tutorial011.py:test_query_no_values,tests/test_tutorial/test_query_params_str_validations/test_tutorial011.py,test_query_no_values,5,1,0,0,0,2,2,0,0,0,1,0.0,0.0006948788975367416,0
fastapi_11_bf229ad5d830_fastapi/dependencies/utils.py_is_scalar_field_1,fastapi,11,bf229ad5d830eb5320f966d51a55e590e8d57008,fastapi/dependencies/utils.py:is_scalar_field,fastapi/dependencies/utils.py,is_scalar_field,7,1,0,1,1,3,22,3,0,0,4,0.0,0.0023631035076154797,1
fastapi_11_bf229ad5d830_tests/test_ws_router.py_routerindex_0,fastapi,11,bf229ad5d830eb5320f966d51a55e590e8d57008,tests/test_ws_router.py:routerindex,tests/test_ws_router.py,routerindex,4,1,0,1,0,3,3,0,0,0,1,0.0,0.0006109233257489456,0
fastapi_11_bf229ad5d830_tests/test_tutorial/test_security/test_tutorial006.py_test_security_http_basic_invalid_credentials_0,fastapi,11,bf229ad5d830eb5320f966d51a55e590e8d57008,tests/test_tutorial/test_security/test_tutorial006.py:test_security_http_basic_invalid_credentials,tests/test_tutorial/test_security/test_tutorial006.py,test_security_http_basic_invalid_credentials,7,1,0,0,0,2,4,0,0,0,1,0.0,0.0006449200825134155,0
fastapi_11_bf229ad5d830_tests/test_tutorial/test_events/test_tutorial002.py_test_events_0,fastapi,11,bf229ad5d830eb5320f966d51a55e590e8d57008,tests/test_tutorial/test_events/test_tutorial002.py:test_events,tests/test_tutorial/test_events/test_tutorial002.py,test_events,10,3,1,0,0,7,2,0,0,0,1,0.0,0.001007552154667761,0
fastapi_12_d61f5e4b555b_fastapi/security/http.py___call___1,fastapi,12,d61f5e4b555b123bf222503fc0e076cbae6a7ebc,fastapi/security/http.py:__call__,fastapi/security/http.py,__call__,18,4,2,2,2,6,10,0,0,0,1,0.0,0.0006655956492357457,1
fastapi_12_d61f5e4b555b_fastapi/applications.py_setup_0,fastapi,12,d61f5e4b555b123bf222503fc0e076cbae6a7ebc,fastapi/applications.py:setup,fastapi/applications.py,setup,41,5,2,1,4,11,13,1,1,0,3,0.0,0.0011516491293486531,0
fastapi_12_d61f5e4b555b_fastapi/exception_handlers.py_request_validation_exception_handler_0,fastapi,12,d61f5e4b555b123bf222503fc0e076cbae6a7ebc,fastapi/exception_handlers.py:request_validation_exception_handler,fastapi/exception_handlers.py,request_validation_exception_handler,6,1,0,2,1,2,5,0,0,0,1,0.0,0.0008128018047428986,0
fastapi_12_d61f5e4b555b_docs/src/query_params/tutorial001.py_read_item_0,fastapi,12,d61f5e4b555b123bf222503fc0e076cbae6a7ebc,docs/src/query_params/tutorial001.py:read_item,docs/src/query_params/tutorial001.py,read_item,2,1,0,2,1,0,1,0,0,0,1,0.0,0.0008578178275711892,0
fastapi_13_6f7f9268f6b0_fastapi/routing.py_include_router_1,fastapi,13,6f7f9268f6b03f42831dcfeaa5c15ba9813333ec,fastapi/routing.py:include_router,fastapi/routing.py,include_router,47,7,4,5,0,8,20,0,1,0,2,0.0,0.0008313413550040612,1
fastapi_13_6f7f9268f6b0_docs/src/path_params_numeric_validations/tutorial003.py_read_items_0,fastapi,13,6f7f9268f6b03f42831dcfeaa5c15ba9813333ec,docs/src/path_params_numeric_validations/tutorial003.py:read_items,docs/src/path_params_numeric_validations/tutorial003.py,read_items,7,2,1,2,1,2,1,0,0,0,1,0.0,0.0011276957448152249,0
fastapi_13_6f7f9268f6b0_tests/test_security_api_key_header_optional.py_get_current_user_0,fastapi,13,6f7f9268f6b03f42831dcfeaa5c15ba9813333ec,tests/test_security_api_key_header_optional.py:get_current_user,tests/test_security_api_key_header_optional.py,get_current_user,5,2,1,1,2,2,5,0,0,0,1,0.0,0.000882033553261234,0
fastapi_13_6f7f9268f6b0_docs/src/body_schema/tutorial001.py_update_item_0,fastapi,13,6f7f9268f6b03f42831dcfeaa5c15ba9813333ec,docs/src/body_schema/tutorial001.py:update_item,docs/src/body_schema/tutorial001.py,update_item,3,1,0,2,1,1,2,0,0,0,1,0.0,0.0010185125485690067,0
fastapi_15_b16ca54c3064_fastapi/routing.py_include_router_1,fastapi,15,b16ca54c30644667ab9f65a712704850666a039c,fastapi/routing.py:include_router,fastapi/routing.py,include_router,34,5,3,4,0,6,20,0,1,0,2,0.0,0.0009819074700098745,1
fastapi_15_b16ca54c3064_tests/test_tutorial/test_handling_errors/test_tutorial001.py_test_get_item_0,fastapi,15,b16ca54c30644667ab9f65a712704850666a039c,tests/test_tutorial/test_handling_errors/test_tutorial001.py:test_get_item,tests/test_tutorial/test_handling_errors/test_tutorial001.py,test_get_item,4,1,0,0,0,2,2,0,0,0,1,0.0,0.0012025985989972702,0
fastapi_15_b16ca54c3064_fastapi/security/http.py___init___0,fastapi,15,b16ca54c30644667ab9f65a712704850666a039c,fastapi/security/http.py:__init__,fastapi/security/http.py,__init__,4,1,0,3,0,1,9,0,0,0,1,0.0,0.0010281639855437676,0
fastapi_15_b16ca54c3064_docs/src/query_params_str_validations/tutorial002.py_read_items_0,fastapi,15,b16ca54c30644667ab9f65a712704850666a039c,docs/src/query_params_str_validations/tutorial002.py:read_items,docs/src/query_params_str_validations/tutorial002.py,read_items,5,2,1,1,1,2,1,0,0,0,1,0.0,0.0013313350909065845,0
fastapi_16_92c825be6a73_fastapi/encoders.py_jsonable_encoder_1,fastapi,16,92c825be6a7362099400c9c3fe8b01ea13add3dc,fastapi/encoders.py:jsonable_encoder,fastapi/encoders.py,jsonable_encoder,71,14,3,6,8,26,5,0,0,0,1,0.0,0.002084044950500486,1
fastapi_16_92c825be6a73_docs/src/query_params_str_validations/tutorial003.py_read_items_0,fastapi,16,92c825be6a7362099400c9c3fe8b01ea13add3dc,docs/src/query_params_str_validations/tutorial003.py:read_items,docs/src/query_params_str_validations/tutorial003.py,read_items,5,2,1,1,1,2,1,0,0,0,1,0.0,0.00147647618922253,0
fastapi_16_92c825be6a73_tests/test_tutorial/test_request_files/test_tutorial001.py_test_post_large_file_0,fastapi,16,92c825be6a7362099400c9c3fe8b01ea13add3dc,tests/test_tutorial/test_request_files/test_tutorial001.py:test_post_large_file,tests/test_tutorial/test_request_files/test_tutorial001.py,test_post_large_file,10,2,1,1,0,7,3,0,0,0,1,0.0,0.0012189152408339844,0
fastapi_16_92c825be6a73_pending_tests/main.py___call___0,fastapi,16,92c825be6a7362099400c9c3fe8b01ea13add3dc,pending_tests/main.py:__call__,pending_tests/main.py,__call__,2,1,0,1,1,0,5,0,0,0,1,0.0,0.0011008664728225678,0
fastapi_2_210af1fd3dc0_fastapi/routing.py_add_api_websocket_route_1,fastapi,2,210af1fd3dc0f612a08fa02a0cb3f5adb81e5bfb,fastapi/routing.py:add_api_websocket_route,fastapi/routing.py,add_api_websocket_route,5,1,0,4,0,2,26,2,0,0,3,0.0,0.0010127258613868353,1
fastapi_2_210af1fd3dc0_tests/test_empty_router.py_get_empty_0,fastapi,2,210af1fd3dc0f612a08fa02a0cb3f5adb81e5bfb,tests/test_empty_router.py:get_empty,tests/test_empty_router.py,get_empty,2,1,0,0,1,0,3,0,0,0,1,0.0,0.0004688164690531612,0
fastapi_2_210af1fd3dc0_tests/test_default_response_class_router.py_get_b_path_override_0,fastapi,2,210af1fd3dc0f612a08fa02a0cb3f5adb81e5bfb,tests/test_default_response_class_router.py:get_b_path_override,tests/test_default_response_class_router.py,get_b_path_override,2,1,0,0,1,0,3,0,0,0,1,0.0,0.0003999223768341411,0
fastapi_2_210af1fd3dc0_fastapi/security/http.py___init___0,fastapi,2,210af1fd3dc0f612a08fa02a0cb3f5adb81e5bfb,fastapi/security/http.py:__init__,fastapi/security/http.py,__init__,7,1,0,4,0,1,10,0,0,0,1,0.0,0.0004211859855437152,0
fastapi_3_869c7389e22d_fastapi/routing.py_serialize_response_1,fastapi,3,869c7389e22dc9ad659940fa271da76c4f3ba3b1,fastapi/routing.py:serialize_response,fastapi/routing.py,serialize_response,40,8,3,7,2,13,26,1,0,0,2,0.0,0.0006138297087521787,1
fastapi_3_869c7389e22d_fastapi/security/api_key.py___call___0,fastapi,3,869c7389e22dc9ad659940fa271da76c4f3ba3b1,fastapi/security/api_key.py:__call__,fastapi/security/api_key.py,__call__,10,3,2,2,2,2,6,0,0,0,1,0.0,0.00044460331512305467,0
fastapi_3_869c7389e22d_docs_src/body/tutorial003.py_create_item_0,fastapi,3,869c7389e22dc9ad659940fa271da76c4f3ba3b1,docs_src/body/tutorial003.py:create_item,docs_src/body/tutorial003.py,create_item,2,1,0,2,1,1,2,0,0,0,1,0.0,0.0005309433118726077,0
fastapi_3_869c7389e22d_fastapi/routing.py_add_api_route_0,fastapi,3,869c7389e22dc9ad659940fa271da76c4f3ba3b1,fastapi/routing.py:add_api_route,fastapi/routing.py,add_api_route,57,2,1,24,0,5,26,2,0,0,3,0.0,0.0010282616931500334,0
fastapi_4_7ccd81f70653_fastapi/openapi/utils.py_get_openapi_path_1,fastapi,4,7ccd81f70653857bd8f3a15ee946aa3fb0edc2cb,fastapi/openapi/utils.py:get_openapi_path,fastapi/openapi/utils.py,get_openapi_path,111,19,5,2,1,39,18,1,5,0,7,0.0,0.0008817192620353747,1
fastapi_4_7ccd81f70653_tests/test_security_api_key_cookie.py_test_openapi_schema_0,fastapi,4,7ccd81f70653857bd8f3a15ee946aa3fb0edc2cb,tests/test_security_api_key_cookie.py:test_openapi_schema,tests/test_security_api_key_cookie.py,test_openapi_schema,4,1,0,0,0,2,4,0,0,0,1,0.0,0.0004721475386091621,0
fastapi_4_7ccd81f70653_tests/test_dependency_overrides.py_decorator_depends_0,fastapi,4,7ccd81f70653857bd8f3a15ee946aa3fb0edc2cb,tests/test_dependency_overrides.py:decorator_depends,tests/test_dependency_overrides.py,decorator_depends,2,1,0,0,1,0,3,0,0,0,1,0.0,0.0004538726848079925,0
fastapi_4_7ccd81f70653_tests/test_default_response_class.py_test_router_a_0,fastapi,4,7ccd81f70653857bd8f3a15ee946aa3fb0edc2cb,tests/test_default_response_class.py:test_router_a,tests/test_default_response_class.py,test_router_a,5,2,1,0,0,2,5,0,0,0,1,0.0,0.0004310291175565305,0
fastapi_5_7cea84b74ca3_fastapi/utils.py_create_cloned_field_1,fastapi,5,7cea84b74ca3106a7f861b774e9d215e5228728f,fastapi/utils.py:create_cloned_field,fastapi/utils.py,create_cloned_field,66,11,2,1,1,14,13,0,0,0,1,0.0,0.0004652642144097205,1
fastapi_5_7cea84b74ca3_docs/src/graphql/tutorial001.py_resolve_hello_0,fastapi,5,7cea84b74ca3106a7f861b774e9d215e5228728f,docs/src/graphql/tutorial001.py:resolve_hello,docs/src/graphql/tutorial001.py,resolve_hello,2,1,0,3,1,0,3,0,0,0,1,0.0,0.0005685628255208315,0
fastapi_5_7cea84b74ca3_tests/test_default_response_class.py_test_router_b_0,fastapi,5,7cea84b74ca3106a7f861b774e9d215e5228728f,tests/test_default_response_class.py:test_router_b,tests/test_default_response_class.py,test_router_b,5,2,1,0,0,1,5,0,0,0,1,0.0,0.00043482801649305384,0
fastapi_5_7cea84b74ca3_tests/test_inherited_custom_class.py___init___0,fastapi,5,7cea84b74ca3106a7f861b774e9d215e5228728f,tests/test_inherited_custom_class.py:__init__,tests/test_inherited_custom_class.py,__init__,2,1,0,2,0,0,5,0,0,0,1,0.0,0.00046123959319759923,0
fastapi_6_5db99a27cf64_fastapi/dependencies/utils.py_request_body_to_args_1,fastapi,6,5db99a27cf640864b4793807811848698c5ff4a2,fastapi/dependencies/utils.py:request_body_to_args,fastapi/dependencies/utils.py,request_body_to_args,69,13,5,2,1,31,30,1,0,0,2,0.0,0.0005271339915399154,1
fastapi_6_5db99a27cf64_tests/test_tutorial/test_extending_openapi/test_tutorial002.py_test_api_0,fastapi,6,5db99a27cf640864b4793807811848698c5ff4a2,tests/test_tutorial/test_extending_openapi/test_tutorial002.py:test_api,tests/test_tutorial/test_extending_openapi/test_tutorial002.py,test_api,4,1,0,1,0,2,5,0,0,0,1,0.0,0.0005112651243903373,0
fastapi_6_5db99a27cf64_tests/test_security_api_key_query.py_test_security_api_key_0,fastapi,6,5db99a27cf640864b4793807811848698c5ff4a2,tests/test_security_api_key_query.py:test_security_api_key,tests/test_security_api_key_query.py,test_security_api_key,4,1,0,0,0,2,4,0,0,0,1,0.0,0.00047794050337622335,0
fastapi_6_5db99a27cf64_tests/test_tutorial/test_query_params/test_tutorial007.py_test_read_item_0,fastapi,6,5db99a27cf640864b4793807811848698c5ff4a2,tests/test_tutorial/test_query_params/test_tutorial007.py:test_read_item,tests/test_tutorial/test_query_params/test_tutorial007.py,test_read_item,4,1,0,0,0,2,2,0,0,0,1,0.0,0.0005705088950820955,0
fastapi_7_cc4c13e4ae3f_fastapi/exception_handlers.py_request_validation_exception_handler_1,fastapi,7,cc4c13e4ae3f65fc76c23962b316df4a60e0c7e0,fastapi/exception_handlers.py:request_validation_exception_handler,fastapi/exception_handlers.py,request_validation_exception_handler,6,1,0,2,1,2,5,0,0,0,1,0.0,0.0006095526388529659,1
fastapi_7_cc4c13e4ae3f_tests/test_infer_param_optionality.py_test_get_users_0,fastapi,7,cc4c13e4ae3f65fc76c23962b316df4a60e0c7e0,tests/test_infer_param_optionality.py:test_get_users,tests/test_infer_param_optionality.py,test_get_users,5,1,0,0,0,2,2,0,0,0,1,0.0,0.0004820266091539683,0
fastapi_7_cc4c13e4ae3f_docs/src/body_nested_models/tutorial005.py_update_item_0,fastapi,7,cc4c13e4ae3f65fc76c23962b316df4a60e0c7e0,docs/src/body_nested_models/tutorial005.py:update_item,docs/src/body_nested_models/tutorial005.py,update_item,3,1,0,2,1,0,3,0,0,0,1,0.0,0.000551117935641988,0
fastapi_7_cc4c13e4ae3f_docs/src/response_model/tutorial005.py_read_item_name_0,fastapi,7,cc4c13e4ae3f65fc76c23962b316df4a60e0c7e0,docs/src/response_model/tutorial005.py:read_item_name,docs/src/response_model/tutorial005.py,read_item_name,2,1,0,1,1,0,2,0,0,0,1,0.0,0.000551117935641988,0
fastapi_8_fdb6d43e103b_fastapi/routing.py_include_router_1,fastapi,8,fdb6d43e103bcf7a7325d796e37c9435c9460e4c,fastapi/routing.py:include_router,fastapi/routing.py,include_router,67,10,5,7,0,16,23,0,2,0,3,0.0,0.0005181355543021075,1
fastapi_8_fdb6d43e103b_fastapi/routing.py_add_api_route_1,fastapi,8,fdb6d43e103bcf7a7325d796e37c9435c9460e4c,fastapi/routing.py:add_api_route,fastapi/routing.py,add_api_route,48,1,0,21,0,3,23,2,0,0,3,0.0,0.00468254208920475,1
fastapi_8_fdb6d43e103b_tests/test_dependency_cache.py_dep_counter_0,fastapi,8,fdb6d43e103bcf7a7325d796e37c9435c9460e4c,tests/test_dependency_cache.py:dep_counter,tests/test_dependency_cache.py,dep_counter,3,1,0,0,1,0,2,0,0,0,1,0.0,0.0005481119194568969,0
fastapi_8_fdb6d43e103b_fastapi/openapi/utils.py_get_openapi_operation_request_body_0,fastapi,8,fdb6d43e103bcf7a7325d796e37c9435c9460e4c,fastapi/openapi/utils.py:get_openapi_operation_request_body,fastapi/openapi/utils.py,get_openapi_operation_request_body,17,3,1,2,2,3,16,1,0,0,2,0.0,0.0007097886829788661,0
fastapi_8_fdb6d43e103b_tests/test_dependency_overrides.py_main_depends_0,fastapi,8,fdb6d43e103bcf7a7325d796e37c9435c9460e4c,tests/test_dependency_overrides.py:main_depends,tests/test_dependency_overrides.py,main_depends,2,1,0,1,1,1,3,0,0,0,1,0.0,0.0005366503680741834,0
fastapi_8_fdb6d43e103b_docs/src/dependencies/tutorial002.py_read_items_0,fastapi,8,fdb6d43e103bcf7a7325d796e37c9435c9460e4c,docs/src/dependencies/tutorial002.py:read_items,docs/src/dependencies/tutorial002.py,read_items,7,2,1,1,1,3,1,0,0,0,1,0.0,0.0006054196763704649,0
fastapi_8_fdb6d43e103b_docs/src/security/tutorial003.py_get_user_0,fastapi,8,fdb6d43e103bcf7a7325d796e37c9435c9460e4c,docs/src/security/tutorial003.py:get_user,docs/src/security/tutorial003.py,get_user,4,2,1,2,1,1,4,1,0,0,2,0.0,0.0014324053830667568,0
fastapi_8_fdb6d43e103b_tests/test_tutorial/test_extra_models/test_tutorial005.py_test_openapi_schema_0,fastapi,8,fdb6d43e103bcf7a7325d796e37c9435c9460e4c,tests/test_tutorial/test_extra_models/test_tutorial005.py:test_openapi_schema,tests/test_tutorial/test_extra_models/test_tutorial005.py,test_openapi_schema,4,1,0,0,0,2,2,0,0,0,1,0.0,0.0007085736388148869,0
fastapi_9_a7a92bc63768_fastapi/dependencies/utils.py_get_body_field_1,fastapi,9,a7a92bc63768ccee3f3afc2b73b2c581928dfe75,fastapi/dependencies/utils.py:get_body_field,fastapi/dependencies/utils.py,get_body_field,31,6,2,2,3,13,22,0,2,0,3,0.0,0.0005598533770637135,1
fastapi_9_a7a92bc63768_fastapi/dependencies/utils.py_request_body_to_args_0,fastapi,9,a7a92bc63768ccee3f3afc2b73b2c581928dfe75,fastapi/dependencies/utils.py:request_body_to_args,fastapi/dependencies/utils.py,request_body_to_args,61,12,4,2,1,27,22,1,0,0,2,0.0,0.0006752149232115605,0
fastapi_9_a7a92bc63768_tests/test_tutorial/test_bigger_applications/test_main.py_test_put_invalid_header_0,fastapi,9,a7a92bc63768ccee3f3afc2b73b2c581928dfe75,tests/test_tutorial/test_bigger_applications/test_main.py:test_put_invalid_header,tests/test_tutorial/test_bigger_applications/test_main.py,test_put_invalid_header,4,1,0,0,0,2,3,0,0,0,1,0.0,0.00062573034934715,0
fastapi_9_a7a92bc63768_tests/test_tutorial/test_handling_errors/test_tutorial005.py_test_openapi_schema_0,fastapi,9,a7a92bc63768ccee3f3afc2b73b2c581928dfe75,tests/test_tutorial/test_handling_errors/test_tutorial005.py:test_openapi_schema,tests/test_tutorial/test_handling_errors/test_tutorial005.py,test_openapi_schema,4,1,0,0,0,2,2,0,0,0,1,0.0,0.0006477230757663674,0
keras_1_331d5b0102ab_keras/initializers.py___call___1,keras,1,331d5b0102ab0cc79cece1f03cc551d8105db3c9,keras/initializers.py:__call__,keras/initializers.py,__call__,6,2,1,3,1,3,7,0,1,0,2,0.0,0.0003011020113184642,1
keras_1_331d5b0102ab_keras/backend/tensorflow_backend.py_update_sub_1,keras,1,331d5b0102ab0cc79cece1f03cc551d8105db3c9,keras/backend/tensorflow_backend.py:update_sub,keras/backend/tensorflow_backend.py,update_sub,11,1,0,2,1,1,19,0,0,0,1,0.0,0.0002902233623628109,1
keras_1_331d5b0102ab_keras/backend/tensorflow_backend.py_update_1,keras,1,331d5b0102ab0cc79cece1f03cc551d8105db3c9,keras/backend/tensorflow_backend.py:update,keras/backend/tensorflow_backend.py,update,11,1,0,2,1,1,19,0,0,0,1,0.0,0.0002902233623628109,1
keras_1_331d5b0102ab_keras/backend/tensorflow_backend.py_update_add_1,keras,1,331d5b0102ab0cc79cece1f03cc551d8105db3c9,keras/backend/tensorflow_backend.py:update_add,keras/backend/tensorflow_backend.py,update_add,11,1,0,2,1,1,19,0,0,0,1,0.0,0.0002902233623628109,1
keras_1_331d5b0102ab_keras/backend/tensorflow_backend.py_print_tensor_1,keras,1,331d5b0102ab0cc79cece1f03cc551d8105db3c9,keras/backend/tensorflow_backend.py:print_tensor,keras/backend/tensorflow_backend.py,print_tensor,21,1,0,2,1,1,19,0,0,0,1,0.0,0.0002902233623628109,1
keras_1_331d5b0102ab_keras/backend/theano_backend.py_print_tensor_1,keras,1,331d5b0102ab0cc79cece1f03cc551d8105db3c9,keras/backend/theano_backend.py:print_tensor,keras/backend/theano_backend.py,print_tensor,6,1,0,2,1,2,21,0,0,0,1,0.0,0.00029023462170884126,1
keras_1_331d5b0102ab_keras/backend/cntk_backend.py_batch_set_value_0,keras,1,331d5b0102ab0cc79cece1f03cc551d8105db3c9,keras/backend/cntk_backend.py:batch_set_value,keras/backend/cntk_backend.py,batch_set_value,10,4,2,1,0,3,13,0,0,0,1,0.0,0.0002901480694175687,0
keras_1_331d5b0102ab_examples/mnist_siamese.py_create_base_network_0,keras,1,331d5b0102ab0cc79cece1f03cc551d8105db3c9,examples/mnist_siamese.py:create_base_network,examples/mnist_siamese.py,create_base_network,11,1,0,1,1,14,9,0,0,0,1,0.0,0.0003085519161117448,0
keras_1_331d5b0102ab_keras/engine/network.py_to_yaml_0,keras,1,331d5b0102ab0cc79cece1f03cc551d8105db3c9,keras/engine/network.py:to_yaml,keras/engine/network.py,to_yaml,18,1,0,2,1,2,24,0,1,0,2,0.0,0.00029504931483165947,0
keras_1_331d5b0102ab_keras/callbacks/callbacks.py_on_epoch_end_0,keras,1,331d5b0102ab0cc79cece1f03cc551d8105db3c9,keras/callbacks/callbacks.py:on_epoch_end,keras/callbacks/callbacks.py,on_epoch_end,7,4,2,3,0,2,18,0,3,0,4,0.0,0.0002940848433116534,0
keras_1_331d5b0102ab_keras/backend/theano_backend.py__preprocess_conv2d_image_shape_0,keras,1,331d5b0102ab0cc79cece1f03cc551d8105db3c9,keras/backend/theano_backend.py:_preprocess_conv2d_image_shape,keras/backend/theano_backend.py,_preprocess_conv2d_image_shape,14,6,2,2,3,4,21,4,0,0,5,0.0,0.000406126994381682,0
keras_1_331d5b0102ab_keras/backend/numpy_backend.py_arange_0,keras,1,331d5b0102ab0cc79cece1f03cc551d8105db3c9,keras/backend/numpy_backend.py:arange,keras/backend/numpy_backend.py,arange,2,1,0,4,1,1,9,1,0,0,2,0.0,0.000322580399059051,0
keras_1_331d5b0102ab_keras/backend/cntk_backend.py_tanh_0,keras,1,331d5b0102ab0cc79cece1f03cc551d8105db3c9,keras/backend/cntk_backend.py:tanh,keras/backend/cntk_backend.py,tanh,2,1,0,1,1,1,13,0,0,0,1,0.0,0.0002901480694175687,0
keras_1_331d5b0102ab_tests/keras/engine/test_topology.py_test_layer_sharing_at_heterogeneous_depth_0,keras,1,331d5b0102ab0cc79cece1f03cc551d8105db3c9,tests/keras/engine/test_topology.py:test_layer_sharing_at_heterogeneous_depth,tests/keras/engine/test_topology.py,test_layer_sharing_at_heterogeneous_depth,19,1,0,0,0,16,15,0,0,0,1,0.0,0.0002958932274116648,0
keras_1_331d5b0102ab_keras/backend/cntk_backend.py_cast_0,keras,1,331d5b0102ab0cc79cece1f03cc551d8105db3c9,keras/backend/cntk_backend.py:cast,keras/backend/cntk_backend.py,cast,3,1,0,2,1,0,13,0,0,0,1,0.0,0.0002901480694175687,0
keras_1_331d5b0102ab_tests/keras/layers/recurrent_test.py_test_rnn_cell_with_constants_layer_passing_initial_state_0,keras,1,331d5b0102ab0cc79cece1f03cc551d8105db3c9,tests/keras/layers/recurrent_test.py:test_rnn_cell_with_constants_layer_passing_initial_state,tests/keras/layers/recurrent_test.py,test_rnn_cell_with_constants_layer_passing_initial_state,86,5,1,0,2,55,13,0,0,0,1,0.0,0.0002940848433116534,0
keras_1_331d5b0102ab_keras/utils/data_utils.py_stop_0,keras,1,331d5b0102ab0cc79cece1f03cc551d8105db3c9,keras/utils/data_utils.py:stop,keras/utils/data_utils.py,stop,15,2,1,2,0,4,26,1,0,0,2,0.0,0.0006063579883748776,0
keras_1_331d5b0102ab_examples/neural_style_transfer.py_total_variation_loss_0,keras,1,331d5b0102ab0cc79cece1f03cc551d8105db3c9,examples/neural_style_transfer.py:total_variation_loss,examples/neural_style_transfer.py,total_variation_loss,13,2,1,1,1,8,8,0,0,0,1,0.0,0.00030565850155172647,0
keras_1_331d5b0102ab_examples/neural_doodle.py___init___0,keras,1,331d5b0102ab0cc79cece1f03cc551d8105db3c9,examples/neural_doodle.py:__init__,examples/neural_doodle.py,__init__,3,1,0,1,0,0,12,0,0,0,1,0.0,0.00030108995224643447,0
keras_1_331d5b0102ab_keras/backend/cntk_backend.py_exp_0,keras,1,331d5b0102ab0cc79cece1f03cc551d8105db3c9,keras/backend/cntk_backend.py:exp,keras/backend/cntk_backend.py,exp,2,1,0,1,1,1,13,1,0,0,2,0.0,0.0003716937943622203,0
keras_1_331d5b0102ab_keras/backend/theano_backend.py_relu_0,keras,1,331d5b0102ab0cc79cece1f03cc551d8105db3c9,keras/backend/theano_backend.py:relu,keras/backend/theano_backend.py,relu,21,6,2,4,1,8,21,0,3,0,4,0.0,0.00029023462170884126,0
keras_1_331d5b0102ab_keras/callbacks/callbacks.py_set_params_0,keras,1,331d5b0102ab0cc79cece1f03cc551d8105db3c9,keras/callbacks/callbacks.py:set_params,keras/callbacks/callbacks.py,set_params,4,2,1,2,0,1,18,0,0,0,1,0.0,0.0002940848433116534,0
keras_1_331d5b0102ab_tests/keras/backend/backend_test.py_check_dtype_0,keras,1,331d5b0102ab0cc79cece1f03cc551d8105db3c9,tests/keras/backend/backend_test.py:check_dtype,tests/keras/backend/backend_test.py,check_dtype,5,2,1,2,0,1,13,1,0,0,2,0.0,0.0005364683303776635,0
keras_1_331d5b0102ab_tests/keras/legacy/interface_test.py_test_convlstm2d_legacy_interface_0,keras,1,331d5b0102ab0cc79cece1f03cc551d8105db3c9,tests/keras/legacy/interface_test.py:test_convlstm2d_legacy_interface,tests/keras/legacy/interface_test.py,test_convlstm2d_legacy_interface,42,1,0,0,0,24,6,0,0,0,1,0.0,0.0002940848433116534,0
keras_10_8f41e41eda6e_keras/engine/training_utils.py_standardize_weights_1,keras,10,8f41e41eda6e8ea96403cae5798a5a89c8bb5605,keras/engine/training_utils.py:standardize_weights,keras/engine/training_utils.py,standardize_weights,100,16,4,4,4,37,8,0,0,0,1,0.0,0.0003246645214647772,1
keras_10_8f41e41eda6e_examples/neural_doodle.py_gram_matrix_0,keras,10,8f41e41eda6e8ea96403cae5798a5a89c8bb5605,examples/neural_doodle.py:gram_matrix,examples/neural_doodle.py,gram_matrix,5,1,0,1,1,4,12,1,0,0,2,0.0,0.0008886748629003173,0
keras_10_8f41e41eda6e_tests/keras/layers/recurrent_test.py_test_masking_layer_0,keras,10,8f41e41eda6e8ea96403cae5798a5a89c8bb5605,tests/keras/layers/recurrent_test.py:test_masking_layer,tests/keras/layers/recurrent_test.py,test_masking_layer,19,1,0,0,0,18,13,0,0,0,1,0.0,0.00031020760311292116,0
keras_10_8f41e41eda6e_keras/backend/tensorflow_backend.py_random_binomial_0,keras,10,8f41e41eda6e8ea96403cae5798a5a89c8bb5605,keras/backend/tensorflow_backend.py:random_binomial,keras/backend/tensorflow_backend.py,random_binomial,19,3,1,4,1,6,23,0,3,0,4,0.0,0.0003056771384975422,0
keras_11_36b9e4c055f3_keras/engine/training_generator.py_evaluate_generator_1,keras,11,36b9e4c055f32718a036cabaf767325b010c7485,keras/engine/training_generator.py:evaluate_generator,keras/engine/training_generator.py,evaluate_generator,111,23,5,7,1,43,12,1,0,0,2,0.0,0.0007596321481719532,1
keras_11_36b9e4c055f3_keras/engine/training_generator.py_predict_generator_1,keras,11,36b9e4c055f32718a036cabaf767325b010c7485,keras/engine/training_generator.py:predict_generator,keras/engine/training_generator.py,predict_generator,94,21,5,7,4,28,12,0,0,0,1,0.0,0.00039661358983512636,1
keras_11_36b9e4c055f3_keras/engine/training_generator.py_fit_generator_1,keras,11,36b9e4c055f32718a036cabaf767325b010c7485,keras/engine/training_generator.py:fit_generator,keras/engine/training_generator.py,fit_generator,243,39,6,14,1,71,12,0,1,0,2,0.0,0.00039661358983512636,1
keras_11_36b9e4c055f3_keras/engine/training_utils.py_iter_sequence_infinite_1,keras,11,36b9e4c055f32718a036cabaf767325b010c7485,keras/engine/training_utils.py:iter_sequence_infinite,keras/engine/training_utils.py,iter_sequence_infinite,12,3,2,1,0,0,7,0,0,0,1,0.0,0.0003330689119759733,1
keras_11_36b9e4c055f3_tests/keras/layers/pooling_test.py_test_maxpooling_1d_0,keras,11,36b9e4c055f32718a036cabaf767325b010c7485,tests/keras/layers/pooling_test.py:test_maxpooling_1d,tests/keras/layers/pooling_test.py,test_maxpooling_1d,6,1,0,3,0,1,7,0,0,0,1,0.0,0.0003297536223301023,0
keras_11_36b9e4c055f3_tests/test_multiprocessing.py_test_multiprocessing_predicting_0,keras,11,36b9e4c055f32718a036cabaf767325b010c7485,tests/test_multiprocessing.py:test_multiprocessing_predicting,tests/test_multiprocessing.py,test_multiprocessing_predicting,86,6,2,0,0,24,9,0,0,0,1,0.0,0.00032211248318667095,0
keras_11_36b9e4c055f3_keras/engine/base_layer.py_trainable_weights_0,keras,11,36b9e4c055f32718a036cabaf767325b010c7485,keras/engine/base_layer.py:trainable_weights,keras/engine/base_layer.py,trainable_weights,6,2,1,1,2,1,13,0,0,0,1,0.0,0.00031549016259569714,0
keras_11_36b9e4c055f3_tests/keras/optimizers_test.py__test_optimizer_0,keras,11,36b9e4c055f32718a036cabaf767325b010c7485,tests/keras/optimizers_test.py:_test_optimizer,tests/keras/optimizers_test.py,_test_optimizer,37,1,0,2,0,30,12,10,1,0,12,0.0,0.003092428808210671,0
keras_11_36b9e4c055f3_keras/layers/convolutional_recurrent.py_call_0,keras,11,36b9e4c055f32718a036cabaf767325b010c7485,keras/layers/convolutional_recurrent.py:call,keras/layers/convolutional_recurrent.py,call,73,7,2,4,1,17,15,0,5,0,6,0.0,0.0003188988516303075,0
keras_11_36b9e4c055f3_examples/babi_rnn.py_vectorize_stories_0,keras,11,36b9e4c055f32718a036cabaf767325b010c7485,examples/babi_rnn.py:vectorize_stories,examples/babi_rnn.py,vectorize_stories,15,2,1,4,1,8,11,0,0,0,1,0.0,0.0003357710194055545,0
keras_11_36b9e4c055f3_keras/backend/tensorflow_backend.py_spatial_3d_padding_0,keras,11,36b9e4c055f32718a036cabaf767325b010c7485,keras/backend/tensorflow_backend.py:spatial_3d_padding,keras/backend/tensorflow_backend.py,spatial_3d_padding,39,1,0,3,1,7,23,0,0,0,1,0.0,0.00031128559472048283,0
keras_11_36b9e4c055f3_tests/integration_tests/test_datasets.py_test_cifar_0,keras,11,36b9e4c055f32718a036cabaf767325b010c7485,tests/integration_tests/test_datasets.py:test_cifar,tests/integration_tests/test_datasets.py,test_cifar,14,2,1,0,0,18,11,0,0,0,1,0.0,0.00034694618540282276,0
keras_11_36b9e4c055f3_keras/layers/recurrent.py_bias_initializer_0,keras,11,36b9e4c055f32718a036cabaf767325b010c7485,keras/layers/recurrent.py:bias_initializer,keras/layers/recurrent.py,bias_initializer,2,1,0,1,1,0,11,1,0,0,2,0.0,0.00044909485559203687,0
keras_11_36b9e4c055f3_keras/layers/convolutional_recurrent.py_build_0,keras,11,36b9e4c055f32718a036cabaf767325b010c7485,keras/layers/convolutional_recurrent.py:build,keras/layers/convolutional_recurrent.py,build,65,6,2,2,1,9,15,0,2,0,3,0.0,0.0003188988516303075,0
keras_11_36b9e4c055f3_keras/backend/tensorflow_backend.py_normalize_batch_in_training_0,keras,11,36b9e4c055f32718a036cabaf767325b010c7485,keras/backend/tensorflow_backend.py:normalize_batch_in_training,keras/backend/tensorflow_backend.py,normalize_batch_in_training,32,4,2,5,4,12,23,0,5,0,6,0.0,0.00031128559472048283,0
keras_11_36b9e4c055f3_keras/backend/theano_backend.py_foldl_0,keras,11,36b9e4c055f32718a036cabaf767325b010c7485,keras/backend/theano_backend.py:foldl,keras/backend/theano_backend.py,foldl,21,2,1,4,1,2,21,0,0,0,1,0.0,0.0003112385544056341,0
keras_13_2bfd1f2c950d_keras/engine/training_generator.py_fit_generator_1,keras,13,2bfd1f2c950df5fc3f40b903c1966f1b0a48bee4,keras/engine/training_generator.py:fit_generator,keras/engine/training_generator.py,fit_generator,244,39,6,14,1,70,12,0,1,0,2,0.0,0.0003992150456964753,1
keras_13_2bfd1f2c950d_keras/layers/recurrent.py_get_config_0,keras,13,2bfd1f2c950df5fc3f40b903c1966f1b0a48bee4,keras/layers/recurrent.py:get_config,keras/layers/recurrent.py,get_config,14,2,1,1,1,8,11,0,0,0,1,0.0,0.0003175723348103245,0
keras_13_2bfd1f2c950d_keras/backend/cntk_backend.py_expand_dims_0,keras,13,2bfd1f2c950df5fc3f40b903c1966f1b0a48bee4,keras/backend/cntk_backend.py:expand_dims,keras/backend/cntk_backend.py,expand_dims,12,4,1,2,1,7,13,6,3,0,10,0.0,0.0007995204985510665,0
keras_13_2bfd1f2c950d_keras/backend/cntk_backend.py_variable_0,keras,13,2bfd1f2c950df5fc3f40b903c1966f1b0a48bee4,keras/backend/cntk_backend.py:variable,keras/backend/cntk_backend.py,variable,47,8,1,4,1,12,13,5,2,0,8,8.557977186773462e-06,0.0011830503788106527,0
keras_14_98465b85d020_keras/metrics.py_sparse_top_k_categorical_accuracy_1,keras,14,98465b85d020f1326bcef7632f1261a9a7a84e92,keras/metrics.py:sparse_top_k_categorical_accuracy,keras/metrics.py,sparse_top_k_categorical_accuracy,3,1,0,3,1,4,19,0,0,0,1,0.0,0.00034771723472483884,1
keras_14_98465b85d020_keras/utils/data_utils.py___getitem___0,keras,14,98465b85d020f1326bcef7632f1261a9a7a84e92,keras/utils/data_utils.py:__getitem__,keras/utils/data_utils.py,__getitem__,10,1,0,2,0,0,26,0,0,0,1,0.0,0.00032921598529116127,0
keras_14_98465b85d020_keras/backend/cntk_backend.py_zeros_0,keras,14,98465b85d020f1326bcef7632f1261a9a7a84e92,keras/backend/cntk_backend.py:zeros,keras/backend/cntk_backend.py,zeros,5,2,1,3,1,4,13,0,2,0,3,0.0,0.00031625092307587845,0
keras_14_98465b85d020_keras/layers/wrappers.py_from_config_0,keras,14,98465b85d020f1326bcef7632f1261a9a7a84e92,keras/layers/wrappers.py:from_config,keras/layers/wrappers.py,from_config,5,1,0,3,1,3,8,1,0,0,2,0.0,0.00046438694113168334,0
keras_15_5b6243485acc_keras/callbacks.py_on_train_begin_1,keras,15,5b6243485acc20cc36f2db4f258512c332d691ec,keras/callbacks.py:on_train_begin,keras/callbacks.py,on_train_begin,8,4,3,2,0,7,18,0,1,0,2,0.0,0.00033297872797711234,1
keras_15_5b6243485acc_keras/callbacks.py___init___1,keras,15,5b6243485acc20cc36f2db4f258512c332d691ec,keras/callbacks.py:__init__,keras/callbacks.py,__init__,34,7,1,8,0,3,18,0,1,0,2,0.0,0.00033297872797711234,1
keras_15_5b6243485acc_keras/callbacks.py_on_epoch_end_1,keras,15,5b6243485acc20cc36f2db4f258512c332d691ec,keras/callbacks.py:on_epoch_end,keras/callbacks.py,on_epoch_end,32,8,2,3,3,15,18,0,3,0,4,0.0,0.00033297872797711234,1
keras_15_5b6243485acc_keras/layers/recurrent.py_use_bias_0,keras,15,5b6243485acc20cc36f2db4f258512c332d691ec,keras/layers/recurrent.py:use_bias,keras/layers/recurrent.py,use_bias,2,1,0,1,1,0,11,0,0,0,1,0.0,0.0003226939828092684,0
keras_15_5b6243485acc_keras/layers/convolutional.py_compute_output_shape_0,keras,15,5b6243485acc20cc36f2db4f258512c332d691ec,keras/layers/convolutional.py:compute_output_shape,keras/layers/convolutional.py,compute_output_shape,11,3,2,2,1,8,16,0,0,0,1,0.0,0.0003308564893431754,0
keras_15_5b6243485acc_keras/constraints.py___call___0,keras,15,5b6243485acc20cc36f2db4f258512c332d691ec,keras/constraints.py:__call__,keras/constraints.py,__call__,5,1,0,2,1,5,6,0,0,0,1,0.0,0.00034110775587176427,0
keras_15_5b6243485acc_tests/keras/backend/backend_test.py_test_batch_dot_shape_0,keras,15,5b6243485acc20cc36f2db4f258512c332d691ec,tests/keras/backend/backend_test.py:test_batch_dot_shape,tests/keras/backend/backend_test.py,test_batch_dot_shape,14,1,0,1,0,20,14,0,0,0,1,0.0,0.00031982851201768777,0
keras_15_5b6243485acc_tests/keras/layers/recurrent_test.py_test_reset_states_with_values_0,keras,15,5b6243485acc20cc36f2db4f258512c332d691ec,tests/keras/layers/recurrent_test.py:test_reset_states_with_values,tests/keras/layers/recurrent_test.py,test_reset_states_with_values,23,4,1,1,0,19,14,0,0,0,1,0.0,0.00032331326623769334,0
keras_15_5b6243485acc_keras/backend/common.py_epsilon_0,keras,15,5b6243485acc20cc36f2db4f258512c332d691ec,keras/backend/common.py:epsilon,keras/backend/common.py,epsilon,13,1,0,0,1,0,4,0,0,0,1,0.0,0.0003435396694550873,0
keras_15_5b6243485acc_keras/utils/data_utils.py_get_0,keras,15,5b6243485acc20cc36f2db4f258512c332d691ec,keras/utils/data_utils.py:get,keras/utils/data_utils.py,get,37,10,3,1,0,17,26,1,2,0,4,0.0,0.0007142719837607333,0
keras_15_5b6243485acc_keras/applications/nasnet.py_decode_predictions_0,keras,15,5b6243485acc20cc36f2db4f258512c332d691ec,keras/applications/nasnet.py:decode_predictions,keras/applications/nasnet.py,decode_predictions,2,1,0,2,1,1,4,0,0,0,1,0.0,0.00038366624357991726,0
keras_15_5b6243485acc_tests/keras/legacy/interface_test.py_test_zeropadding2d_legacy_interface_0,keras,15,5b6243485acc20cc36f2db4f258512c332d691ec,tests/keras/legacy/interface_test.py:test_zeropadding2d_legacy_interface,tests/keras/legacy/interface_test.py,test_zeropadding2d_legacy_interface,11,1,0,0,0,6,5,0,0,0,1,0.0,0.0003231579175186658,0
keras_16_514aca20c6f0_keras/engine/sequential.py_build_1,keras,16,514aca20c6f076a86819d7180f36c3b2e8bcc33b,keras/engine/sequential.py:build,keras/engine/sequential.py,build,19,5,2,2,0,5,10,2,0,0,3,0.0,0.0015561403885638076,1
keras_16_514aca20c6f0_keras/engine/sequential.py_from_config_1,keras,16,514aca20c6f076a86819d7180f36c3b2e8bcc33b,keras/engine/sequential.py:from_config,keras/engine/sequential.py,from_config,7,2,1,3,1,3,10,0,1,0,2,0.0,0.0003412383678363289,1
keras_16_514aca20c6f0_keras/engine/sequential.py_get_config_1,keras,16,514aca20c6f076a86819d7180f36c3b2e8bcc33b,keras/engine/sequential.py:get_config,keras/engine/sequential.py,get_config,8,2,1,1,1,3,10,0,0,0,1,0.0,0.0003412383678363289,1
keras_16_514aca20c6f0_keras/engine/sequential.py___init___1,keras,16,514aca20c6f076a86819d7180f36c3b2e8bcc33b,keras/engine/sequential.py:__init__,keras/engine/sequential.py,__init__,7,3,2,3,0,3,10,0,1,0,2,0.0,0.0003412383678363289,1
keras_16_514aca20c6f0_keras/layers/core.py_get_config_0,keras,16,514aca20c6f076a86819d7180f36c3b2e8bcc33b,keras/layers/core.py:get_config,keras/layers/core.py,get_config,4,1,0,1,1,7,15,0,0,0,1,0.0,0.0003319983149174089,0
keras_16_514aca20c6f0_keras/layers/wrappers.py_reset_states_0,keras,16,514aca20c6f076a86819d7180f36c3b2e8bcc33b,keras/layers/wrappers.py:reset_states,keras/layers/wrappers.py,reset_states,3,1,0,1,0,2,8,0,0,0,1,0.0,0.00032805531069779903,0
keras_16_514aca20c6f0_tests/keras/wrappers/scikit_learn_test.py_build_fn_clf_0,keras,16,514aca20c6f076a86819d7180f36c3b2e8bcc33b,tests/keras/wrappers/scikit_learn_test.py:build_fn_clf,tests/keras/wrappers/scikit_learn_test.py,build_fn_clf,11,1,0,1,1,14,6,2,0,0,3,0.0,0.0005203962235185943,0
keras_16_514aca20c6f0_keras/backend/theano_backend.py_normalize_batch_in_training_0,keras,16,514aca20c6f076a86819d7180f36c3b2e8bcc33b,keras/backend/theano_backend.py:normalize_batch_in_training,keras/backend/theano_backend.py,normalize_batch_in_training,23,6,2,5,2,8,21,0,3,0,4,0.0,0.00031849397255337083,0
keras_16_514aca20c6f0_keras/optimizers.py___init___0,keras,16,514aca20c6f076a86819d7180f36c3b2e8bcc33b,keras/optimizers.py:__init__,keras/optimizers.py,__init__,9,3,2,2,0,3,10,0,0,0,1,0.0,0.0003430590405772452,0
keras_16_514aca20c6f0_keras/callbacks.py___init___0,keras,16,514aca20c6f076a86819d7180f36c3b2e8bcc33b,keras/callbacks.py:__init__,keras/callbacks.py,__init__,4,1,0,3,0,2,18,0,1,0,2,0.0,0.0003331006635821378,0
keras_16_514aca20c6f0_keras/engine/base_layer.py___init___0,keras,16,514aca20c6f076a86819d7180f36c3b2e8bcc33b,keras/engine/base_layer.py:__init__,keras/engine/base_layer.py,__init__,15,2,1,7,0,1,13,0,1,0,2,0.0,0.0003228496932636104,0
keras_16_514aca20c6f0_keras/layers/core.py__fix_unknown_dimension_0,keras,16,514aca20c6f076a86819d7180f36c3b2e8bcc33b,keras/layers/core.py:_fix_unknown_dimension,keras/layers/core.py,_fix_unknown_dimension,40,7,3,3,1,7,15,1,0,0,2,0.0,0.0004729348310710654,0
keras_16_514aca20c6f0_keras/regularizers.py_l2_0,keras,16,514aca20c6f076a86819d7180f36c3b2e8bcc33b,keras/regularizers.py:l2,keras/regularizers.py,l2,2,1,0,1,1,1,6,0,0,0,1,0.0,0.000341372860850973,0
keras_16_514aca20c6f0_keras/engine/network.py_stateful_0,keras,16,514aca20c6f076a86819d7180f36c3b2e8bcc33b,keras/engine/network.py:stateful,keras/engine/network.py,stateful,3,1,0,1,1,2,24,0,0,0,1,0.0,0.0003243370125305214,0
keras_16_514aca20c6f0_keras/backend/cntk_backend.py_var_0,keras,16,514aca20c6f076a86819d7180f36c3b2e8bcc33b,keras/backend/cntk_backend.py:var,keras/backend/cntk_backend.py,var,4,1,0,3,1,3,13,1,2,0,4,0.0,0.0004533099253682055,0
keras_16_514aca20c6f0_keras/utils/data_utils.py_init_pool_0,keras,16,514aca20c6f076a86819d7180f36c3b2e8bcc33b,keras/utils/data_utils.py:init_pool,keras/utils/data_utils.py,init_pool,3,1,0,1,0,0,26,0,0,0,1,0.0,0.00033159106890049154,0
keras_17_c913b6da92f6_keras/metrics.py_sparse_categorical_accuracy_1,keras,17,c913b6da92f6ab9a3f4c897caa4085e782a14680,keras/metrics.py:sparse_categorical_accuracy,keras/metrics.py,sparse_categorical_accuracy,4,1,0,2,1,7,19,0,0,0,1,0.0,0.00035440985916475987,1
keras_17_c913b6da92f6_keras/layers/convolutional_recurrent.py_kernel_size_0,keras,17,c913b6da92f6ab9a3f4c897caa4085e782a14680,keras/layers/convolutional_recurrent.py:kernel_size,keras/layers/convolutional_recurrent.py,kernel_size,2,1,0,1,1,0,14,0,0,0,1,0.0,0.0003300848676819588,0
keras_17_c913b6da92f6_tests/keras/test_sequential_model.py_test_sequential_pop_0,keras,17,c913b6da92f6ab9a3f4c897caa4085e782a14680,tests/keras/test_sequential_model.py:test_sequential_pop,tests/keras/test_sequential_model.py,test_sequential_pop,14,1,0,0,0,14,15,0,0,0,1,0.0,0.0003340900240002282,0
keras_17_c913b6da92f6_keras/legacy/interfaces.py_recurrent_args_preprocessor_0,keras,17,c913b6da92f6ab9a3f4c897caa4085e782a14680,keras/legacy/interfaces.py:recurrent_args_preprocessor,keras/legacy/interfaces.py,recurrent_args_preprocessor,22,4,2,2,1,8,7,0,0,0,1,0.0,0.0003386055429256797,0
keras_18_9400be987831_keras/backend/tensorflow_backend.py___init___1,keras,18,9400be98783135a1d42dd238f4e6c3aa048eceea,keras/backend/tensorflow_backend.py:__init__,keras/backend/tensorflow_backend.py,__init__,48,9,3,6,0,20,23,0,1,0,2,0.0,0.00032250455472368033,1
keras_18_9400be987831_keras/backend/tensorflow_backend.py___call___1,keras,18,9400be98783135a1d42dd238f4e6c3aa048eceea,keras/backend/tensorflow_backend.py:__call__,keras/backend/tensorflow_backend.py,__call__,16,5,3,2,3,13,23,0,5,0,6,0.0,0.00032250455472368033,1
keras_18_9400be987831_keras/backend/tensorflow_backend.py__call_1,keras,18,9400be98783135a1d42dd238f4e6c3aa048eceea,keras/backend/tensorflow_backend.py:_call,keras/backend/tensorflow_backend.py,_call,42,8,2,2,1,19,23,1,3,0,5,0.0,0.0003771203540819374,1
keras_18_9400be987831_keras/backend/tensorflow_backend.py__make_callable_1,keras,18,9400be98783135a1d42dd238f4e6c3aa048eceea,keras/backend/tensorflow_backend.py:_make_callable,keras/backend/tensorflow_backend.py,_make_callable,46,8,2,5,0,12,23,1,1,0,3,0.0,0.00043456436588118296,1
keras_18_9400be987831_keras/backend/tensorflow_backend.py_in_train_phase_0,keras,18,9400be98783135a1d42dd238f4e6c3aa048eceea,keras/backend/tensorflow_backend.py:in_train_phase,keras/backend/tensorflow_backend.py,in_train_phase,41,7,3,3,5,6,23,1,2,0,4,0.0,0.0005955835515149656,0
keras_18_9400be987831_keras/legacy/layers.py_step_0,keras,18,9400be98783135a1d42dd238f4e6c3aa048eceea,keras/legacy/layers.py:step,keras/legacy/layers.py,step,2,1,0,3,0,0,10,0,0,0,1,0.0,0.0003359153472834853,0
keras_18_9400be987831_keras/layers/wrappers.py_get_weights_0,keras,18,9400be98783135a1d42dd238f4e6c3aa048eceea,keras/layers/wrappers.py:get_weights,keras/layers/wrappers.py,get_weights,2,1,0,1,1,1,8,0,0,0,1,0.0,0.0003321493027975126,0
keras_18_9400be987831_keras/backend/theano_backend.py_pool3d_0,keras,18,9400be98783135a1d42dd238f4e6c3aa048eceea,keras/backend/theano_backend.py:pool3d,keras/backend/theano_backend.py,pool3d,43,11,2,6,1,7,21,0,0,0,1,0.0,0.0003224748531898345,0
keras_18_9400be987831_keras/layers/convolutional.py_get_config_0,keras,18,9400be98783135a1d42dd238f4e6c3aa048eceea,keras/layers/convolutional.py:get_config,keras/layers/convolutional.py,get_config,5,1,0,1,1,3,16,0,0,0,1,0.0,0.0003351103432616864,0
keras_18_9400be987831_keras/optimizers.py_get_updates_0,keras,18,9400be98783135a1d42dd238f4e6c3aa048eceea,keras/optimizers.py:get_updates,keras/optimizers.py,get_updates,27,5,2,3,1,13,10,0,1,0,2,0.0,0.00034734917451408054,0
keras_18_9400be987831_keras/backend/tensorflow_backend.py_truncated_normal_0,keras,18,9400be98783135a1d42dd238f4e6c3aa048eceea,keras/backend/tensorflow_backend.py:truncated_normal,keras/backend/tensorflow_backend.py,truncated_normal,23,3,1,5,1,3,23,0,0,0,1,0.0,0.00032250455472368033,0
keras_18_9400be987831_tests/keras/layers/recurrent_test.py_test_regularizer_0,keras,18,9400be98783135a1d42dd238f4e6c3aa048eceea,tests/keras/layers/recurrent_test.py:test_regularizer,tests/keras/layers/recurrent_test.py,test_regularizer,18,1,0,1,0,14,14,0,0,0,1,0.0,0.0003274647108759369,0
keras_18_9400be987831_keras/engine/training.py_evaluate_0,keras,18,9400be98783135a1d42dd238f4e6c3aa048eceea,keras/engine/training.py:evaluate,keras/engine/training.py,evaluate,73,4,1,7,1,5,20,0,3,0,4,0.0,0.0003363326782139166,0
keras_18_9400be987831_keras/backend/tensorflow_backend.py_elu_0,keras,18,9400be98783135a1d42dd238f4e6c3aa048eceea,keras/backend/tensorflow_backend.py:elu,keras/backend/tensorflow_backend.py,elu,15,2,1,2,2,2,23,0,0,0,1,0.0,0.00032250455472368033,0
keras_18_9400be987831_tests/keras/backend/backend_test.py_test_function_0,keras,18,9400be98783135a1d42dd238f4e6c3aa048eceea,tests/keras/backend/backend_test.py:test_function,tests/keras/backend/backend_test.py,test_function,21,2,1,1,0,13,13,0,1,0,2,0.0,0.0003238978570136401,0
keras_18_9400be987831_keras/utils/data_utils.py_stop_0,keras,18,9400be98783135a1d42dd238f4e6c3aa048eceea,keras/utils/data_utils.py:stop,keras/utils/data_utils.py,stop,15,2,1,2,0,4,26,1,0,0,2,0.0,0.0006349030288711055,0
keras_19_f9210387088f_keras/layers/recurrent.py_state_size_1,keras,19,f9210387088fe91b5bc8999cf0cb41a0fe9eacf6,keras/layers/recurrent.py:state_size,keras/layers/recurrent.py,state_size,15,3,2,1,1,4,10,0,0,0,1,0.0,0.0003275642260892699,1
keras_19_f9210387088f_keras/layers/recurrent.py___init___1,keras,19,f9210387088fe91b5bc8999cf0cb41a0fe9eacf6,keras/layers/recurrent.py:__init__,keras/layers/recurrent.py,__init__,62,3,1,25,0,7,10,0,0,0,1,0.0,0.0003275642260892699,1
keras_19_f9210387088f_keras/layers/recurrent.py_build_1,keras,19,f9210387088fe91b5bc8999cf0cb41a0fe9eacf6,keras/layers/recurrent.py:build,keras/layers/recurrent.py,build,53,4,2,2,1,8,10,0,2,0,3,0.0,0.0003275642260892699,1
keras_19_f9210387088f_keras/layers/recurrent.py_call_1,keras,19,f9210387088fe91b5bc8999cf0cb41a0fe9eacf6,keras/layers/recurrent.py:call,keras/layers/recurrent.py,call,7,1,0,5,1,2,10,0,4,0,5,0.0,0.0003275642260892699,1
keras_19_f9210387088f_keras/layers/recurrent.py_compute_output_shape_1,keras,19,f9210387088fe91b5bc8999cf0cb41a0fe9eacf6,keras/layers/recurrent.py:compute_output_shape,keras/layers/recurrent.py,compute_output_shape,20,5,1,2,2,2,10,0,0,0,1,0.0,0.0003275642260892699,1
keras_19_f9210387088f_keras/backend/cntk_backend.py_rnn_1,keras,19,f9210387088fe91b5bc8999cf0cb41a0fe9eacf6,keras/backend/cntk_backend.py:rnn,keras/backend/cntk_backend.py,rnn,126,30,5,8,3,65,13,0,8,0,9,0.0,0.00032307322708807935,1
keras_19_f9210387088f_keras/layers/convolutional.py_compute_output_shape_0,keras,19,f9210387088fe91b5bc8999cf0cb41a0fe9eacf6,keras/layers/convolutional.py:compute_output_shape,keras/layers/convolutional.py,compute_output_shape,11,3,2,2,1,8,16,0,0,0,1,0.0,0.00033627356661102784,0
keras_19_f9210387088f_tests/keras/utils/data_utils_test.py_test_ordered_enqueuer_processes_0,keras,19,f9210387088fe91b5bc8999cf0cb41a0fe9eacf6,tests/keras/utils/data_utils_test.py:test_ordered_enqueuer_processes,tests/keras/utils/data_utils_test.py,test_ordered_enqueuer_processes,11,2,1,0,0,10,19,0,1,0,2,0.0,0.0003289829968164093,0
keras_19_f9210387088f_keras/engine/base_layer.py_non_trainable_weights_0,keras,19,f9210387088fe91b5bc8999cf0cb41a0fe9eacf6,keras/engine/base_layer.py:non_trainable_weights,keras/engine/base_layer.py,non_trainable_weights,2,1,0,2,0,0,13,0,0,0,1,0.0,0.00032747373254732814,0
keras_19_f9210387088f_keras/layers/pooling.py_get_config_0,keras,19,f9210387088fe91b5bc8999cf0cb41a0fe9eacf6,keras/layers/pooling.py:get_config,keras/layers/pooling.py,get_config,4,1,0,1,1,7,7,0,0,0,1,0.0,0.00033313257720360634,0
keras_19_f9210387088f_keras/initializers.py_get_config_0,keras,19,f9210387088fe91b5bc8999cf0cb41a0fe9eacf6,keras/initializers.py:get_config,keras/initializers.py,get_config,6,1,0,1,1,0,7,0,0,0,1,0.0,0.00033577535728245044,0
keras_19_f9210387088f_keras/engine/input_layer.py___init___0,keras,19,f9210387088fe91b5bc8999cf0cb41a0fe9eacf6,keras/engine/input_layer.py:__init__,keras/engine/input_layer.py,__init__,71,12,3,8,0,14,7,0,0,0,1,0.0,0.0003893535675796567,0
keras_19_f9210387088f_examples/variational_autoencoder_deconv.py_plot_results_0,keras,19,f9210387088fe91b5bc8999cf0cb41a0fe9eacf6,examples/variational_autoencoder_deconv.py:plot_results,examples/variational_autoencoder_deconv.py,plot_results,60,3,2,4,0,30,15,0,0,0,1,0.0,0.00035539512152533005,0
keras_19_f9210387088f_keras/layers/noise.py_compute_output_shape_0,keras,19,f9210387088fe91b5bc8999cf0cb41a0fe9eacf6,keras/layers/noise.py:compute_output_shape,keras/layers/noise.py,compute_output_shape,2,1,0,2,1,0,6,0,0,0,1,0.0,0.00036104141724274176,0
keras_19_f9210387088f_tests/test_model_saving.py_test_loading_weights_by_name_and_reshape_0,keras,19,f9210387088fe91b5bc8999cf0cb41a0fe9eacf6,tests/test_model_saving.py:test_loading_weights_by_name_and_reshape,tests/test_model_saving.py,test_loading_weights_by_name_and_reshape,79,11,3,0,0,60,20,0,0,0,1,0.0,0.00032992628698458505,0
keras_19_f9210387088f_keras/losses.py_get_0,keras,19,f9210387088fe91b5bc8999cf0cb41a0fe9eacf6,keras/losses.py:get,keras/losses.py,get,24,5,2,1,4,7,6,0,1,0,2,0.0,0.00034206701126384906,0
keras_19_f9210387088f_keras/backend/theano_backend.py_random_normal_0,keras,19,f9210387088fe91b5bc8999cf0cb41a0fe9eacf6,keras/backend/theano_backend.py:random_normal,keras/backend/theano_backend.py,random_normal,7,3,1,5,1,4,21,0,0,0,1,0.0,0.0003230634273777975,0
keras_19_f9210387088f_tests/keras/wrappers/scikit_learn_test.py_assert_regression_works_0,keras,19,f9210387088fe91b5bc8999cf0cb41a0fe9eacf6,tests/keras/wrappers/scikit_learn_test.py:assert_regression_works,tests/keras/wrappers/scikit_learn_test.py,assert_regression_works,8,1,0,1,0,5,6,3,0,0,4,0.0,0.0009123535328025838,0
keras_19_f9210387088f_keras/layers/noise.py___init___0,keras,19,f9210387088fe91b5bc8999cf0cb41a0fe9eacf6,keras/layers/noise.py:__init__,keras/layers/noise.py,__init__,6,1,0,5,0,2,6,0,0,0,1,0.0,0.00036104141724274176,0
keras_19_f9210387088f_keras/backend/theano_backend.py_ctc_update_log_p_0,keras,19,f9210387088fe91b5bc8999cf0cb41a0fe9eacf6,keras/backend/theano_backend.py:ctc_update_log_p,keras/backend/theano_backend.py,ctc_update_log_p,24,1,0,5,1,13,21,1,7,0,9,0.0,0.0003883153667953159,0
keras_19_f9210387088f_tests/keras/engine/test_training.py_test_model_with_partial_loss_0,keras,19,f9210387088fe91b5bc8999cf0cb41a0fe9eacf6,tests/keras/engine/test_training.py:test_model_with_partial_loss,tests/keras/engine/test_training.py,test_model_with_partial_loss,39,1,0,0,0,24,22,0,0,0,1,0.0,0.00032790495090992275,0
keras_19_f9210387088f_tests/test_dynamic_trainability.py_test_nested_model_trainability_0,keras,19,f9210387088fe91b5bc8999cf0cb41a0fe9eacf6,tests/test_dynamic_trainability.py:test_nested_model_trainability,tests/test_dynamic_trainability.py,test_nested_model_trainability,53,1,0,0,0,24,6,0,0,0,1,0.0,0.00036671460354343894,0
keras_19_f9210387088f_tests/keras/backend/backend_test.py_test_rnn_0,keras,19,f9210387088fe91b5bc8999cf0cb41a0fe9eacf6,tests/keras/backend/backend_test.py:test_rnn,tests/keras/backend/backend_test.py,test_rnn,68,4,2,1,1,35,13,0,1,0,2,0.0,0.00032448912006015633,0
keras_19_f9210387088f_keras/backend/tensorflow_backend.py_random_normal_variable_0,keras,19,f9210387088fe91b5bc8999cf0cb41a0fe9eacf6,keras/backend/tensorflow_backend.py:random_normal_variable,keras/backend/tensorflow_backend.py,random_normal_variable,35,3,1,6,1,6,23,0,1,0,2,0.0,0.0003230931850346291,0
keras_19_f9210387088f_keras/layers/convolutional.py___init___0,keras,19,f9210387088fe91b5bc8999cf0cb41a0fe9eacf6,keras/layers/convolutional.py:__init__,keras/layers/convolutional.py,__init__,42,1,0,21,0,2,16,0,0,0,1,0.0,0.00033627356661102784,0
keras_19_f9210387088f_keras/backend/tensorflow_backend.py_placeholder_0,keras,19,f9210387088fe91b5bc8999cf0cb41a0fe9eacf6,keras/backend/tensorflow_backend.py:placeholder,keras/backend/tensorflow_backend.py,placeholder,38,5,2,5,1,5,23,2,0,0,3,0.0,0.000505490232934839,0
keras_2_2f55055a9f05_keras/backend/numpy_backend.py_l2_normalize_1,keras,2,2f55055a9f053b35fa721d3eb75dd07ea5a5f1e3,keras/backend/numpy_backend.py:l2_normalize,keras/backend/numpy_backend.py,l2_normalize,3,1,0,2,1,3,9,0,3,0,4,0.0,0.00029449868729515294,1
keras_2_2f55055a9f05_keras/backend/theano_backend.py_conv1d_0,keras,2,2f55055a9f053b35fa721d3eb75dd07ea5a5f1e3,keras/backend/theano_backend.py:conv1d,keras/backend/theano_backend.py,conv1d,51,7,2,6,1,11,21,0,5,0,6,0.0,0.0002928990470576272,0
keras_2_2f55055a9f05_tests/keras/layers/convolutional_test.py_test_conv2d_transpose_0,keras,2,2f55055a9f053b35fa721d3eb75dd07ea5a5f1e3,tests/keras/layers/convolutional_test.py:test_conv2d_transpose,tests/keras/layers/convolutional_test.py,test_conv2d_transpose,16,1,0,3,0,1,8,0,0,0,1,0.0,0.00029651547965032224,0
keras_2_2f55055a9f05_tests/keras/backend/backend_test.py_test_tensorflow_session_parallelism_settings_0,keras,2,2f55055a9f053b35fa721d3eb75dd07ea5a5f1e3,tests/keras/backend/backend_test.py:test_tensorflow_session_parallelism_settings,tests/keras/backend/backend_test.py,test_tensorflow_session_parallelism_settings,7,2,1,2,0,4,13,0,0,0,1,0.0,0.0002933024564837518,0
keras_20_76da5f0a21ca_keras/utils/conv_utils.py_deconv_length_1,keras,20,76da5f0a21ca98e4bf6706e182fb825243e76204,keras/utils/conv_utils.py:deconv_length,keras/utils/conv_utils.py,deconv_length,39,9,4,5,2,1,5,0,0,0,1,0.0,0.00037187280610919706,1
keras_20_76da5f0a21ca_keras/backend/theano_backend.py_conv2d_transpose_1,keras,20,76da5f0a21ca98e4bf6706e182fb825243e76204,keras/backend/theano_backend.py:conv2d_transpose,keras/backend/theano_backend.py,conv2d_transpose,49,4,1,6,1,11,21,0,7,0,8,0.0,0.00032708300437937115,1
keras_20_76da5f0a21ca_keras/layers/convolutional.py___init___1,keras,20,76da5f0a21ca98e4bf6706e182fb825243e76204,keras/layers/convolutional.py:__init__,keras/layers/convolutional.py,__init__,30,4,3,4,0,13,16,0,0,0,1,0.0,0.00034044890226457754,1
keras_20_76da5f0a21ca_keras/backend/tensorflow_backend.py__preprocess_conv2d_input_1,keras,20,76da5f0a21ca98e4bf6706e182fb825243e76204,keras/backend/tensorflow_backend.py:_preprocess_conv2d_input,keras/backend/tensorflow_backend.py,_preprocess_conv2d_input,21,4,2,2,1,7,23,5,4,0,10,0.0,0.0007695656726647208,1
keras_20_76da5f0a21ca_keras/layers/convolutional.py_call_1,keras,20,76da5f0a21ca98e4bf6706e182fb825243e76204,keras/layers/convolutional.py:call,keras/layers/convolutional.py,call,14,3,2,2,1,8,16,0,0,0,1,0.0,0.00034044890226457754,1
keras_20_76da5f0a21ca_keras/layers/convolutional.py_compute_output_shape_1,keras,20,76da5f0a21ca98e4bf6706e182fb825243e76204,keras/layers/convolutional.py:compute_output_shape,keras/layers/convolutional.py,compute_output_shape,11,3,2,2,1,8,16,0,0,0,1,0.0,0.00034044890226457754,1
keras_20_76da5f0a21ca_keras/backend/cntk_backend.py_conv2d_transpose_1,keras,20,76da5f0a21ca98e4bf6706e182fb825243e76204,keras/backend/cntk_backend.py:conv2d_transpose,keras/backend/cntk_backend.py,conv2d_transpose,25,2,1,6,1,7,13,0,4,0,5,0.0,0.0003270929253691793,1
keras_20_76da5f0a21ca_keras/backend/tensorflow_backend.py_conv2d_transpose_1,keras,20,76da5f0a21ca98e4bf6706e182fb825243e76204,keras/backend/tensorflow_backend.py:conv2d_transpose,keras/backend/tensorflow_backend.py,conv2d_transpose,48,6,1,6,1,11,23,0,5,0,6,0.0,0.0003271131303118374,1
keras_20_76da5f0a21ca_keras/layers/convolutional.py_get_config_1,keras,20,76da5f0a21ca98e4bf6706e182fb825243e76204,keras/layers/convolutional.py:get_config,keras/layers/convolutional.py,get_config,5,1,0,1,1,3,16,0,0,0,1,0.0,0.00034044890226457754,1
keras_20_76da5f0a21ca_keras/layers/convolutional_recurrent.py_filters_0,keras,20,76da5f0a21ca98e4bf6706e182fb825243e76204,keras/layers/convolutional_recurrent.py:filters,keras/layers/convolutional_recurrent.py,filters,2,1,0,1,1,0,14,0,0,0,1,0.0,0.0003351201044682995,0
keras_20_76da5f0a21ca_tests/keras/optimizers_test.py_test_adagrad_0,keras,20,76da5f0a21ca98e4bf6706e182fb825243e76204,tests/keras/optimizers_test.py:test_adagrad,tests/keras/optimizers_test.py,test_adagrad,3,1,0,0,0,4,13,0,1,0,2,0.0,0.00033918760404430716,0
keras_20_76da5f0a21ca_tests/test_multiprocessing.py_test_multiprocessing_predict_error_0,keras,20,76da5f0a21ca98e4bf6706e182fb825243e76204,tests/test_multiprocessing.py:test_multiprocessing_predict_error,tests/test_multiprocessing.py,test_multiprocessing_predict_error,99,12,2,0,0,31,10,0,0,0,1,0.0,0.00033793746913766254,0
keras_20_76da5f0a21ca_keras/utils/data_utils.py_get_file_0,keras,20,76da5f0a21ca98e4bf6706e182fb825243e76204,keras/utils/data_utils.py:get_file,keras/utils/data_utils.py,get_file,119,21,3,10,2,26,26,0,3,0,4,0.0,0.0003405222023490118,0
keras_20_76da5f0a21ca_keras/engine/base_layer.py_assert_input_compatibility_0,keras,20,76da5f0a21ca98e4bf6706e182fb825243e76204,keras/engine/base_layer.py:assert_input_compatibility,keras/engine/base_layer.py,assert_input_compatibility,107,30,6,2,1,56,13,1,0,0,2,0.0,0.00035976096727695,0
keras_20_76da5f0a21ca_keras/backend/tensorflow_backend.py_to_dense_0,keras,20,76da5f0a21ca98e4bf6706e182fb825243e76204,keras/backend/tensorflow_backend.py:to_dense,keras/backend/tensorflow_backend.py,to_dense,24,2,1,1,2,2,23,2,1,0,4,0.0,0.000769608247442233,0
keras_20_76da5f0a21ca_tests/keras/layers/pooling_test.py_test_maxpooling_2d_0,keras,20,76da5f0a21ca98e4bf6706e182fb825243e76204,tests/keras/layers/pooling_test.py:test_maxpooling_2d,tests/keras/layers/pooling_test.py,test_maxpooling_2d,7,1,0,1,0,1,7,0,0,0,1,0.0,0.0003465922492605866,0
keras_20_76da5f0a21ca_tests/keras/layers/convolutional_test.py_test_convolution_3d_additional_args_0,keras,20,76da5f0a21ca98e4bf6706e182fb825243e76204,tests/keras/layers/convolutional_test.py:test_convolution_3d_additional_args,tests/keras/layers/convolutional_test.py,test_convolution_3d_additional_args,25,1,0,0,0,1,8,0,0,0,1,0.0,0.0003319844457726883,0
keras_20_76da5f0a21ca_keras/backend/cntk_backend.py_in_train_phase_0,keras,20,76da5f0a21ca98e4bf6706e182fb825243e76204,keras/backend/cntk_backend.py:in_train_phase,keras/backend/cntk_backend.py,in_train_phase,27,7,2,3,2,10,13,1,1,0,3,0.0,0.0006040475980368959,0
keras_20_76da5f0a21ca_keras/callbacks.py_on_epoch_end_0,keras,20,76da5f0a21ca98e4bf6706e182fb825243e76204,keras/callbacks.py:on_epoch_end,keras/callbacks.py,on_epoch_end,88,16,4,3,0,29,18,0,3,0,4,0.0,0.0003420703561209157,0
keras_20_76da5f0a21ca_keras/backend/cntk_backend.py_minimum_0,keras,20,76da5f0a21ca98e4bf6706e182fb825243e76204,keras/backend/cntk_backend.py:minimum,keras/backend/cntk_backend.py,minimum,2,1,0,2,1,1,13,0,0,0,1,0.0,0.0003270929253691793,0
keras_20_76da5f0a21ca_keras/backend/tensorflow_backend.py_minimum_0,keras,20,76da5f0a21ca98e4bf6706e182fb825243e76204,keras/backend/tensorflow_backend.py:minimum,keras/backend/tensorflow_backend.py,minimum,11,1,0,2,1,1,23,1,0,0,2,0.0,0.00046560220440914637,0
keras_20_76da5f0a21ca_keras/backend/tensorflow_backend.py_batch_get_value_0,keras,20,76da5f0a21ca98e4bf6706e182fb825243e76204,keras/backend/tensorflow_backend.py:batch_get_value,keras/backend/tensorflow_backend.py,batch_get_value,13,2,1,1,2,2,23,0,1,0,2,0.0,0.0003271131303118374,0
keras_20_76da5f0a21ca_tests/keras/initializers_test.py_test_zero_0,keras,20,76da5f0a21ca98e4bf6706e182fb825243e76204,tests/keras/initializers_test.py:test_zero,tests/keras/initializers_test.py,test_zero,3,1,0,1,0,2,4,0,1,0,2,0.0,0.00034262547503757974,0
keras_20_76da5f0a21ca_keras/losses.py_hinge_0,keras,20,76da5f0a21ca98e4bf6706e182fb825243e76204,keras/losses.py:hinge,keras/losses.py,hinge,2,1,0,2,1,2,6,0,0,0,1,0.0,0.00034631358463044735,0
keras_20_76da5f0a21ca_tests/test_documentation.py_handle_module_0,keras,20,76da5f0a21ca98e4bf6706e182fb825243e76204,tests/test_documentation.py:handle_module,tests/test_documentation.py,handle_module,9,5,4,1,0,7,6,1,2,0,4,0.0,0.0006545183951368688,0
keras_20_76da5f0a21ca_keras/wrappers/scikit_learn.py_predict_proba_0,keras,20,76da5f0a21ca98e4bf6706e182fb825243e76204,keras/wrappers/scikit_learn.py:predict_proba,keras/wrappers/scikit_learn.py,predict_proba,27,2,1,3,1,3,10,0,2,0,3,0.0,0.00035419496894779386,0
keras_20_76da5f0a21ca_tests/keras/backend/reference_operations.py_any_0,keras,20,76da5f0a21ca98e4bf6706e182fb825243e76204,tests/keras/backend/reference_operations.py:any,tests/keras/backend/reference_operations.py,any,2,1,0,3,1,1,6,0,0,0,1,0.0,0.0003316867946044396,0
keras_20_76da5f0a21ca_tests/keras/legacy/interface_test.py_test_deconv2d_legacy_interface_0,keras,20,76da5f0a21ca98e4bf6706e182fb825243e76204,tests/keras/legacy/interface_test.py:test_deconv2d_legacy_interface,tests/keras/legacy/interface_test.py,test_deconv2d_legacy_interface,43,1,0,0,0,30,5,0,0,0,1,0.0,0.0003319844457726883,0
keras_20_76da5f0a21ca_keras/engine/training_utils.py_check_num_samples_0,keras,20,76da5f0a21ca98e4bf6706e182fb825243e76204,keras/engine/training_utils.py:check_num_samples,keras/engine/training_utils.py,check_num_samples,49,5,2,4,3,6,7,0,0,0,1,0.0,0.0003494830459250562,0
keras_20_76da5f0a21ca_examples/image_ocr.py_speckle_0,keras,20,76da5f0a21ca98e4bf6706e182fb825243e76204,examples/image_ocr.py:speckle,examples/image_ocr.py,speckle,7,1,0,1,1,3,21,1,0,0,2,0.0,0.0009391946249922606,0
keras_20_76da5f0a21ca_keras/backend/cntk_backend.py_conv1d_0,keras,20,76da5f0a21ca98e4bf6706e182fb825243e76204,keras/backend/cntk_backend.py:conv1d,keras/backend/cntk_backend.py,conv1d,30,5,1,6,1,9,13,0,2,0,3,0.0,0.0003270929253691793,0
keras_20_76da5f0a21ca_tests/keras/utils/data_utils_test.py___next___0,keras,20,76da5f0a21ca98e4bf6706e182fb825243e76204,tests/keras/utils/data_utils_test.py:__next__,tests/keras/utils/data_utils_test.py,__next__,2,1,0,1,1,1,19,0,1,0,2,0.0,0.00033307583338960023,0
keras_20_76da5f0a21ca_keras/layers/convolutional_recurrent.py_kernel_constraint_0,keras,20,76da5f0a21ca98e4bf6706e182fb825243e76204,keras/layers/convolutional_recurrent.py:kernel_constraint,keras/layers/convolutional_recurrent.py,kernel_constraint,2,1,0,1,1,0,14,0,0,0,1,0.0,0.0003351201044682995,0
keras_20_76da5f0a21ca_keras/layers/wrappers.py_updates_0,keras,20,76da5f0a21ca98e4bf6706e182fb825243e76204,keras/layers/wrappers.py:updates,keras/layers/wrappers.py,updates,4,2,1,1,2,1,8,0,0,0,1,0.0,0.000336895690048792,0
keras_20_76da5f0a21ca_keras/backend/cntk_backend.py_flatten_0,keras,20,76da5f0a21ca98e4bf6706e182fb825243e76204,keras/backend/cntk_backend.py:flatten,keras/backend/cntk_backend.py,flatten,2,1,0,1,1,1,13,0,1,0,2,0.0,0.0003270929253691793,0
keras_20_76da5f0a21ca_keras/layers/merge.py_compute_output_shape_0,keras,20,76da5f0a21ca98e4bf6706e182fb825243e76204,keras/layers/merge.py:compute_output_shape,keras/layers/merge.py,compute_output_shape,12,4,2,2,1,4,4,0,1,0,2,0.0,0.00033684962837508315,0
keras_21_c7b7328cc99f_keras/callbacks.py___init___1,keras,21,c7b7328cc99fd5d7c298e57c6020043451d89a61,keras/callbacks.py:__init__,keras/callbacks.py,__init__,34,7,1,8,0,3,18,0,1,0,2,0.0,0.0003613932243632357,1
keras_21_c7b7328cc99f_keras/callbacks.py_on_epoch_end_1,keras,21,c7b7328cc99fd5d7c298e57c6020043451d89a61,keras/callbacks.py:on_epoch_end,keras/callbacks.py,on_epoch_end,32,8,2,3,3,15,18,0,2,0,3,0.0,0.0003613932243632357,1
keras_21_c7b7328cc99f_tests/keras/backend/backend_test.py_test_random_variables_0,keras,21,c7b7328cc99fd5d7c298e57c6020043451d89a61,tests/keras/backend/backend_test.py:test_random_variables,tests/keras/backend/backend_test.py,test_random_variables,7,1,0,1,0,2,13,0,1,0,2,0.0,0.0003465219127583119,0
keras_21_c7b7328cc99f_keras/backend/tensorflow_backend.py_ctc_decode_0,keras,21,c7b7328cc99fd5d7c298e57c6020043451d89a61,keras/backend/tensorflow_backend.py:ctc_decode,keras/backend/tensorflow_backend.py,ctc_decode,45,2,1,5,1,7,22,0,2,0,3,0.0,0.00034492048010399803,0
keras_21_c7b7328cc99f_tests/keras/engine/test_topology.py_test_learning_phase_0,keras,21,c7b7328cc99fd5d7c298e57c6020043451d89a61,tests/keras/engine/test_topology.py:test_learning_phase,tests/keras/engine/test_topology.py,test_learning_phase,37,1,0,0,0,22,16,0,0,0,1,0.0,0.00035220391900294475,0
keras_21_c7b7328cc99f_docs/autogen.py_read_page_data_0,keras,21,c7b7328cc99fd5d7c298e57c6020043451d89a61,docs/autogen.py:read_page_data,docs/autogen.py,read_page_data,18,7,5,2,1,10,22,0,0,0,1,0.0,0.00036125304005921193,0
keras_21_c7b7328cc99f_keras/layers/convolutional_recurrent.py_input_conv_0,keras,21,c7b7328cc99fd5d7c298e57c6020043451d89a61,keras/layers/convolutional_recurrent.py:input_conv,keras/layers/convolutional_recurrent.py,input_conv,9,2,1,5,1,2,14,2,0,0,3,0.0,0.0007802847773254482,0
keras_21_c7b7328cc99f_tests/keras/legacy/interface_test.py_test_global_avgpooling2d_legacy_interface_0,keras,21,c7b7328cc99fd5d7c298e57c6020043451d89a61,tests/keras/legacy/interface_test.py:test_global_avgpooling2d_legacy_interface,tests/keras/legacy/interface_test.py,test_global_avgpooling2d_legacy_interface,17,1,0,0,0,18,5,0,0,0,1,0.0,0.0003500493663705002,0
keras_22_54386efa549f_keras/engine/input_layer.py___init___1,keras,22,54386efa549f850dff13f79fc3af67799a4e5d4f,keras/engine/input_layer.py:__init__,keras/engine/input_layer.py,__init__,70,12,3,8,0,14,7,0,0,0,1,0.0,0.00041691914994324724,1
keras_22_54386efa549f_keras/backend/theano_backend.py_exp_0,keras,22,54386efa549f850dff13f79fc3af67799a4e5d4f,keras/backend/theano_backend.py:exp,keras/backend/theano_backend.py,exp,2,1,0,1,1,1,20,4,0,0,5,0.0,0.000720789256974864,0
keras_22_54386efa549f_tests/keras/legacy/interface_test.py_test_zeropadding2d_legacy_interface_0,keras,22,54386efa549f850dff13f79fc3af67799a4e5d4f,tests/keras/legacy/interface_test.py:test_zeropadding2d_legacy_interface,tests/keras/legacy/interface_test.py,test_zeropadding2d_legacy_interface,11,1,0,0,0,6,5,0,0,0,1,0.0,0.00035119493176313614,0
keras_22_54386efa549f_keras/backend/cntk_backend.py_depthwise_conv2d_0,keras,22,54386efa549f850dff13f79fc3af67799a4e5d4f,keras/backend/cntk_backend.py:depthwise_conv2d,keras/backend/cntk_backend.py,depthwise_conv2d,26,4,2,6,1,11,12,0,6,0,7,0.0,0.0003460270160660317,0
keras_23_3dcd9c767ce6_keras/engine/sequential.py_add_1,keras,23,3dcd9c767ce6875fc8b69c74971ac8a552e23131,keras/engine/sequential.py:add,keras/engine/sequential.py,add,84,13,4,2,0,19,10,2,1,0,4,0.0,0.0010157456943956087,1
keras_23_3dcd9c767ce6_keras/layers/merge.py__merge_function_0,keras,23,3dcd9c767ce6875fc8b69c74971ac8a552e23131,keras/layers/merge.py:_merge_function,keras/layers/merge.py,_merge_function,5,2,1,2,1,3,4,1,3,0,5,0.0,0.0005094271673842768,0
keras_23_3dcd9c767ce6_tests/keras/legacy/interface_test.py_test_generator_methods_interface_0,keras,23,3dcd9c767ce6875fc8b69c74971ac8a552e23131,tests/keras/legacy/interface_test.py:test_generator_methods_interface,tests/keras/legacy/interface_test.py,test_generator_methods_interface,37,4,1,0,0,17,5,0,0,0,1,0.0,0.00035187185315296605,0
keras_23_3dcd9c767ce6_keras/backend/theano_backend.py__postprocess_conv3d_output_0,keras,23,3dcd9c767ce6875fc8b69c74971ac8a552e23131,keras/backend/theano_backend.py:_postprocess_conv3d_output,keras/backend/theano_backend.py,_postprocess_conv3d_output,13,6,2,6,1,1,18,2,0,0,3,0.0,0.0004252187228752668,0
keras_24_d7884570b109_keras/callbacks.py_set_model_1,keras,24,d7884570b10951d156aa086ee29a4df9eab79cf3,keras/callbacks.py:set_model,keras/callbacks.py,set_model,98,20,7,2,1,42,17,0,0,0,1,0.0,0.00034029150770608225,1
keras_24_d7884570b109_keras/backend/tensorflow_backend.py_minimum_0,keras,24,d7884570b10951d156aa086ee29a4df9eab79cf3,keras/backend/tensorflow_backend.py:minimum,keras/backend/tensorflow_backend.py,minimum,11,1,0,2,1,1,20,1,0,0,2,0.0,0.00046528645173446345,0
keras_24_d7884570b109_keras/preprocessing/image.py_apply_transform_0,keras,24,d7884570b10951d156aa086ee29a4df9eab79cf3,keras/preprocessing/image.py:apply_transform,keras/preprocessing/image.py,apply_transform,33,1,0,5,1,4,16,5,0,0,6,0.0,0.0011854771201452066,0
keras_24_d7884570b109_keras/backend/tensorflow_backend.py__call_0,keras,24,d7884570b10951d156aa086ee29a4df9eab79cf3,keras/backend/tensorflow_backend.py:_call,keras/backend/tensorflow_backend.py,_call,42,8,2,2,1,17,20,1,3,0,5,0.0,0.0003822274248305222,0
keras_25_b470a595f727_keras/applications/imagenet_utils.py__preprocess_numpy_input_1,keras,25,b470a595f7278acf5e7e47521edf25d3c4f479f1,keras/applications/imagenet_utils.py:_preprocess_numpy_input,keras/applications/imagenet_utils.py,_preprocess_numpy_input,69,10,3,3,2,0,7,1,0,0,2,0.0,0.0005505702130776563,1
keras_25_b470a595f727_tests/keras/utils/conv_utils_test.py_test_conv_output_length_0,keras,25,b470a595f7278acf5e7e47521edf25d3c4f479f1,tests/keras/utils/conv_utils_test.py:test_conv_output_length,tests/keras/utils/conv_utils_test.py,test_conv_output_length,13,2,1,0,0,11,3,0,0,0,1,0.0,0.0003596898981149172,0
keras_25_b470a595f727_tests/keras/legacy/layers_test.py_test_maxout_dense_0,keras,25,b470a595f7278acf5e7e47521edf25d3c4f479f1,tests/keras/legacy/layers_test.py:test_maxout_dense,tests/keras/legacy/layers_test.py,test_maxout_dense,13,1,0,0,0,7,6,0,0,0,1,0.0,0.0003803095669773132,0
keras_25_b470a595f727_docs/autogen.py_get_function_signature_0,keras,25,b470a595f7278acf5e7e47521edf25d3c4f479f1,docs/autogen.py:get_function_signature,docs/autogen.py,get_function_signature,33,9,2,2,1,11,21,2,1,0,4,0.0,0.000590979913591733,0
keras_26_87417470c816_keras/backend/tensorflow_backend.py_rnn_1,keras,26,87417470c8168772559be0531e297120c569a422,keras/backend/tensorflow_backend.py:rnn,keras/backend/tensorflow_backend.py,rnn,242,25,4,8,3,87,20,0,9,0,10,0.0,0.00032771051905855345,1
keras_26_87417470c816_keras/layers/pooling.py_call_0,keras,26,87417470c8168772559be0531e297120c569a422,keras/layers/pooling.py:call,keras/layers/pooling.py,call,2,1,0,2,1,1,7,0,1,0,2,0.0,0.00033848084874912957,0
keras_26_87417470c816_tests/keras/engine/test_training.py_test_training_and_eval_methods_on_symbolic_tensors_single_io_0,keras,26,87417470c8168772559be0531e297120c569a422,tests/keras/engine/test_training.py:test_training_and_eval_methods_on_symbolic_tensors_single_io,tests/keras/engine/test_training.py,test_training_and_eval_methods_on_symbolic_tensors_single_io,21,1,0,0,0,13,21,0,0,0,1,0.0,0.00033389567724489413,0
keras_26_87417470c816_examples/mnist_net2net.py_preprocess_output_0,keras,26,87417470c8168772559be0531e297120c569a422,examples/mnist_net2net.py:preprocess_output,examples/mnist_net2net.py,preprocess_output,2,1,0,1,1,1,8,0,0,0,1,0.0,0.000343248916943672,0
keras_26_87417470c816_keras/backend/cntk_backend.py__moments_0,keras,26,87417470c8168772559be0531e297120c569a422,keras/backend/cntk_backend.py:_moments,keras/backend/cntk_backend.py,_moments,25,6,2,4,1,13,9,1,3,0,5,0.0,0.0003624097087670823,0
keras_26_87417470c816_keras/legacy/interfaces.py_embedding_kwargs_preprocessor_0,keras,26,87417470c8168772559be0531e297120c569a422,keras/legacy/interfaces.py:embedding_kwargs_preprocessor,keras/legacy/interfaces.py,embedding_kwargs_preprocessor,8,2,1,2,1,2,7,0,0,0,1,0.0,0.00034439756041545176,0
keras_26_87417470c816_keras/layers/merge.py___init___0,keras,26,87417470c8168772559be0531e297120c569a422,keras/layers/merge.py:__init__,keras/layers/merge.py,__init__,5,1,0,3,0,2,4,0,0,0,1,0.0,0.0003374698033339606,0
keras_27_49f5b931410b_keras/layers/wrappers.py_losses_1,keras,27,49f5b931410bc2e56378f20a15e8ac919e0efb88,keras/layers/wrappers.py:losses,keras/layers/wrappers.py,losses,4,2,1,1,2,1,8,0,0,0,1,0.0,0.00033574718382955917,1
keras_27_49f5b931410b_keras/engine/sequential.py_trainable_weights_0,keras,27,49f5b931410bc2e56378f20a15e8ac919e0efb88,keras/engine/sequential.py:trainable_weights,keras/engine/sequential.py,trainable_weights,5,2,1,1,2,1,15,0,1,0,2,0.0,0.00033087752477797003,0
keras_27_49f5b931410b_keras/initializers.py___call___0,keras,27,49f5b931410bc2e56378f20a15e8ac919e0efb88,keras/initializers.py:__call__,keras/initializers.py,__call__,14,4,1,3,1,4,7,0,1,0,2,0.0,0.00033525260908213214,0
keras_27_49f5b931410b_keras/engine/sequential.py_get_losses_for_0,keras,27,49f5b931410bc2e56378f20a15e8ac919e0efb88,keras/engine/sequential.py:get_losses_for,keras/engine/sequential.py,get_losses_for,4,2,1,2,1,2,15,0,1,0,2,0.0,0.00033087752477797003,0
keras_28_6171b3656ebd_keras/preprocessing/sequence.py___len___1,keras,28,6171b3656ebd9b6038f709ba83f7475de284ba4e,keras/preprocessing/sequence.py:__len__,keras/preprocessing/sequence.py,__len__,4,1,0,1,1,2,7,0,0,0,1,0.0,0.0003747816954333684,1
keras_28_6171b3656ebd_keras/preprocessing/sequence.py___getitem___1,keras,28,6171b3656ebd9b6038f709ba83f7475de284ba4e,keras/preprocessing/sequence.py:__getitem__,keras/preprocessing/sequence.py,__getitem__,17,4,1,2,2,7,7,0,1,0,2,0.0,0.0003747816954333684,1
keras_28_6171b3656ebd_keras/models.py__clone_sequential_model_0,keras,28,6171b3656ebd9b6038f709ba83f7475de284ba4e,keras/models.py:_clone_sequential_model,keras/models.py,_clone_sequential_model,52,6,3,2,4,17,20,1,2,0,4,0.0,0.0005327749195315113,0
keras_28_6171b3656ebd_keras/optimizers.py___init___0,keras,28,6171b3656ebd9b6038f709ba83f7475de284ba4e,keras/optimizers.py:__init__,keras/optimizers.py,__init__,13,3,1,7,0,9,10,0,0,0,1,0.0,0.0003513361478221189,0
keras_28_6171b3656ebd_tests/keras/engine/test_training.py_test_check_array_lengths_0,keras,28,6171b3656ebd9b6038f709ba83f7475de284ba4e,tests/keras/engine/test_training.py:test_check_array_lengths,tests/keras/engine/test_training.py,test_check_array_lengths,18,6,1,0,0,16,23,0,0,0,1,0.0,0.0003326581244666192,0
keras_28_6171b3656ebd_keras/models.py_add_0,keras,28,6171b3656ebd9b6038f709ba83f7475de284ba4e,keras/models.py:add,keras/models.py,add,92,10,4,2,0,19,20,3,0,0,4,0.0,0.0011813073522808797,0
keras_28_6171b3656ebd_tests/keras/legacy/models_test.py_test_merge_dot_0,keras,28,6171b3656ebd9b6038f709ba83f7475de284ba4e,tests/keras/legacy/models_test.py:test_merge_dot,tests/keras/legacy/models_test.py,test_merge_dot,32,1,0,0,0,37,11,0,1,0,2,0.0,0.000346886617625992,0
keras_28_6171b3656ebd_keras/backend/cntk_backend.py_depthwise_conv2d_0,keras,28,6171b3656ebd9b6038f709ba83f7475de284ba4e,keras/backend/cntk_backend.py:depthwise_conv2d,keras/backend/cntk_backend.py,depthwise_conv2d,29,6,2,6,1,13,9,0,6,0,7,0.0,0.0003258073685009953,0
keras_29_a341c014412c_keras/engine/training.py_fit_generator_1,keras,29,a341c014412cbfc86a9dd9816ae228e398dff3a2,keras/engine/training.py:fit_generator,keras/engine/training.py,fit_generator,333,38,6,14,1,63,14,0,6,0,7,0.0,0.0003354516013758834,1
keras_29_a341c014412c_keras/engine/training.py__fit_loop_1,keras,29,a341c014412cbfc86a9dd9816ae228e398dff3a2,keras/engine/training.py:_fit_loop,keras/engine/training.py,_fit_loop,187,38,6,15,1,54,14,1,5,0,7,0.0,0.00039221255297128906,1
keras_29_a341c014412c_keras/engine/training.py_compile_1,keras,29,a341c014412cbfc86a9dd9816ae228e398dff3a2,keras/engine/training.py:compile,keras/engine/training.py,compile,408,80,8,9,0,140,14,0,2,0,3,0.0,0.0003354516013758834,1
keras_29_a341c014412c_keras/engine/training.py__test_loop_1,keras,29,a341c014412cbfc86a9dd9816ae228e398dff3a2,keras/engine/training.py:_test_loop,keras/engine/training.py,_test_loop,103,32,5,6,2,43,14,2,3,0,6,0.0,0.0005183964303126202,1
keras_29_a341c014412c_keras/engine/training.py_evaluate_generator_1,keras,29,a341c014412cbfc86a9dd9816ae228e398dff3a2,keras/engine/training.py:evaluate_generator,keras/engine/training.py,evaluate_generator,153,26,5,7,2,45,14,1,2,0,4,0.0,0.00038275239437205474,1
keras_29_a341c014412c_keras/backend/cntk_backend.py_softsign_0,keras,29,a341c014412cbfc86a9dd9816ae228e398dff3a2,keras/backend/cntk_backend.py:softsign,keras/backend/cntk_backend.py,softsign,2,1,0,1,1,1,9,0,1,0,2,0.0,0.00032622151993665083,0
keras_29_a341c014412c_tests/keras/backend/backend_test.py_test_sparse_dot_0,keras,29,a341c014412cbfc86a9dd9816ae228e398dff3a2,tests/keras/backend/backend_test.py:test_sparse_dot,tests/keras/backend/backend_test.py,test_sparse_dot,22,3,1,1,0,15,13,0,0,0,1,0.0,0.00032760616177538436,0
keras_29_a341c014412c_tests/keras/utils/generic_utils_test.py_test_custom_objects_scope_0,keras,29,a341c014412cbfc86a9dd9816ae228e398dff3a2,tests/keras/utils/generic_utils_test.py:test_custom_objects_scope,tests/keras/utils/generic_utils_test.py,test_custom_objects_scope,14,2,1,0,0,3,12,0,0,0,1,0.0,0.00034939487195500586,0
keras_29_a341c014412c_keras/backend/tensorflow_backend.py_resize_images_0,keras,29,a341c014412cbfc86a9dd9816ae228e398dff3a2,keras/backend/tensorflow_backend.py:resize_images,keras/backend/tensorflow_backend.py,resize_images,35,7,2,4,2,18,19,0,4,0,5,0.0,0.0003262533713513956,0
keras_29_a341c014412c_keras/layers/convolutional.py_build_0,keras,29,a341c014412cbfc86a9dd9816ae228e398dff3a2,keras/layers/convolutional.py:build,keras/layers/convolutional.py,build,36,5,1,2,0,8,15,0,0,0,1,0.0,0.0003409787540710347,0
keras_29_a341c014412c_tests/keras/legacy/interface_test.py_test_spatialdropout1d_legacy_interface_0,keras,29,a341c014412cbfc86a9dd9816ae228e398dff3a2,tests/keras/legacy/interface_test.py:test_spatialdropout1d_legacy_interface,tests/keras/legacy/interface_test.py,test_spatialdropout1d_legacy_interface,6,1,0,0,0,11,5,0,0,0,1,0.0,0.00033104473416942107,0
keras_29_a341c014412c_tests/integration_tests/test_datasets.py_test_reuters_0,keras,29,a341c014412cbfc86a9dd9816ae228e398dff3a2,tests/integration_tests/test_datasets.py:test_reuters,tests/integration_tests/test_datasets.py,test_reuters,14,2,1,0,0,17,11,0,0,0,1,0.0,0.00036360143024062,0
keras_29_a341c014412c_keras/backend/theano_backend.py_sigmoid_0,keras,29,a341c014412cbfc86a9dd9816ae228e398dff3a2,keras/backend/theano_backend.py:sigmoid,keras/backend/theano_backend.py,sigmoid,2,1,0,1,1,1,18,1,0,0,2,0.0,0.0004639631284091946,0
keras_29_a341c014412c_tests/keras/preprocessing/text_test.py_test_tokenizer_oov_flag_0,keras,29,a341c014412cbfc86a9dd9816ae228e398dff3a2,tests/keras/preprocessing/text_test.py:test_tokenizer_oov_flag,tests/keras/preprocessing/text_test.py,test_tokenizer_oov_flag,18,1,0,0,0,8,3,0,0,0,1,0.0,0.00034732308220502054,0
keras_29_a341c014412c_keras/backend/theano_backend.py_concatenate_0,keras,29,a341c014412cbfc86a9dd9816ae228e398dff3a2,keras/backend/theano_backend.py:concatenate,keras/backend/theano_backend.py,concatenate,11,4,3,2,3,8,18,3,3,0,7,0.0,0.00047603018540076517,0
keras_29_a341c014412c_keras/layers/merge.py_subtract_0,keras,29,a341c014412cbfc86a9dd9816ae228e398dff3a2,keras/layers/merge.py:subtract,keras/layers/merge.py,subtract,26,1,0,2,1,2,4,0,0,0,1,0.0,0.0003358989123852029,0
keras_29_a341c014412c_keras/utils/generic_utils.py_func_dump_0,keras,29,a341c014412cbfc86a9dd9816ae228e398dff3a2,keras/utils/generic_utils.py:func_dump,keras/utils/generic_utils.py,func_dump,17,2,1,1,1,4,13,0,0,0,1,0.0,0.0003502606867136685,0
keras_29_a341c014412c_keras/legacy/layers.py_get_config_0,keras,29,a341c014412cbfc86a9dd9816ae228e398dff3a2,keras/legacy/layers.py:get_config,keras/legacy/layers.py,get_config,9,1,0,1,1,7,11,0,0,0,1,0.0,0.0003382160741798156,0
keras_29_a341c014412c_tests/keras/losses_test.py_get_config_0,keras,29,a341c014412cbfc86a9dd9816ae228e398dff3a2,tests/keras/losses_test.py:get_config,tests/keras/losses_test.py,get_config,2,1,0,1,1,0,6,0,0,0,1,0.0,0.0003440674125979006,0
keras_29_a341c014412c_tests/keras/layers/wrappers_test.py_test_regularizers_0,keras,29,a341c014412cbfc86a9dd9816ae228e398dff3a2,tests/keras/layers/wrappers_test.py:test_regularizers,tests/keras/layers/wrappers_test.py,test_regularizers,17,1,0,0,0,20,9,0,0,0,1,0.0,0.0003440674125979006,0
keras_29_a341c014412c_tests/keras/test_sequential_model.py_test_sequential_fit_generator_0,keras,29,a341c014412cbfc86a9dd9816ae228e398dff3a2,tests/keras/test_sequential_model.py:test_sequential_fit_generator,tests/keras/test_sequential_model.py,test_sequential_fit_generator,34,4,2,0,0,26,15,0,1,0,2,0.0,0.00033972651978840746,0
keras_29_a341c014412c_keras/backend/cntk_backend.py__moments_0,keras,29,a341c014412cbfc86a9dd9816ae228e398dff3a2,keras/backend/cntk_backend.py:_moments,keras/backend/cntk_backend.py,_moments,25,6,2,4,1,13,9,1,3,0,5,0.0,0.0003606610757738531,0
keras_29_a341c014412c_keras/engine/training.py__check_loss_and_target_compatibility_0,keras,29,a341c014412cbfc86a9dd9816ae228e398dff3a2,keras/engine/training.py:_check_loss_and_target_compatibility,keras/engine/training.py,_check_loss_and_target_compatibility,48,8,4,3,0,7,14,1,0,0,2,0.0,0.00047639756058126493,0
keras_3_c0d1709cbae3_keras/models.py__clone_functional_model_1,keras,3,c0d1709cbae3d05efc6dd224230012bc120be8e5,keras/models.py:_clone_functional_model,keras/models.py,_clone_functional_model,144,24,6,2,1,38,15,1,0,0,2,0.0,0.001408450839399707,1
keras_3_c0d1709cbae3_keras/backend/theano_backend.py_argmin_0,keras,3,c0d1709cbae3d05efc6dd224230012bc120be8e5,keras/backend/theano_backend.py:argmin,keras/backend/theano_backend.py,argmin,2,1,0,2,1,1,21,0,0,0,1,0.0,0.0002946436674882425,0
keras_3_c0d1709cbae3_keras/initializers.py___init___0,keras,3,c0d1709cbae3d05efc6dd224230012bc120be8e5,keras/initializers.py:__init__,keras/initializers.py,__init__,4,1,0,4,0,0,7,0,0,0,1,0.0,0.0003061965472544131,0
keras_3_c0d1709cbae3_keras/layers/cudnn_recurrent.py_call_0,keras,3,c0d1709cbae3d05efc6dd224230012bc120be8e5,keras/layers/cudnn_recurrent.py:call,keras/layers/cudnn_recurrent.py,call,40,11,3,5,2,17,11,0,1,0,2,0.0,0.00030964168418991846,0
keras_30_c08ef613af27_keras/engine/training.py_fit_generator_1,keras,30,c08ef613af27da896cee168daeee5c6fad1980b6,keras/engine/training.py:fit_generator,keras/engine/training.py,fit_generator,329,37,5,14,1,62,14,0,6,0,7,0.0,0.00033592852142834987,1
keras_30_c08ef613af27_keras/engine/training.py_evaluate_generator_1,keras,30,c08ef613af27da896cee168daeee5c6fad1980b6,keras/engine/training.py:evaluate_generator,keras/engine/training.py,evaluate_generator,149,25,4,7,2,44,14,1,2,0,4,0.0,0.00038326738107310993,1
keras_30_c08ef613af27_examples/mnist_net2net.py_make_wider_student_model_0,keras,30,c08ef613af27da896cee168daeee5c6fad1980b6,examples/mnist_net2net.py:make_wider_student_model,examples/mnist_net2net.py,make_wider_student_model,48,1,0,7,0,36,8,1,2,0,4,0.0,0.0006364748804602344,0
keras_30_c08ef613af27_tests/keras/utils/multi_gpu_test.py_multi_gpu_application_folder_generator_benchmark_0,keras,30,c08ef613af27da896cee168daeee5c6fad1980b6,tests/keras/utils/multi_gpu_test.py:multi_gpu_application_folder_generator_benchmark,tests/keras/utils/multi_gpu_test.py,multi_gpu_application_folder_generator_benchmark,71,3,2,0,0,20,9,0,0,0,1,0.0,0.00035921472959804724,0
keras_30_c08ef613af27_keras/engine/topology.py_build_0,keras,30,c08ef613af27da896cee168daeee5c6fad1980b6,keras/engine/topology.py:build,keras/engine/topology.py,build,11,1,0,2,0,0,20,2,0,0,3,0.0,0.0006310821283995187,0
keras_30_c08ef613af27_keras/backend/theano_backend.py_ctc_path_probs_0,keras,30,c08ef613af27da896cee168daeee5c6fad1980b6,keras/backend/theano_backend.py:ctc_path_probs,keras/backend/theano_backend.py,ctc_path_probs,21,1,0,3,2,14,18,1,5,0,7,0.0,0.00042774673798909237,0
keras_30_c08ef613af27_examples/cifar10_cnn_capsule.py___init___0,keras,30,c08ef613af27da896cee168daeee5c6fad1980b6,examples/cifar10_cnn_capsule.py:__init__,examples/cifar10_cnn_capsule.py,__init__,16,2,1,7,0,3,9,0,0,0,1,0.0,0.0003445522338900674,0
keras_30_c08ef613af27_keras/models.py__gather_list_attr_0,keras,30,c08ef613af27da896cee168daeee5c6fad1980b6,keras/models.py:_gather_list_attr,keras/models.py,_gather_list_attr,5,2,1,2,1,1,20,2,0,0,3,0.0,0.0009553102830837182,0
keras_31_ced81968b0e9_keras/backend/tensorflow_backend.py_ctc_batch_cost_1,keras,31,ced81968b0e9d8b1389e6580721ac60d9cf3ca60,keras/backend/tensorflow_backend.py:ctc_batch_cost,keras/backend/tensorflow_backend.py,ctc_batch_cost,26,1,0,4,1,11,19,0,5,0,6,0.0,0.0003273266592771306,1
keras_31_ced81968b0e9_keras/initializers.py_glorot_normal_0,keras,31,ced81968b0e9d8b1389e6580721ac60d9cf3ca60,keras/initializers.py:glorot_normal,keras/initializers.py,glorot_normal,22,1,0,1,1,1,7,0,0,0,1,0.0,0.00033702507556272027,0
keras_31_ced81968b0e9_keras/engine/topology.py_compute_output_shape_0,keras,31,ced81968b0e9d8b1389e6580721ac60d9cf3ca60,keras/engine/topology.py:compute_output_shape,keras/engine/topology.py,compute_output_shape,20,2,1,2,1,5,20,2,1,0,4,0.0,0.00042979549126554123,0
keras_31_ced81968b0e9_keras/models.py_load_model_0,keras,31,ced81968b0e9d8b1389e6580721ac60d9cf3ca60,keras/models.py:load_model,keras/models.py,load_model,112,16,3,3,7,28,20,0,3,0,4,0.0,0.0003945915789006491,0
keras_32_a3d160b9467c_keras/callbacks.py_on_epoch_end_1,keras,32,a3d160b9467c99cbb27f9aa0382c759f45c8ee66,keras/callbacks.py:on_epoch_end,keras/callbacks.py,on_epoch_end,32,8,2,3,3,15,18,0,2,0,3,0.0,0.0003412366672113446,1
keras_32_a3d160b9467c_keras/callbacks.py___init___1,keras,32,a3d160b9467c99cbb27f9aa0382c759f45c8ee66,keras/callbacks.py:__init__,keras/callbacks.py,__init__,34,7,1,8,0,3,18,0,1,0,2,0.0,0.0003412366672113446,1
keras_32_a3d160b9467c_keras/callbacks.py__reset_1,keras,32,a3d160b9467c99cbb27f9aa0382c759f45c8ee66,keras/callbacks.py:_reset,keras/callbacks.py,_reset,17,3,1,1,0,3,18,2,0,0,3,0.0,0.000913807963696567,1
keras_32_a3d160b9467c_keras/activations.py_softmax_0,keras,32,a3d160b9467c99cbb27f9aa0382c759f45c8ee66,keras/activations.py:softmax,keras/activations.py,softmax,22,3,2,2,2,6,7,0,0,0,1,0.0,0.0003471365017220893,0
keras_32_a3d160b9467c_keras/layers/recurrent.py_call_0,keras,32,a3d160b9467c99cbb27f9aa0382c759f45c8ee66,keras/layers/recurrent.py:call,keras/layers/recurrent.py,call,35,9,2,4,1,10,10,0,5,0,6,0.0,0.00033209306230367735,0
keras_32_a3d160b9467c_keras/models.py_get_config_0,keras,32,a3d160b9467c99cbb27f9aa0382c759f45c8ee66,keras/models.py:get_config,keras/models.py,get_config,9,3,1,1,2,5,20,4,1,0,6,0.0,0.0017374769138715205,0
keras_32_a3d160b9467c_tests/keras/legacy/interface_test.py_test_gru_legacy_interface_0,keras,32,a3d160b9467c99cbb27f9aa0382c759f45c8ee66,tests/keras/legacy/interface_test.py:test_gru_legacy_interface,tests/keras/legacy/interface_test.py,test_gru_legacy_interface,24,1,0,0,0,12,5,0,0,0,1,0.0,0.00033256039869100656,0
keras_32_a3d160b9467c_keras/engine/topology.py__collect_input_shape_0,keras,32,a3d160b9467c99cbb27f9aa0382c759f45c8ee66,keras/engine/topology.py:_collect_input_shape,keras/engine/topology.py,_collect_input_shape,19,5,2,1,2,5,20,1,1,0,3,0.0,0.0003540139673368407,0
keras_32_a3d160b9467c_keras/layers/convolutional_recurrent.py_from_config_0,keras,32,a3d160b9467c99cbb27f9aa0382c759f45c8ee66,keras/layers/convolutional_recurrent.py:from_config,keras/layers/convolutional_recurrent.py,from_config,2,1,0,2,1,1,12,0,0,0,1,0.0,0.0003357636716196668,0
keras_32_a3d160b9467c_tests/keras/layers/convolutional_test.py_test_conv2d_transpose_0,keras,32,a3d160b9467c99cbb27f9aa0382c759f45c8ee66,tests/keras/layers/convolutional_test.py:test_conv2d_transpose,tests/keras/layers/convolutional_test.py,test_conv2d_transpose,41,5,3,0,0,5,10,0,0,0,1,0.0,0.0003346023096759643,0
keras_32_a3d160b9467c_keras/backend/theano_backend.py_ctc_batch_cost_0,keras,32,a3d160b9467c99cbb27f9aa0382c759f45c8ee66,keras/backend/theano_backend.py:ctc_batch_cost,keras/backend/theano_backend.py,ctc_batch_cost,30,1,0,4,2,3,18,0,1,0,2,0.0,0.00032770992057213775,0
keras_32_a3d160b9467c_tests/keras/utils/data_utils_test.py_test_generator_enqueuer_fail_processes_0,keras,32,a3d160b9467c99cbb27f9aa0382c759f45c8ee66,tests/keras/utils/data_utils_test.py:test_generator_enqueuer_fail_processes,tests/keras/utils/data_utils_test.py,test_generator_enqueuer_fail_processes,7,2,1,0,0,7,18,0,2,0,3,0.0,0.0003340978375502689,0
keras_33_1c9a49781da2_keras/preprocessing/text.py_text_to_word_sequence_1,keras,33,1c9a49781da2101507db23e2014e4e5d16bd2e52,keras/preprocessing/text.py:text_to_word_sequence,keras/preprocessing/text.py,text_to_word_sequence,25,3,1,4,1,9,11,3,0,0,4,0.0,0.0019518842875383524,1
keras_33_1c9a49781da2_keras/backend/cntk_backend.py_switch_0,keras,33,1c9a49781da2101507db23e2014e4e5d16bd2e52,keras/backend/cntk_backend.py:switch,keras/backend/cntk_backend.py,switch,18,4,3,3,1,10,9,0,4,0,5,0.0,0.000328399537848378,0
keras_33_1c9a49781da2_tests/keras/backend/backend_test.py_test_batchnorm_0,keras,33,1c9a49781da2101507db23e2014e4e5d16bd2e52,tests/keras/backend/backend_test.py:test_batchnorm,tests/keras/backend/backend_test.py,test_batchnorm,22,3,2,1,0,12,13,0,0,0,1,0.0,0.0003299374692925864,0
keras_33_1c9a49781da2_keras/engine/topology.py__object_list_uid_0,keras,33,1c9a49781da2101507db23e2014e4e5d16bd2e52,keras/engine/topology.py:_object_list_uid,keras/engine/topology.py,_object_list_uid,3,1,0,1,1,5,20,4,1,0,6,0.0,0.001807297706669306,0
keras_34_7ef5244a2f1f_keras/engine/training.py_fit_generator_1,keras,34,7ef5244a2f1f7f7b76e3c804b82cbb20cdf4d139,keras/engine/training.py:fit_generator,keras/engine/training.py,fit_generator,339,38,6,14,1,65,14,0,6,0,7,0.0,0.0003404350167834111,1
keras_34_7ef5244a2f1f_keras/engine/training.py_evaluate_generator_1,keras,34,7ef5244a2f1f7f7b76e3c804b82cbb20cdf4d139,keras/engine/training.py:evaluate_generator,keras/engine/training.py,evaluate_generator,125,17,4,6,2,34,14,1,2,0,4,0.0,0.00038840816791485934,1
keras_34_7ef5244a2f1f_keras/utils/data_utils.py_on_epoch_end_1,keras,34,7ef5244a2f1f7f7b76e3c804b82cbb20cdf4d139,keras/utils/data_utils.py:on_epoch_end,keras/utils/data_utils.py,on_epoch_end,4,1,0,1,0,0,26,1,0,0,2,0.0,0.00044383673327161766,1
keras_34_7ef5244a2f1f_keras/engine/training.py_predict_generator_1,keras,34,7ef5244a2f1f7f7b76e3c804b82cbb20cdf4d139,keras/engine/training.py:predict_generator,keras/engine/training.py,predict_generator,125,21,5,7,4,27,14,0,2,0,3,0.0,0.0003404350167834111,1
keras_34_7ef5244a2f1f_tests/keras/engine/test_topology.py_test_valid_compute_mask_0,keras,34,7ef5244a2f1f7f7b76e3c804b82cbb20cdf4d139,tests/keras/engine/test_topology.py:test_valid_compute_mask,tests/keras/engine/test_topology.py,test_valid_compute_mask,5,1,0,0,0,4,16,0,0,0,1,0.0,0.000338605530349427,0
keras_34_7ef5244a2f1f_keras/wrappers/scikit_learn.py_predict_0,keras,34,7ef5244a2f1f7f7b76e3c804b82cbb20cdf4d139,keras/wrappers/scikit_learn.py:predict,keras/wrappers/scikit_learn.py,predict,16,1,0,3,1,3,9,1,1,0,3,0.0,0.0005112575882234159,0
keras_34_7ef5244a2f1f_keras/backend/theano_backend.py_moving_average_update_0,keras,34,7ef5244a2f1f7f7b76e3c804b82cbb20cdf4d139,keras/backend/theano_backend.py:moving_average_update,keras/backend/theano_backend.py,moving_average_update,2,1,0,3,1,0,18,0,0,0,1,0.0,0.00033106187493783367,0
keras_34_7ef5244a2f1f_keras/applications/inception_resnet_v2.py_InceptionResNetV2_0,keras,34,7ef5244a2f1f7f7b76e3c804b82cbb20cdf4d139,keras/applications/inception_resnet_v2.py:InceptionResNetV2,keras/applications/inception_resnet_v2.py,InceptionResNetV2,205,18,3,6,1,73,21,0,2,0,3,0.0,0.0003986995371808793,0
keras_34_7ef5244a2f1f_keras/applications/nasnet.py_NASNetMobile_0,keras,34,7ef5244a2f1f7f7b76e3c804b82cbb20cdf4d139,keras/applications/nasnet.py:NASNetMobile,keras/applications/nasnet.py,NASNetMobile,64,1,0,6,1,1,25,0,1,0,2,0.0,0.00036898272061587536,0
keras_34_7ef5244a2f1f_tests/keras/initializers_test.py_test_constant_0,keras,34,7ef5244a2f1f7f7b76e3c804b82cbb20cdf4d139,tests/keras/initializers_test.py:test_constant,tests/keras/initializers_test.py,test_constant,3,1,0,1,0,2,4,0,1,0,2,0.0,0.0003466951081921225,0
keras_34_7ef5244a2f1f_keras/layers/wrappers.py_trainable_0,keras,34,7ef5244a2f1f7f7b76e3c804b82cbb20cdf4d139,keras/layers/wrappers.py:trainable,keras/layers/wrappers.py,trainable,2,1,0,2,0,0,8,0,0,0,1,0.0,0.000341419296555582,0
keras_34_7ef5244a2f1f_tests/integration_tests/test_temporal_data_tasks.py_test_masked_temporal_0,keras,34,7ef5244a2f1f7f7b76e3c804b82cbb20cdf4d139,tests/integration_tests/test_temporal_data_tasks.py:test_masked_temporal,tests/integration_tests/test_temporal_data_tasks.py,test_masked_temporal,35,3,1,0,0,16,10,0,0,0,1,0.0,0.0003524733780797621,0
keras_34_7ef5244a2f1f_tests/test_loss_masking.py_test_masking_0,keras,34,7ef5244a2f1f7f7b76e3c804b82cbb20cdf4d139,tests/test_loss_masking.py:test_masking,tests/test_loss_masking.py,test_masking,12,1,0,0,0,11,8,0,0,0,1,0.0,0.00036898272061587536,0
keras_34_7ef5244a2f1f_tests/keras/backend/backend_test.py_test_resize_images_0,keras,34,7ef5244a2f1f7f7b76e3c804b82cbb20cdf4d139,tests/keras/backend/backend_test.py:test_resize_images,tests/keras/backend/backend_test.py,test_resize_images,19,6,3,1,0,5,12,0,1,0,2,0.0,0.00033300973214244974,0
keras_34_7ef5244a2f1f_keras/initializers.py_get_config_0,keras,34,7ef5244a2f1f7f7b76e3c804b82cbb20cdf4d139,keras/initializers.py:get_config,keras/initializers.py,get_config,2,1,0,1,1,0,7,0,0,0,1,0.0,0.0003409168383044828,0
keras_34_7ef5244a2f1f_keras/applications/resnet50.py_conv_block_0,keras,34,7ef5244a2f1f7f7b76e3c804b82cbb20cdf4d139,keras/applications/resnet50.py:conv_block,keras/applications/resnet50.py,conv_block,46,2,1,6,1,26,23,1,0,0,2,0.0,0.0006163948390053865,0
keras_35_06eaeebecfb7_keras/preprocessing/image.py__get_batches_of_transformed_samples_1,keras,35,06eaeebecfb73c23bfd531013ca172ee3bf5069c,keras/preprocessing/image.py:_get_batches_of_transformed_samples,keras/preprocessing/image.py,_get_batches_of_transformed_samples,37,9,5,2,2,22,16,2,5,0,8,0.0,0.0011183190718602833,1
keras_35_06eaeebecfb7_keras/preprocessing/image.py_standardize_1,keras,35,06eaeebecfb73c23bfd531013ca172ee3bf5069c,keras/preprocessing/image.py:standardize,keras/preprocessing/image.py,standardize,45,11,2,2,1,12,16,1,0,0,2,0.0,0.0005059687414310979,1
keras_35_06eaeebecfb7_keras/initializers.py_deserialize_0,keras,35,06eaeebecfb73c23bfd531013ca172ee3bf5069c,keras/initializers.py:deserialize,keras/initializers.py,deserialize,5,1,0,2,1,2,7,1,0,0,2,0.0,0.0006371260661985047,0
keras_35_06eaeebecfb7_tests/test_documentation.py_handle_module_0,keras,35,06eaeebecfb73c23bfd531013ca172ee3bf5069c,tests/test_documentation.py:handle_module,tests/test_documentation.py,handle_module,9,5,4,1,0,7,6,1,2,0,4,0.0,0.0006675561223334774,0
keras_35_06eaeebecfb7_keras/layers/recurrent.py_recurrent_constraint_0,keras,35,06eaeebecfb73c23bfd531013ca172ee3bf5069c,keras/layers/recurrent.py:recurrent_constraint,keras/layers/recurrent.py,recurrent_constraint,2,1,0,1,1,0,10,0,0,0,1,0.0,0.00033831188617864614,0
keras_35_06eaeebecfb7_keras/backend/cntk_backend.py_cast_0,keras,35,06eaeebecfb73c23bfd531013ca172ee3bf5069c,keras/backend/cntk_backend.py:cast,keras/backend/cntk_backend.py,cast,3,1,0,2,1,0,9,0,0,0,1,0.0,0.00033386184111616605,0
keras_35_06eaeebecfb7_keras/engine/training.py__check_loss_and_target_compatibility_0,keras,35,06eaeebecfb73c23bfd531013ca172ee3bf5069c,keras/engine/training.py:_check_loss_and_target_compatibility,keras/engine/training.py,_check_loss_and_target_compatibility,48,8,4,3,0,7,14,1,0,0,2,0.0,0.00048757150812907523,0
keras_35_06eaeebecfb7_keras/backend/theano_backend.py_moving_average_update_0,keras,35,06eaeebecfb73c23bfd531013ca172ee3bf5069c,keras/backend/theano_backend.py:moving_average_update,keras/backend/theano_backend.py,moving_average_update,2,1,0,3,1,0,18,0,0,0,1,0.0,0.0003338512662689289,0
keras_36_85f011df5a5c_keras/backend/tensorflow_backend.py_separable_conv1d_1,keras,36,85f011df5a5c0fcf1f01b39eca338eb6b7e58401,keras/backend/tensorflow_backend.py:separable_conv1d,keras/backend/tensorflow_backend.py,separable_conv1d,49,5,1,7,1,11,19,0,6,0,7,0.0,0.00033943207246755927,1
keras_36_85f011df5a5c_keras/backend/theano_backend.py_max_0,keras,36,85f011df5a5c0fcf1f01b39eca338eb6b7e58401,keras/backend/theano_backend.py:max,keras/backend/theano_backend.py,max,2,1,0,3,1,1,18,2,0,0,3,0.0,0.0004952578228320172,0
keras_36_85f011df5a5c_tests/keras/backend/backend_test.py_test_stop_gradient_0,keras,36,85f011df5a5c0fcf1f01b39eca338eb6b7e58401,tests/keras/backend/backend_test.py:test_stop_gradient,tests/keras/backend/backend_test.py,test_stop_gradient,10,2,1,1,0,5,12,0,0,0,1,0.0,0.0003415890259284263,0
keras_36_85f011df5a5c_keras/backend/cntk_backend.py_backward_0,keras,36,85f011df5a5c0fcf1f01b39eca338eb6b7e58401,keras/backend/cntk_backend.py:backward,keras/backend/cntk_backend.py,backward,2,1,0,3,1,0,9,0,2,0,3,0.0,0.00033939901570953827,0
keras_37_81f6b3aa5b2b_keras/layers/wrappers.py___init___1,keras,37,81f6b3aa5b2b6215a533180e848a3b4dff851d03,keras/layers/wrappers.py:__init__,keras/layers/wrappers.py,__init__,22,3,1,5,0,7,8,0,2,0,3,0.0,0.0003506661251059979,1
keras_37_81f6b3aa5b2b_keras/layers/recurrent.py___call___1,keras,37,81f6b3aa5b2b6215a533180e848a3b4dff851d03,keras/layers/recurrent.py:__call__,keras/layers/recurrent.py,__call__,46,7,2,5,3,15,10,0,1,0,2,0.0,0.00034417533241412656,1
keras_37_81f6b3aa5b2b_keras/layers/wrappers.py_call_1,keras,37,81f6b3aa5b2b6215a533180e848a3b4dff851d03,keras/layers/wrappers.py:call,keras/layers/wrappers.py,call,53,17,5,5,3,16,8,0,2,0,3,0.0,0.0003506661251059979,1
keras_37_81f6b3aa5b2b_tests/keras/losses_test.py___call___0,keras,37,81f6b3aa5b2b6215a533180e848a3b4dff851d03,tests/keras/losses_test.py:__call__,tests/keras/losses_test.py,__call__,3,1,0,3,1,2,6,0,0,0,1,0.0,0.0003580402177777256,0
keras_37_81f6b3aa5b2b_keras/backend/theano_backend.py__prepare_name_0,keras,37,81f6b3aa5b2b6215a533180e848a3b4dff851d03,keras/backend/theano_backend.py:_prepare_name,keras/backend/theano_backend.py,_prepare_name,5,2,1,2,2,1,18,3,0,0,4,0.0,0.0012961941280708444,0
keras_37_81f6b3aa5b2b_keras/layers/core.py__get_noise_shape_0,keras,37,81f6b3aa5b2b6215a533180e848a3b4dff851d03,keras/layers/core.py:_get_noise_shape,keras/layers/core.py,_get_noise_shape,4,1,0,2,1,1,14,1,0,0,2,0.0,0.0008272207968418341,0
keras_37_81f6b3aa5b2b_tests/keras/engine/test_topology.py_test_preprocess_weights_for_loading_for_model_0,keras,37,81f6b3aa5b2b6215a533180e848a3b4dff851d03,tests/keras/engine/test_topology.py:test_preprocess_weights_for_loading_for_model,tests/keras/engine/test_topology.py,test_preprocess_weights_for_loading_for_model,8,1,0,1,0,7,16,0,1,0,2,0.0,0.0003482763728512713,0
keras_37_81f6b3aa5b2b_keras/engine/training.py__get_deduped_metrics_names_0,keras,37,81f6b3aa5b2b6215a533180e848a3b4dff851d03,keras/engine/training.py:_get_deduped_metrics_names,keras/engine/training.py,_get_deduped_metrics_names,13,3,2,1,1,5,13,2,0,0,3,0.0,0.0004398793649349295,0
keras_37_81f6b3aa5b2b_keras/models.py_legacy_get_config_0,keras,37,81f6b3aa5b2b6215a533180e848a3b4dff851d03,keras/models.py:legacy_get_config,keras/models.py,legacy_get_config,24,4,2,1,1,11,20,1,1,0,3,0.0,0.0017361666145771846,0
keras_37_81f6b3aa5b2b_tests/keras/backend/backend_test.py_check_two_tensor_operation_0,keras,37,81f6b3aa5b2b6215a533180e848a3b4dff851d03,tests/keras/backend/backend_test.py:check_two_tensor_operation,tests/keras/backend/backend_test.py,check_two_tensor_operation,36,8,6,5,0,31,12,9,4,0,14,3.827749446091919e-05,0.002314467308332284,0
keras_37_81f6b3aa5b2b_keras/applications/vgg16.py_VGG16_0,keras,37,81f6b3aa5b2b6215a533180e848a3b4dff851d03,keras/applications/vgg16.py:VGG16,keras/applications/vgg16.py,VGG16,163,16,3,6,1,70,19,0,0,0,1,0.0,0.0006216640307919907,0
keras_37_81f6b3aa5b2b_keras/initializers.py_from_config_0,keras,37,81f6b3aa5b2b6215a533180e848a3b4dff851d03,keras/initializers.py:from_config,keras/initializers.py,from_config,6,2,1,2,1,2,7,0,0,0,1,0.0,0.00034959073659137095,0
keras_38_53ec990d5413_keras/layers/recurrent.py_build_1,keras,38,53ec990d54130dd0a457dd235c93d39de32d571d,keras/layers/recurrent.py:build,keras/layers/recurrent.py,build,53,4,2,2,1,8,10,0,2,0,3,0.0,0.0003441808728247424,1
keras_38_53ec990d5413_examples/lstm_stateful.py_create_model_0,keras,38,53ec990d54130dd0a457dd235c93d39de32d571d,examples/lstm_stateful.py:create_model,examples/lstm_stateful.py,create_model,9,1,0,1,1,6,6,0,0,0,1,0.0,0.0003945045399924878,0
keras_38_53ec990d5413_keras/applications/inception_v3.py_preprocess_input_0,keras,38,53ec990d54130dd0a457dd235c93d39de32d571d,keras/applications/inception_v3.py:preprocess_input,keras/applications/inception_v3.py,preprocess_input,10,1,0,1,1,1,19,0,0,0,1,0.0,0.0004323245264790987,0
keras_38_53ec990d5413_keras/engine/topology.py_losses_0,keras,38,53ec990d54130dd0a457dd235c93d39de32d571d,keras/engine/topology.py:losses,keras/engine/topology.py,losses,28,5,4,1,1,6,20,0,2,0,3,0.0,0.0003426059385802638,0
keras_39_3a431ea52d09_keras/utils/generic_utils.py_update_1,keras,39,3a431ea52d090fb3ef8a1e0e5d7f796d9a42e097,keras/utils/generic_utils.py:update,keras/utils/generic_utils.py,update,114,24,5,4,1,23,12,3,0,0,4,0.0,0.0012900622646113847,1
keras_39_3a431ea52d09_keras/backend/tensorflow_backend.py_batch_flatten_0,keras,39,3a431ea52d090fb3ef8a1e0e5d7f796d9a42e097,keras/backend/tensorflow_backend.py:batch_flatten,keras/backend/tensorflow_backend.py,batch_flatten,13,1,0,1,1,4,19,0,4,0,5,0.0,0.0003397721647741798,0
keras_39_3a431ea52d09_tests/test_model_saving.py_square_fn_0,keras,39,3a431ea52d090fb3ef8a1e0e5d7f796d9a42e097,tests/test_model_saving.py:square_fn,tests/test_model_saving.py,square_fn,2,1,0,1,1,0,14,1,0,0,2,0.0,0.0006531124185182669,0
keras_39_3a431ea52d09_tests/keras/layers/core_test.py_test_lambda_0,keras,39,3a431ea52d090fb3ef8a1e0e5d7f796d9a42e097,tests/keras/layers/core_test.py:test_lambda,tests/keras/layers/core_test.py,test_lambda,84,1,0,0,8,37,11,0,0,0,1,0.0,0.00035825907390637254,0
luigi_1_1164eb6b85b8_luigi/server.py_get_1,luigi,1,1164eb6b85b8a70f596dbb99452bec513e72c12e,luigi/server.py:get,luigi/server.py,get,5,2,1,1,0,3,15,2,2,0,5,0.0,0.0004101371223528671,1
luigi_1_1164eb6b85b8_luigi/contrib/batch.py_get_job_status_0,luigi,1,1164eb6b85b8a70f596dbb99452bec513e72c12e,luigi/contrib/batch.py:get_job_status,luigi/contrib/batch.py,get_job_status,16,2,1,2,1,3,7,1,0,0,2,0.0,0.00024156046091906278,0
luigi_1_1164eb6b85b8_luigi/execution_summary.py__get_set_of_params_0,luigi,1,1164eb6b85b8a70f596dbb99452bec513e72c12e,luigi/execution_summary.py:_get_set_of_params,luigi/execution_summary.py,_get_set_of_params,5,2,1,1,1,2,5,1,0,0,2,0.0,0.00017776849251879945,0
luigi_1_1164eb6b85b8_test/fib_test.py_run_0,luigi,1,1164eb6b85b8a70f596dbb99452bec513e72c12e,test/fib_test.py:run,test/fib_test.py,run,14,5,4,1,0,8,4,1,1,0,3,0.0,0.00033007432800435845,0
luigi_10_f538d1b3d473_luigi/scheduler.py_get_pending_tasks_1,luigi,10,f538d1b3d473d542a19d508e5f7e0809b1dfe5ef,luigi/scheduler.py:get_pending_tasks,luigi/scheduler.py,get_pending_tasks,3,1,0,1,1,2,19,3,1,0,5,0.0,0.0004077315968384732,1
luigi_10_f538d1b3d473_luigi/contrib/hadoop.py_run_reducer_0,luigi,10,f538d1b3d473d542a19d508e5f7e0809b1dfe5ef,luigi/contrib/hadoop.py:run_reducer,luigi/contrib/hadoop.py,run_reducer,8,1,0,3,0,5,32,1,5,0,7,0.0,0.00021536826075920792,0
luigi_10_f538d1b3d473_luigi/contrib/ftp.py___init___0,luigi,10,f538d1b3d473d542a19d508e5f7e0809b1dfe5ef,luigi/contrib/ftp.py:__init__,luigi/contrib/ftp.py,__init__,15,2,1,12,0,2,13,0,0,0,1,0.0,0.00020068751139921539,0
luigi_10_f538d1b3d473_luigi/server.py_initialize_0,luigi,10,f538d1b3d473d542a19d508e5f7e0809b1dfe5ef,luigi/server.py:initialize,luigi/server.py,initialize,2,1,0,2,0,0,17,0,0,0,1,0.0,0.0002071993536260618,0
luigi_11_bf8b5cba573d_luigi/scheduler.py_get_work_1,luigi,11,bf8b5cba573d5d6cd11f7f10a03b458aeaf955c1,luigi/scheduler.py:get_work,luigi/scheduler.py,get_work,153,31,6,6,1,62,19,0,19,0,20,0.0,0.0001979274699096239,1
luigi_11_bf8b5cba573d_test/contrib/opener_test.py_test_s3_parse_0,luigi,11,bf8b5cba573d5d6cd11f7f10a03b458aeaf955c1,test/contrib/opener_test.py:test_s3_parse,test/contrib/opener_test.py,test_s3_parse,9,1,0,2,0,2,8,0,0,0,1,0.0,0.00020414120324313534,0
luigi_11_bf8b5cba573d_luigi/postgres.py_map_column_0,luigi,11,bf8b5cba573d5d6cd11f7f10a03b458aeaf955c1,luigi/postgres.py:map_column,luigi/postgres.py,map_column,10,2,1,2,2,2,10,1,0,0,2,0.0,0.00023335020215683465,0
luigi_11_bf8b5cba573d_test/contrib/dataproc_test.py_test_8_create_cluster_image_version_0,luigi,11,bf8b5cba573d5d6cd11f7f10a03b458aeaf955c1,test/contrib/dataproc_test.py:test_8_create_cluster_image_version,test/contrib/dataproc_test.py,test_8_create_cluster_image_version,8,1,0,1,0,2,9,0,0,0,1,0.0,0.0002048157924763891,0
luigi_12_c3119757c9ad_luigi/contrib/hdfs/clients.py_get_autoconfig_client_1,luigi,12,c3119757c9ad4141fb446554109fa09cbd31173c,luigi/contrib/hdfs/clients.py:get_autoconfig_client,luigi/contrib/hdfs/clients.py,get_autoconfig_client,15,5,1,0,4,8,6,1,0,0,2,0.0,0.0004723306763607972,1
luigi_12_c3119757c9ad_test/scheduler_test.py_test_scheduler_with_config_0,luigi,12,c3119757c9ad4141fb446554109fa09cbd31173c,test/scheduler_test.py:test_scheduler_with_config,test/scheduler_test.py,test_scheduler_with_config,10,1,0,1,0,6,8,0,0,0,1,0.0,0.0002213568557242465,0
luigi_12_c3119757c9ad_luigi/parameter.py_parse_0,luigi,12,c3119757c9ad4141fb446554109fa09cbd31173c,luigi/parameter.py:parse,luigi/parameter.py,parse,5,1,0,2,1,1,17,2,2,0,5,0.0,0.0006964414286080109,0
luigi_12_c3119757c9ad_test/webhdfs_minicluster.py__get_namenode_port_0,luigi,12,c3119757c9ad4141fb446554109fa09cbd31173c,test/webhdfs_minicluster.py:_get_namenode_port,test/webhdfs_minicluster.py,_get_namenode_port,12,4,3,1,1,9,6,0,0,0,1,0.0,0.00023271243352017103,0
luigi_13_3c90bcdac63d_luigi/file.py_move_1,luigi,13,3c90bcdac63d978dbdaeae408420e22b963c9863,luigi/file.py:move,luigi/file.py,move,2,1,0,3,0,1,8,2,2,0,5,0.0,0.0004597176937003161,1
luigi_13_3c90bcdac63d_test/decorator_test.py_test_requires_0,luigi,13,3c90bcdac63d978dbdaeae408420e22b963c9863,test/decorator_test.py:test_requires,test/decorator_test.py,test_requires,5,1,0,1,0,5,10,0,1,0,2,0.0,0.00020799915222268267,0
luigi_13_3c90bcdac63d_luigi/date_interval.py___gt___0,luigi,13,3c90bcdac63d978dbdaeae408420e22b963c9863,luigi/date_interval.py:__gt__,luigi/date_interval.py,__gt__,4,2,1,2,1,3,4,0,0,0,1,0.0,0.00021447040453068304,0
luigi_13_3c90bcdac63d_luigi/date_interval.py_from_date_0,luigi,13,3c90bcdac63d978dbdaeae408420e22b963c9863,luigi/date_interval.py:from_date,luigi/date_interval.py,from_date,5,1,0,2,0,0,4,2,0,0,3,0.0,0.0005737744241265247,0
luigi_14_f7219c381210_luigi/scheduler.py_can_disable_1,luigi,14,f7219c38121098d464011a094156d99b5b320362,luigi/scheduler.py:can_disable,luigi/scheduler.py,can_disable,3,1,0,1,1,0,17,1,0,0,2,0.0,0.00036842880322333216,1
luigi_14_f7219c381210_luigi/scheduler.py_set_status_1,luigi,14,f7219c38121098d464011a094156d99b5b320362,luigi/scheduler.py:set_status,luigi/scheduler.py,set_status,37,10,3,4,2,10,17,5,4,0,10,0.0,0.000751398879703366,1
luigi_14_f7219c381210_luigi/scheduler.py_has_excessive_failures_1,luigi,14,f7219c38121098d464011a094156d99b5b320362,luigi/scheduler.py:has_excessive_failures,luigi/scheduler.py,has_excessive_failures,11,4,2,1,3,2,17,1,1,0,3,0.0,0.00036842880322333216,1
luigi_14_f7219c381210_luigi/parameter.py_parse_0,luigi,14,f7219c38121098d464011a094156d99b5b320362,luigi/parameter.py:parse,luigi/parameter.py,parse,23,3,1,2,2,4,17,2,2,0,5,0.0,0.0007028467269087235,0
luigi_14_f7219c381210_luigi/contrib/gcs.py___init___0,luigi,14,f7219c38121098d464011a094156d99b5b320362,luigi/contrib/gcs.py:__init__,luigi/contrib/gcs.py,__init__,12,3,1,5,0,4,16,0,0,0,1,0.0,0.00021079322320874822,0
luigi_14_f7219c381210_luigi/contrib/hadoop.py_requires_hadoop_0,luigi,14,f7219c38121098d464011a094156d99b5b320362,luigi/contrib/hadoop.py:requires_hadoop,luigi/contrib/hadoop.py,requires_hadoop,2,1,0,1,1,1,31,2,0,0,3,0.0,0.0004596961667063238,0
luigi_14_f7219c381210_test/postgres_test.py_test_bulk_complete_0,luigi,14,f7219c38121098d464011a094156d99b5b320362,test/postgres_test.py:test_bulk_complete,test/postgres_test.py,test_bulk_complete,18,1,0,2,0,21,7,0,1,0,2,0.0,0.00021881004501699412,0
luigi_14_f7219c381210_test/worker_test.py_test_allow_reschedule_with_many_missing_deps_0,luigi,14,f7219c38121098d464011a094156d99b5b320362,test/worker_test.py:test_allow_reschedule_with_many_missing_deps,test/worker_test.py,test_allow_reschedule_with_many_missing_deps,34,1,0,1,3,15,21,0,2,0,3,0.0,0.00020718939957345265,0
luigi_14_f7219c381210_luigi/configuration.py_getboolean_0,luigi,14,f7219c38121098d464011a094156d99b5b320362,luigi/configuration.py:getboolean,luigi/configuration.py,getboolean,2,1,0,4,1,1,5,0,1,0,2,0.0,0.00022649884931993155,0
luigi_14_f7219c381210_test/simulate_test.py_test_output_0,luigi,14,f7219c38121098d464011a094156d99b5b320362,test/simulate_test.py:test_output,test/simulate_test.py,test_output,15,2,1,1,0,13,6,0,3,0,4,0.0,0.00021632984077006804,0
luigi_14_f7219c381210_luigi/contrib/dataproc.py_run_0,luigi,14,f7219c38121098d464011a094156d99b5b320362,luigi/contrib/dataproc.py:run,luigi/contrib/dataproc.py,run,5,3,0,1,0,4,8,0,4,0,5,0.0,0.00021632984077006804,0
luigi_14_f7219c381210_test/contrib/hdfs/webhdfs_client_test.py_run_0,luigi,14,f7219c38121098d464011a094156d99b5b320362,test/contrib/hdfs/webhdfs_client_test.py:run,test/contrib/hdfs/webhdfs_client_test.py,run,5,1,0,2,0,5,5,0,0,0,1,0.0,0.00024857249598010694,0
luigi_15_a822f55d4d7c_luigi/scheduler.py_get_necessary_tasks_1,luigi,15,a822f55d4d7c5adf5b9e3b64f23189d8305e9bf9,luigi/scheduler.py:get_necessary_tasks,luigi/scheduler.py,get_necessary_tasks,8,3,2,1,1,5,17,1,2,0,4,0.0,0.0002538694644276953,1
luigi_15_a822f55d4d7c_test/contrib/hadoop_test.py_test_create_packages_archive_package_0,luigi,15,a822f55d4d7c5adf5b9e3b64f23189d8305e9bf9,test/contrib/hadoop_test.py:test_create_packages_archive_package,test/contrib/hadoop_test.py,test_create_packages_archive_package,4,1,0,2,0,3,15,0,1,0,2,0.0,0.00021153810784498356,0
luigi_15_a822f55d4d7c_test/contrib/test_ssh.py_test_get_0,luigi,15,a822f55d4d7c5adf5b9e3b64f23189d8305e9bf9,test/contrib/test_ssh.py:test_get,test/contrib/test_ssh.py,test_get,7,1,0,1,0,6,9,0,0,0,1,0.0,0.0002162314419564584,0
luigi_15_a822f55d4d7c_test/server_test.py_test_save_state_0,luigi,15,a822f55d4d7c5adf5b9e3b64f23189d8305e9bf9,test/server_test.py:test_save_state,test/server_test.py,test_save_state,8,1,0,1,0,8,18,0,2,0,3,0.0,0.000214380092168541,0
luigi_16_e38392a1381d_luigi/scheduler.py_prune_1,luigi,16,e38392a1381dd8daee0f180f0ac7f651edb88e0c,luigi/scheduler.py:prune,luigi/scheduler.py,prune,26,6,2,1,0,15,17,7,10,0,18,0.0,0.0005640916849148616,1
luigi_16_e38392a1381d_test/instance_test.py_test_dep_0,luigi,16,e38392a1381dd8daee0f180f0ac7f651edb88e0c,test/instance_test.py:test_dep,test/instance_test.py,test_dep,22,1,0,1,1,9,5,0,0,0,1,0.0,0.00023786774243498098,0
luigi_16_e38392a1381d_luigi/contrib/hadoop_jar.py_jar_0,luigi,16,e38392a1381dd8daee0f180f0ac7f651edb88e0c,luigi/contrib/hadoop_jar.py:jar,luigi/contrib/hadoop_jar.py,jar,5,1,0,1,1,0,6,1,0,0,2,0.0,0.00030838261807983883,0
luigi_16_e38392a1381d_test/parameter_test.py_test_nonpositional_param_0,luigi,16,e38392a1381dd8daee0f180f0ac7f651edb88e0c,test/parameter_test.py:test_nonpositional_param,test/parameter_test.py,test_nonpositional_param,9,1,0,1,0,4,13,0,0,0,1,0.0,0.00022566206056465806,0
luigi_17_c39922350cba_luigi/interface.py_create_local_scheduler_1,luigi,17,c39922350cba3a93c96c2ed223283bf8cf315a7d,luigi/interface.py:create_local_scheduler,luigi/interface.py,create_local_scheduler,2,1,0,1,1,1,16,1,0,0,2,0.0,0.0003847710844835099,1
luigi_17_c39922350cba_test/contrib/esindex_test.py_setUpClass_0,luigi,17,c39922350cba3a93c96c2ed223283bf8cf315a7d,test/contrib/esindex_test.py:setUpClass,test/contrib/esindex_test.py,setUpClass,2,1,0,1,0,1,8,0,0,0,1,0.0,0.00023197015288966647,0
luigi_17_c39922350cba_luigi/contrib/spark.py_archives_0,luigi,17,c39922350cba3a93c96c2ed223283bf8cf315a7d,luigi/contrib/spark.py:archives,luigi/contrib/spark.py,archives,2,1,0,1,1,3,16,0,1,0,2,0.0,0.00022914186633940693,0
luigi_17_c39922350cba_examples/foo.py_run_0,luigi,17,c39922350cba3a93c96c2ed223283bf8cf315a7d,examples/foo.py:run,examples/foo.py,run,2,1,0,1,0,1,5,0,1,0,2,0.0,0.00025595034991345944,0
luigi_18_6cffbf438d02_luigi/scheduler.py_set_status_1,luigi,18,6cffbf438d023441f7f42c2019a51c62eecd9018,luigi/scheduler.py:set_status,luigi/scheduler.py,set_status,35,9,3,4,2,9,17,5,4,0,10,0.0,0.000780183245596938,1
luigi_18_6cffbf438d02_luigi/util.py_task_wraps_0,luigi,18,6cffbf438d023441f7f42c2019a51c62eecd9018,luigi/util.py:task_wraps,luigi/util.py,task_wraps,7,1,0,1,1,1,7,2,0,0,3,0.0,0.000711067967258005,0
luigi_18_6cffbf438d02_test/parameter_test.py_test_use_config_class_with_configuration_0,luigi,18,6cffbf438d023441f7f42c2019a51c62eecd9018,test/parameter_test.py:test_use_config_class_with_configuration,test/parameter_test.py,test_use_config_class_with_configuration,5,1,0,1,0,8,12,0,0,0,1,0.0,0.00024546292973545817,0
luigi_18_6cffbf438d02_test/cmdline_test.py_test_direct_python_help_class_0,luigi,18,6cffbf438d023441f7f42c2019a51c62eecd9018,test/cmdline_test.py:test_direct_python_help_class,test/cmdline_test.py,test_direct_python_help_class,4,1,0,1,0,5,10,0,1,0,2,0.0,0.0002490382287631729,0
luigi_19_3d2f75224c76_luigi/scheduler.py_set_status_1,luigi,19,3d2f75224c7649402927a5ef57558d8c3717cd94,luigi/scheduler.py:set_status,luigi/scheduler.py,set_status,35,9,3,4,2,9,17,5,4,0,10,0.0,0.0007809498827656747,1
luigi_19_3d2f75224c76_luigi/contrib/webhdfs.py___init___0,luigi,19,3d2f75224c7649402927a5ef57558d8c3717cd94,luigi/contrib/webhdfs.py:__init__,luigi/contrib/webhdfs.py,__init__,4,1,0,3,0,0,8,0,1,0,2,0.0,0.00026450542056704143,0
luigi_19_3d2f75224c76_luigi/task_history.py_task_finished_0,luigi,19,3d2f75224c7649402927a5ef57558d8c3717cd94,luigi/task_history.py:task_finished,luigi/task_history.py,task_finished,2,1,0,3,0,0,3,0,0,0,1,0.0,0.00026644419607724565,0
luigi_19_3d2f75224c76_luigi/contrib/hive.py_table_location_0,luigi,19,3d2f75224c7649402927a5ef57558d8c3717cd94,luigi/contrib/hive.py:table_location,luigi/contrib/hive.py,table_location,10,4,2,4,1,6,15,1,2,0,4,0.0,0.00046815998412944124,0
luigi_2_baa54c9f4f80_luigi/contrib/beam_dataflow.py___init___1,luigi,2,baa54c9f4f809692d62d4c3e4497161717c76550,luigi/contrib/beam_dataflow.py:__init__,luigi/contrib/beam_dataflow.py,__init__,3,2,1,1,0,2,10,0,0,0,1,0.0,0.00014761558663613236,1
luigi_2_baa54c9f4f80_luigi/contrib/beam_dataflow.py_get_target_path_1,luigi,2,baa54c9f4f809692d62d4c3e4497161717c76550,luigi/contrib/beam_dataflow.py:get_target_path,luigi/contrib/beam_dataflow.py,get_target_path,7,3,2,1,1,5,10,2,0,0,3,0.0,0.00040787278198212135,1
luigi_2_baa54c9f4f80_test/scheduler_api_test.py_test_get_work_group_on_non_batch_params_0,luigi,2,baa54c9f4f809692d62d4c3e4497161717c76550,test/scheduler_api_test.py:test_get_work_group_on_non_batch_params,test/scheduler_api_test.py,test_get_work_group_on_non_batch_params,13,3,1,1,0,10,11,0,1,0,2,0.0,0.00014410813320603092,0
luigi_2_baa54c9f4f80_luigi/worker.py__check_complete_value_0,luigi,2,baa54c9f4f809692d62d4c3e4497161717c76550,luigi/worker.py:_check_complete_value,luigi/worker.py,_check_complete_value,5,3,2,2,0,3,33,1,0,0,2,0.0,0.0001628247096552967,0
luigi_2_baa54c9f4f80_luigi/task_register.py___new___0,luigi,2,baa54c9f4f809692d62d4c3e4497161717c76550,luigi/task_register.py:__new__,luigi/task_register.py,__new__,13,1,0,4,1,4,3,0,1,0,2,0.0,0.00015154009989928617,0
luigi_2_baa54c9f4f80_test/snakebite_test.py_test_rename_trailing_slash_0,luigi,2,baa54c9f4f809692d62d4c3e4497161717c76550,test/snakebite_test.py:test_rename_trailing_slash,test/snakebite_test.py,test_rename_trailing_slash,7,1,0,1,0,11,11,0,0,0,1,0.0,0.00015567116649207964,0
luigi_2_baa54c9f4f80_luigi/worker.py__forward_attributes_0,luigi,2,baa54c9f4f809692d62d4c3e4497161717c76550,luigi/worker.py:_forward_attributes,luigi/worker.py,_forward_attributes,10,4,2,1,0,5,33,1,0,0,2,0.0,0.00015882075280381996,0
luigi_2_baa54c9f4f80_test/scheduler_api_test.py_test_collector_metrics_on_task_done_0,luigi,2,baa54c9f4f809692d62d4c3e4497161717c76550,test/scheduler_api_test.py:test_collector_metrics_on_task_done,test/scheduler_api_test.py,test_collector_metrics_on_task_done,8,1,0,2,0,5,11,0,1,0,2,0.0,0.00014410813320603092,0
luigi_20_b958140c2ec8_luigi/task.py_to_str_params_1,luigi,20,b958140c2ec838e590a5be02dbac7414d5d0bf17,luigi/task.py:to_str_params,luigi/task.py,to_str_params,11,3,2,1,1,4,8,0,1,0,2,0.0,0.0002809078133445061,1
luigi_20_b958140c2ec8_test/decorator_test.py_test_forgot_subtasks_0,luigi,20,b958140c2ec838e590a5be02dbac7414d5d0bf17,test/decorator_test.py:test_forgot_subtasks,test/decorator_test.py,test_forgot_subtasks,7,1,0,1,0,1,11,0,0,0,1,0.0,0.00027467823172303615,0
luigi_20_b958140c2ec8_luigi/contrib/hdfs/abstract_client.py_touchz_0,luigi,20,b958140c2ec838e590a5be02dbac7414d5d0bf17,luigi/contrib/hdfs/abstract_client.py:touchz,luigi/contrib/hdfs/abstract_client.py,touchz,2,1,0,2,0,0,4,0,0,0,1,0.0,0.0002869049948686052,0
luigi_20_b958140c2ec8_luigi/format.py___iter___0,luigi,20,b958140c2ec838e590a5be02dbac7414d5d0bf17,luigi/format.py:__iter__,luigi/format.py,__iter__,4,2,1,1,0,1,9,0,2,0,3,0.0,0.0002818492170681524,0
luigi_21_b7768da96357_luigi/interface.py_run_1,luigi,21,b7768da963570bd2223d97c1035f811c2eaf30b4,luigi/interface.py:run,luigi/interface.py,run,23,4,1,5,1,6,14,1,5,0,7,0.0,0.0005473137260495717,1
luigi_21_b7768da96357_test/worker_parallel_scheduling_test.py_test_multiprocess_scheduling_with_overlapping_dependencies_0,luigi,21,b7768da963570bd2223d97c1035f811c2eaf30b4,test/worker_parallel_scheduling_test.py:test_multiprocess_scheduling_with_overlapping_dependencies,test/worker_parallel_scheduling_test.py,test_multiprocess_scheduling_with_overlapping_dependencies,22,1,0,1,0,11,6,0,1,0,2,0.0,0.0002869672695512461,0
luigi_21_b7768da96357_test/contrib/spark_test.py_job_class_0,luigi,21,b7768da963570bd2223d97c1035f811c2eaf30b4,test/contrib/spark_test.py:job_class,test/contrib/spark_test.py,job_class,2,1,0,1,1,0,10,1,0,0,2,0.0,0.00034180191019611534,0
luigi_21_b7768da96357_luigi/six.py_byte2int_0,luigi,21,b7768da963570bd2223d97c1035f811c2eaf30b4,luigi/six.py:byte2int,luigi/six.py,byte2int,2,1,0,1,1,1,8,0,0,0,1,0.0,0.0002780441046901493,0
luigi_22_9c4c47ae4495_luigi/scheduler.py___init___1,luigi,22,9c4c47ae449593c55fb67ce51115d0be1fecb163,luigi/scheduler.py:__init__,luigi/scheduler.py,__init__,22,3,2,5,0,7,17,0,1,0,2,0.0,0.00028044701658072255,1
luigi_22_9c4c47ae4495_test/parameter_test.py_test_forgot_param_0,luigi,22,9c4c47ae449593c55fb67ce51115d0be1fecb163,test/parameter_test.py:test_forgot_param,test/parameter_test.py,test_forgot_param,2,1,0,1,0,1,13,0,0,0,1,0.0,0.00027647901650320234,0
luigi_22_9c4c47ae4495_luigi/postgres.py_map_column_0,luigi,22,9c4c47ae449593c55fb67ce51115d0be1fecb163,luigi/postgres.py:map_column,luigi/postgres.py,map_column,14,4,3,2,4,7,10,1,0,0,2,0.0,0.00033245238400985094,0
luigi_22_9c4c47ae4495_test/central_planner_test.py_test_disconnect_running_0,luigi,22,9c4c47ae449593c55fb67ce51115d0be1fecb163,test/central_planner_test.py:test_disconnect_running,test/central_planner_test.py,test_disconnect_running,15,3,2,1,0,11,5,0,1,0,2,0.0,0.00027745761233124435,0
luigi_23_c707253572de_luigi/scheduler.py_get_work_1,luigi,23,c707253572deb795a900c3e07d21eee591a55fca,luigi/scheduler.py:get_work,luigi/scheduler.py,get_work,95,17,6,4,1,33,17,0,13,0,14,0.0,0.0002796301154250334,1
luigi_23_c707253572de_luigi/scheduler.py___init___1,luigi,23,c707253572deb795a900c3e07d21eee591a55fca,luigi/scheduler.py:__init__,luigi/scheduler.py,__init__,22,3,2,5,0,7,17,0,1,0,2,0.0,0.0002796301154250334,1
luigi_23_c707253572de_luigi/interface.py_create_local_scheduler_1,luigi,23,c707253572deb795a900c3e07d21eee591a55fca,luigi/interface.py:create_local_scheduler,luigi/interface.py,create_local_scheduler,2,1,0,1,1,1,15,1,0,0,2,0.0,0.0003980472067829082,1
luigi_23_c707253572de_test/instance_wrap_test.py_output_0,luigi,23,c707253572deb795a900c3e07d21eee591a55fca,test/instance_wrap_test.py:output,test/instance_wrap_test.py,output,2,1,0,1,1,2,6,1,0,0,2,0.0,0.0006836501484275752,0
luigi_23_c707253572de_luigi/contrib/hadoop.py_run_mapper_0,luigi,23,c707253572deb795a900c3e07d21eee591a55fca,luigi/contrib/hadoop.py:run_mapper,luigi/contrib/hadoop.py,run_mapper,11,2,1,3,0,5,33,1,5,0,7,0.0,0.00030146427941889095,0
luigi_23_c707253572de_luigi/parameter.py_has_value_0,luigi,23,c707253572deb795a900c3e07d21eee591a55fca,luigi/parameter.py:has_value,luigi/parameter.py,has_value,13,1,0,1,1,1,10,0,1,0,2,0.0,0.000282247156154188,0
luigi_23_c707253572de_luigi/format.py___exit___0,luigi,23,c707253572deb795a900c3e07d21eee591a55fca,luigi/format.py:__exit__,luigi/format.py,__exit__,5,2,1,4,0,2,9,0,5,0,6,0.0,0.00028409654497746085,0
luigi_23_c707253572de_luigi/contrib/spark.py_py_files_0,luigi,23,c707253572deb795a900c3e07d21eee591a55fca,luigi/contrib/spark.py:py_files,luigi/contrib/spark.py,py_files,2,1,0,1,1,3,21,0,1,0,2,0.0,0.0002778882079870612,0
luigi_23_c707253572de_luigi/tools/range.py_infer_bulk_complete_from_fs_0,luigi,23,c707253572deb795a900c3e07d21eee591a55fca,luigi/tools/range.py:infer_bulk_complete_from_fs,luigi/tools/range.py,infer_bulk_complete_from_fs,25,4,2,3,1,10,11,1,2,0,4,0.0,0.00042588628598402996,0
luigi_23_c707253572de_luigi/process.py_write_pid_0,luigi,23,c707253572deb795a900c3e07d21eee591a55fca,luigi/process.py:write_pid,luigi/process.py,write_pid,8,3,1,1,0,8,8,1,0,0,2,0.0,0.00041351842688797596,0
luigi_23_c707253572de_luigi/contrib/spark.py_run_0,luigi,23,c707253572deb795a900c3e07d21eee591a55fca,luigi/contrib/spark.py:run,luigi/contrib/spark.py,run,20,4,2,1,0,29,21,0,9,0,10,0.0,0.0002778882079870612,0
luigi_23_c707253572de_luigi/scheduler.py_re_enable_0,luigi,23,c707253572deb795a900c3e07d21eee591a55fca,luigi/scheduler.py:re_enable,luigi/scheduler.py,re_enable,6,2,1,3,0,3,17,3,2,0,6,0.0,0.0005577010906190483,0
luigi_24_572fce617a3b_luigi/contrib/spark.py__dict_arg_1,luigi,24,572fce617a3b8133983cdee2b2cc336a65af5abe,luigi/contrib/spark.py:_dict_arg,luigi/contrib/spark.py,_dict_arg,6,3,2,3,1,3,21,1,0,0,2,0.0,0.0003376363551254502,1
luigi_24_572fce617a3b_test/parameter_test.py_testNoSection_0,luigi,24,572fce617a3b8133983cdee2b2cc336a65af5abe,test/parameter_test.py:testNoSection,test/parameter_test.py,testNoSection,2,1,0,1,0,3,13,0,0,0,1,0.0,0.00028083657271167747,0
luigi_24_572fce617a3b_luigi/tools/range.py_datetime_to_parameter_0,luigi,24,572fce617a3b8133983cdee2b2cc336a65af5abe,luigi/tools/range.py:datetime_to_parameter,luigi/tools/range.py,datetime_to_parameter,2,1,0,2,0,0,11,3,0,0,4,0.0,0.0009925522418860542,0
luigi_24_572fce617a3b_test/worker_parallel_scheduling_test.py_test_multiprocess_scheduling_with_overlapping_dependencies_0,luigi,24,572fce617a3b8133983cdee2b2cc336a65af5abe,test/worker_parallel_scheduling_test.py:test_multiprocess_scheduling_with_overlapping_dependencies,test/worker_parallel_scheduling_test.py,test_multiprocess_scheduling_with_overlapping_dependencies,22,1,0,1,0,11,6,0,1,0,2,0.0,0.00029185074910848896,0
luigi_25_d7ec31609c88_luigi/contrib/redshift.py_run_1,luigi,25,d7ec31609c88503391d12d65b6037f397feff816,luigi/contrib/redshift.py:run,luigi/contrib/redshift.py,run,38,5,2,1,0,18,10,0,7,0,8,0.0,0.0002986387898460221,1
luigi_25_d7ec31609c88_test/parameter_test.py_test_x_arg_override_stupid_0,luigi,25,d7ec31609c88503391d12d65b6037f397feff816,test/parameter_test.py:test_x_arg_override_stupid,test/parameter_test.py,test_x_arg_override_stupid,3,1,0,1,0,2,13,0,2,0,3,0.0,0.0002917700421814378,0
luigi_25_d7ec31609c88_luigi/contrib/ftp.py_remove_0,luigi,25,d7ec31609c88503391d12d65b6037f397feff816,luigi/contrib/ftp.py:remove,luigi/contrib/ftp.py,remove,23,4,2,3,0,5,11,0,2,0,3,0.0,0.00030815500101895294,0
luigi_25_d7ec31609c88_test/parameter_test.py_testInt_0,luigi,25,d7ec31609c88503391d12d65b6037f397feff816,test/parameter_test.py:testInt,test/parameter_test.py,testInt,3,1,0,1,0,3,13,0,0,0,1,0.0,0.0002917700421814378,0
luigi_26_ed351ca3c3ba_luigi/contrib/hadoop_jar.py_run_job_1,luigi,26,ed351ca3c3baf3657de584db08dfe0414fa000a3,luigi/contrib/hadoop_jar.py:run_job,luigi/contrib/hadoop_jar.py,run_job,40,8,2,2,0,27,5,0,4,0,5,0.0,0.00033263546043515714,1
luigi_26_ed351ca3c3ba_test/parameter_test.py_output_0,luigi,26,ed351ca3c3baf3657de584db08dfe0414fa000a3,test/parameter_test.py:output,test/parameter_test.py,output,2,1,0,1,1,1,13,1,0,0,2,0.0,0.005642202369188652,0
luigi_26_ed351ca3c3ba_luigi/contrib/spark.py_files_0,luigi,26,ed351ca3c3baf3657de584db08dfe0414fa000a3,luigi/contrib/spark.py:files,luigi/contrib/spark.py,files,2,1,0,1,1,3,21,0,1,0,2,0.0,0.0002959557528152644,0
luigi_26_ed351ca3c3ba_luigi/tools/range.py_moving_stop_0,luigi,26,ed351ca3c3baf3657de584db08dfe0414fa000a3,luigi/tools/range.py:moving_stop,luigi/tools/range.py,moving_stop,2,1,0,2,1,1,11,1,0,0,2,0.0,0.00033772179300656994,0
luigi_27_69dfec33dc7c_luigi/parameter.py_parse_from_input_1,luigi,27,69dfec33dc7c34d551ddc71742fa9c847295b01f,luigi/parameter.py:parse_from_input,luigi/parameter.py,parse_from_input,23,6,4,3,5,5,10,2,1,0,4,0.0,0.0004943502207582719,1
luigi_27_69dfec33dc7c_luigi/parameter.py_set_global_from_args_1,luigi,27,69dfec33dc7c34d551ddc71742fa9c847295b01f,luigi/parameter.py:set_global_from_args,luigi/parameter.py,set_global_from_args,9,3,2,5,0,5,10,0,4,0,5,0.0,0.0003003489043747529,1
luigi_27_69dfec33dc7c_luigi/parameter.py_add_to_cmdline_parser_1,luigi,27,69dfec33dc7c34d551ddc71742fa9c847295b01f,luigi/parameter.py:add_to_cmdline_parser,luigi/parameter.py,add_to_cmdline_parser,29,8,2,7,1,8,10,0,1,0,2,0.0,0.0003003489043747529,1
luigi_27_69dfec33dc7c_luigi/parameter.py_parse_from_args_1,luigi,27,69dfec33dc7c34d551ddc71742fa9c847295b01f,luigi/parameter.py:parse_from_args,luigi/parameter.py,parse_from_args,6,2,1,5,0,3,10,0,2,0,3,0.0,0.0003003489043747529,1
luigi_27_69dfec33dc7c_luigi/postgres.py__replacer_0,luigi,27,69dfec33dc7c34d551ddc71742fa9c847295b01f,luigi/postgres.py:_replacer,luigi/postgres.py,_replacer,3,1,0,2,1,1,10,0,0,0,1,0.0,0.00030983278990994595,0
luigi_27_69dfec33dc7c_luigi/contrib/hadoop.py_writer_0,luigi,27,69dfec33dc7c34d551ddc71742fa9c847295b01f,luigi/contrib/hadoop.py:writer,luigi/contrib/hadoop.py,writer,20,5,3,4,0,6,32,2,1,0,4,0.0,0.00041163148039625915,0
luigi_27_69dfec33dc7c_luigi/contrib/hdfs/format.py___init___0,luigi,27,69dfec33dc7c34d551ddc71742fa9c847295b01f,luigi/contrib/hdfs/format.py:__init__,luigi/contrib/hdfs/format.py,__init__,5,1,0,3,0,4,6,0,0,0,1,0.0,0.0003069779816381997,0
luigi_27_69dfec33dc7c_luigi/contrib/hadoop.py_fetch_task_failures_0,luigi,27,69dfec33dc7c34d551ddc71742fa9c847295b01f,luigi/contrib/hadoop.py:fetch_task_failures,luigi/contrib/hadoop.py,fetch_task_failures,36,5,2,1,1,21,32,1,1,0,3,0.0,0.0005746063903278197,0
luigi_27_69dfec33dc7c_test/contrib/cascading_test.py_test_successes_0,luigi,27,69dfec33dc7c34d551ddc71742fa9c847295b01f,test/contrib/cascading_test.py:test_successes,test/contrib/cascading_test.py,test_successes,3,1,0,1,0,4,3,0,0,0,1,0.0,0.00031502445972680774,0
luigi_27_69dfec33dc7c_test/priority_test.py_complete_0,luigi,27,69dfec33dc7c34d551ddc71742fa9c847295b01f,test/priority_test.py:complete,test/priority_test.py,complete,2,1,0,1,1,1,3,0,0,0,1,0.0,0.00031730429518524666,0
luigi_27_69dfec33dc7c_test/bin_test.py_run_server_0,luigi,27,69dfec33dc7c34d551ddc71742fa9c847295b01f,test/bin_test.py:run_server,test/bin_test.py,run_server,3,1,0,1,0,3,4,0,0,0,1,0.0,0.0003758200719518462,0
luigi_27_69dfec33dc7c_luigi/contrib/spark.py_track_progress_0,luigi,27,69dfec33dc7c34d551ddc71742fa9c847295b01f,luigi/contrib/spark.py:track_progress,luigi/contrib/spark.py,track_progress,34,8,3,2,1,26,21,1,0,0,2,0.0,0.0003251428925272937,0
luigi_27_69dfec33dc7c_test/esindex_test.py_setUpClass_0,luigi,27,69dfec33dc7c34d551ddc71742fa9c847295b01f,test/esindex_test.py:setUpClass,test/esindex_test.py,setUpClass,2,1,0,1,0,1,8,0,0,0,1,0.0,0.0003022573811595496,0
luigi_27_69dfec33dc7c_luigi/interface.py_parse_0,luigi,27,69dfec33dc7c34d551ddc71742fa9c847295b01f,luigi/interface.py:parse,luigi/interface.py,parse,14,2,1,3,1,5,15,1,5,0,7,0.0,0.0004237974232807043,0
luigi_27_69dfec33dc7c_luigi/contrib/ssh.py__prepare_cmd_0,luigi,27,69dfec33dc7c34d551ddc71742fa9c847295b01f,luigi/contrib/ssh.py:_prepare_cmd,luigi/contrib/ssh.py,_prepare_cmd,21,6,1,2,1,3,8,3,1,0,5,0.0,0.0017710465409222428,0
luigi_27_69dfec33dc7c_luigi/deprecate_kwarg.py_deprecate_kwarg_0,luigi,27,69dfec33dc7c34d551ddc71742fa9c847295b01f,luigi/deprecate_kwarg.py:deprecate_kwarg,luigi/deprecate_kwarg.py,deprecate_kwarg,34,3,1,3,3,3,1,0,0,0,1,0.0,0.0005733407802491954,0
luigi_28_e37cb0ea1d97_luigi/contrib/hive.py_table_exists_1,luigi,28,e37cb0ea1d97e6340840128a68c8d59bd05c28c3,luigi/contrib/hive.py:table_exists,luigi/contrib/hive.py,table_exists,6,3,2,4,2,3,16,1,3,0,5,0.0,0.0007262926362171819,1
luigi_28_e37cb0ea1d97_test/esindex_test.py_setUp_0,luigi,28,e37cb0ea1d97e6340840128a68c8d59bd05c28c3,test/esindex_test.py:setUp,test/esindex_test.py,setUp,3,1,0,1,0,1,8,0,1,0,2,0.0,0.0003079540493091708,0
luigi_28_e37cb0ea1d97_test/range_test.py_output_0,luigi,28,e37cb0ea1d97e6340840128a68c8d59bd05c28c3,test/range_test.py:output,test/range_test.py,output,2,1,0,1,1,2,7,0,0,0,1,0.0,0.0003028198035836157,0
luigi_28_e37cb0ea1d97_test/central_planner_test.py_test_failed_dep_0,luigi,28,e37cb0ea1d97e6340840128a68c8d59bd05c28c3,test/central_planner_test.py:test_failed_dep,test/central_planner_test.py,test_failed_dep,12,1,0,1,0,13,4,0,0,0,1,0.0,0.0003015170845189226,0
luigi_29_07efdd913696_luigi/task_register.py___get_reg_1,luigi,29,07efdd9136966ffe143ea57e15b1a57b5698fd5a,luigi/task_register.py:__get_reg,luigi/task_register.py,__get_reg,24,4,2,1,1,2,5,3,0,0,4,0.0,0.001462267563250116,1
luigi_29_07efdd913696_luigi/hadoop_jar.py___init___0,luigi,29,07efdd9136966ffe143ea57e15b1a57b5698fd5a,luigi/hadoop_jar.py:__init__,luigi/hadoop_jar.py,__init__,2,1,0,1,0,0,5,0,0,0,1,0.0,0.0003221789851460087,0
luigi_29_07efdd913696_luigi/contrib/rdbms.py_update_id_0,luigi,29,07efdd9136966ffe143ea57e15b1a57b5698fd5a,luigi/contrib/rdbms.py:update_id,luigi/contrib/rdbms.py,update_id,5,1,0,1,1,0,4,0,0,0,1,0.0,0.0003174333399854861,0
luigi_29_07efdd913696_test/esindex_test.py_delete_0,luigi,29,07efdd9136966ffe143ea57e15b1a57b5698fd5a,test/esindex_test.py:delete,test/esindex_test.py,delete,6,2,1,0,0,4,8,2,0,0,3,0.0,0.001444172508528808,0
luigi_3_a0f1db01ddab_luigi/parameter.py_parse_1,luigi,3,a0f1db01ddab5b4b2bda3fbe58bad09a6d94a7b4,luigi/parameter.py:parse,luigi/parameter.py,parse,3,1,0,2,1,2,19,3,3,0,7,0.0,0.0005555236415553908,1
luigi_3_a0f1db01ddab_luigi/contrib/azureblob.py_remove_0,luigi,3,a0f1db01ddab5b4b2bda3fbe58bad09a6d94a7b4,luigi/contrib/azureblob.py:remove,luigi/contrib/azureblob.py,remove,7,2,1,4,2,4,7,2,2,0,5,0.0,0.00033325179229941456,0
luigi_3_a0f1db01ddab_test/scheduler_api_test.py_test_last_updated_does_not_change_with_same_status_update_0,luigi,3,a0f1db01ddab5b4b2bda3fbe58bad09a6d94a7b4,test/scheduler_api_test.py:test_last_updated_does_not_change_with_same_status_update,test/scheduler_api_test.py,test_last_updated_does_not_change_with_same_status_update,9,2,1,1,0,8,11,0,2,0,3,0.0,0.00014876701132340557,0
luigi_3_a0f1db01ddab_test/decorator_test.py_setUp_0,luigi,3,a0f1db01ddab5b4b2bda3fbe58bad09a6d94a7b4,test/decorator_test.py:setUp,test/decorator_test.py,setUp,9,1,0,1,0,8,10,0,0,0,1,0.0,0.0001502425616711364,0
luigi_30_97fa4afea374_luigi/worker.py_run_1,luigi,30,97fa4afea3748f0d714482d2c97990bb467bc9d1,luigi/worker.py:run,luigi/worker.py,run,39,7,4,1,1,19,25,2,8,0,11,0.0,0.0009193755332981704,1
luigi_30_97fa4afea374_test/range_test.py__empty_subcase_0,luigi,30,97fa4afea3748f0d714482d2c97990bb467bc9d1,test/range_test.py:_empty_subcase,test/range_test.py,_empty_subcase,16,1,0,3,1,11,7,2,1,0,4,0.0,0.0005710957332882119,0
luigi_30_97fa4afea374_test/worker_test.py_run_0,luigi,30,97fa4afea3748f0d714482d2c97990bb467bc9d1,test/worker_test.py:run,test/worker_test.py,run,7,2,1,1,0,7,20,23,1,0,25,0.0,0.004781411586297929,0
luigi_30_97fa4afea374_luigi/six.py__resolve_0,luigi,30,97fa4afea3748f0d714482d2c97990bb467bc9d1,luigi/six.py:_resolve,luigi/six.py,_resolve,2,1,0,1,1,1,8,3,1,0,5,0.0,0.0009667781136266735,0
luigi_31_554850f32784_luigi/scheduler.py_get_work_1,luigi,31,554850f32784537796383db5ee188d0455863ca9,luigi/scheduler.py:get_work,luigi/scheduler.py,get_work,85,16,6,5,1,27,17,0,11,0,12,0.0,0.00030838410998502064,1
luigi_31_554850f32784_test/central_planner_test.py_get_scheduler_config_0,luigi,31,554850f32784537796383db5ee188d0455863ca9,test/central_planner_test.py:get_scheduler_config,test/central_planner_test.py,get_scheduler_config,9,1,0,1,1,0,4,1,0,0,2,0.0,0.0005706626261609439,0
luigi_31_554850f32784_luigi/server.py_get_0,luigi,31,554850f32784537796383db5ee188d0455863ca9,luigi/server.py:get,luigi/server.py,get,3,1,0,2,0,2,15,0,0,0,1,0.0,0.0003268100821972369,0
luigi_31_554850f32784_luigi/contrib/ssh.py_tmp_path_0,luigi,31,554850f32784537796383db5ee188d0455863ca9,luigi/contrib/ssh.py:tmp_path,luigi/contrib/ssh.py,tmp_path,2,1,0,1,1,0,7,0,0,0,1,0.0,0.0003154869679544524,0
luigi_33_a7c0662eab78_luigi/task.py_get_param_values_1,luigi,33,a7c0662eab78fd226fd7ef6b4461d7199336cbb1,luigi/task.py:get_param_values,luigi/task.py,get_param_values,50,10,3,4,3,16,8,2,0,0,3,0.0,0.0006301641262957596,1
luigi_33_a7c0662eab78_test/scheduler_visualisation_test.py_test_task_list_single_0,luigi,33,a7c0662eab78fd226fd7ef6b4461d7199336cbb1,test/scheduler_visualisation_test.py:test_task_list_single,test/scheduler_visualisation_test.py,test_task_list_single,13,1,0,1,0,17,9,0,3,0,4,0.0,0.0003343613913619973,0
luigi_33_a7c0662eab78_test/decorator_test.py_run_0,luigi,33,a7c0662eab78fd226fd7ef6b4461d7199336cbb1,test/decorator_test.py:run,test/decorator_test.py,run,4,1,0,1,0,4,11,0,3,0,4,0.0,0.0003324360231258996,0
luigi_33_a7c0662eab78_test/date_interval_test.py_test_parameter_parse_and_default_0,luigi,33,a7c0662eab78fd226fd7ef6b4461d7199336cbb1,test/date_interval_test.py:test_parameter_parse_and_default,test/date_interval_test.py,test_parameter_parse_and_default,31,1,0,1,0,28,4,0,0,0,1,0.0,0.0003487956737282702,0
luigi_4_ffa51b50103a_luigi/contrib/redshift.py_copy_1,luigi,4,ffa51b50103a3adaf3c4d0569fdb037a7ba01e8e,luigi/contrib/redshift.py:copy,luigi/contrib/redshift.py,copy,13,1,0,3,0,3,11,1,1,0,3,0.0,0.00019493262591246217,1
luigi_4_ffa51b50103a_luigi/contrib/hive.py_load_hive_cmd_0,luigi,4,ffa51b50103a3adaf3c4d0569fdb037a7ba01e8e,luigi/contrib/hive.py:load_hive_cmd,luigi/contrib/hive.py,load_hive_cmd,2,1,0,0,1,3,17,2,0,0,3,0.0,0.000705355102522019,0
luigi_4_ffa51b50103a_test/worker_test.py_test_with_dynamic_dependencies_with_multiple_workers_0,luigi,4,ffa51b50103a3adaf3c4d0569fdb037a7ba01e8e,test/worker_test.py:test_with_dynamic_dependencies_with_multiple_workers,test/worker_test.py,test_with_dynamic_dependencies_with_multiple_workers,50,3,2,1,1,37,24,0,1,0,2,0.0,0.00016885364449965444,0
luigi_4_ffa51b50103a_test/retcodes_test.py_test_validate_dependency_error_0,luigi,4,ffa51b50103a3adaf3c4d0569fdb037a7ba01e8e,test/retcodes_test.py:test_validate_dependency_error,test/retcodes_test.py,test_validate_dependency_error,10,1,0,1,0,2,5,0,1,0,2,0.0,0.00017268638735656657,0
luigi_5_45b5711d1900_luigi/util.py___call___1,luigi,5,45b5711d1900184ccd66c65216d28c0d69d10d4a,luigi/util.py:__call__,luigi/util.py,__call__,15,2,1,2,1,8,5,0,0,0,1,0.0,0.0001861496367113699,1
luigi_5_45b5711d1900_test/cmdline_test.py_test_bin_luigi_0,luigi,5,45b5711d1900184ccd66c65216d28c0d69d10d4a,test/cmdline_test.py:test_bin_luigi,test/cmdline_test.py,test_bin_luigi,5,1,0,1,0,4,11,0,1,0,2,0.0,0.0001726596480898143,0
luigi_5_45b5711d1900_test/rpc_test.py_test_retry_rpc_limited_0,luigi,5,45b5711d1900184ccd66c65216d28c0d69d10d4a,test/rpc_test.py:test_retry_rpc_limited,test/rpc_test.py,test_retry_rpc_limited,7,1,0,1,0,1,12,0,0,0,1,0.0,0.0001764993927597794,0
luigi_5_45b5711d1900_luigi/tools/range.py__emit_metrics_0,luigi,5,45b5711d1900184ccd66c65216d28c0d69d10d4a,luigi/tools/range.py:_emit_metrics,luigi/tools/range.py,_emit_metrics,18,5,0,4,0,13,13,1,2,0,4,0.0,0.00019170622766067217,0
luigi_5_45b5711d1900_luigi/contrib/ssh.py___init___0,luigi,5,45b5711d1900184ccd66c65216d28c0d69d10d4a,luigi/contrib/ssh.py:__init__,luigi/contrib/ssh.py,__init__,13,2,1,3,0,7,9,0,3,0,4,0.0,0.00017700336584756235,0
luigi_5_45b5711d1900_luigi/contrib/esindex.py_index_0,luigi,5,45b5711d1900184ccd66c65216d28c0d69d10d4a,luigi/contrib/esindex.py:index,luigi/contrib/esindex.py,index,7,1,0,1,1,0,11,1,0,0,2,0.0,0.00021940630460062235,0
luigi_5_45b5711d1900_luigi/server.py_initialize_0,luigi,5,45b5711d1900184ccd66c65216d28c0d69d10d4a,luigi/server.py:initialize,luigi/server.py,initialize,5,1,0,2,0,3,14,0,0,0,1,0.0,0.00018209312642724883,0
luigi_5_45b5711d1900_test/notifications_test.py_test_fail_schedule_html_0,luigi,5,45b5711d1900184ccd66c65216d28c0d69d10d4a,test/notifications_test.py:test_fail_schedule_html,test/notifications_test.py,test_fail_schedule_html,3,1,0,1,0,2,15,0,1,0,2,0.0,0.0001728474616878017,0
luigi_5_45b5711d1900_test/local_target_test.py_test_gzip_with_module_0,luigi,5,45b5711d1900184ccd66c65216d28c0d69d10d4a,test/local_target_test.py:test_gzip_with_module,test/local_target_test.py,test_gzip_with_module,19,1,0,1,0,18,16,0,0,0,1,0.0,0.0001741895463567535,0
luigi_5_45b5711d1900_luigi/parameter.py_parse_0,luigi,5,45b5711d1900184ccd66c65216d28c0d69d10d4a,luigi/parameter.py:parse,luigi/parameter.py,parse,2,1,0,2,1,0,17,2,2,0,5,0.0,0.0005765516215941799,0
luigi_6_d9667b7c8ce7_luigi/parameter.py_default_1,luigi,6,d9667b7c8ce75f17efa383e8f64e27e5852e6f89,luigi/parameter.py:default,luigi/parameter.py,default,4,2,1,2,2,3,17,0,1,0,2,0.0,0.00017723949684682585,1
luigi_6_d9667b7c8ce7_luigi/parameter.py_normalize_1,luigi,6,d9667b7c8ce75f17efa383e8f64e27e5852e6f89,luigi/parameter.py:normalize,luigi/parameter.py,normalize,8,1,0,2,1,1,17,1,2,0,4,0.0,0.0002503173674655638,1
luigi_6_d9667b7c8ce7_luigi/parameter.py_parse_1,luigi,6,d9667b7c8ce75f17efa383e8f64e27e5852e6f89,luigi/parameter.py:parse,luigi/parameter.py,parse,7,2,1,2,1,3,17,2,2,0,5,0.0,0.0005865739789978383,1
luigi_6_d9667b7c8ce7_luigi/parameter.py__recursively_freeze_1,luigi,6,d9667b7c8ce75f17efa383e8f64e27e5852e6f89,luigi/parameter.py:_recursively_freeze,luigi/parameter.py,_recursively_freeze,9,3,2,1,3,7,17,1,0,0,2,0.0,0.0002942009923440866,1
luigi_6_d9667b7c8ce7_luigi/parameter.py_serialize_1,luigi,6,d9667b7c8ce75f17efa383e8f64e27e5852e6f89,luigi/parameter.py:serialize,luigi/parameter.py,serialize,9,1,0,2,1,1,17,0,0,0,1,0.0,0.00017723949684682585,1
luigi_6_d9667b7c8ce7_test/contrib/gcs_test.py_test_download_0,luigi,6,d9667b7c8ce75f17efa383e8f64e27e5852e6f89,test/contrib/gcs_test.py:test_download,test/contrib/gcs_test.py,test_download,4,1,0,1,0,6,9,0,1,0,2,0.0,0.00017988921321791508,0
luigi_6_d9667b7c8ce7_luigi/db_task_history.py__get_task_0,luigi,6,d9667b7c8ce75f17efa383e8f64e27e5852e6f89,luigi/db_task_history.py:_get_task,luigi/db_task_history.py,_get_task,9,3,2,4,1,1,12,3,0,0,4,0.0,0.00040644686765393175,0
luigi_6_d9667b7c8ce7_luigi/scheduler.py_get_state_0,luigi,6,d9667b7c8ce75f17efa383e8f64e27e5852e6f89,luigi/scheduler.py:get_state,luigi/scheduler.py,get_state,2,1,0,1,1,0,21,1,0,0,2,0.0,0.00032041283447329283,0
luigi_6_d9667b7c8ce7_luigi/task.py_task_id_str_0,luigi,6,d9667b7c8ce75f17efa383e8f64e27e5852e6f89,luigi/task.py:task_id_str,luigi/task.py,task_id_str,18,1,0,2,1,8,13,1,0,0,2,0.0,0.00020316404925984052,0
luigi_6_d9667b7c8ce7_test/scheduler_visualisation_test.py_test_task_list_single_0,luigi,6,d9667b7c8ce75f17efa383e8f64e27e5852e6f89,test/scheduler_visualisation_test.py:test_task_list_single,test/scheduler_visualisation_test.py,test_task_list_single,13,1,0,1,0,18,10,0,3,0,4,0.0,0.0001751165272102897,0
luigi_6_d9667b7c8ce7_luigi/task.py_output_0,luigi,6,d9667b7c8ce75f17efa383e8f64e27e5852e6f89,luigi/task.py:output,luigi/task.py,output,17,1,0,1,1,0,13,3,0,0,4,0.0,0.0005690009737302626,0
luigi_6_d9667b7c8ce7_test/contrib/hdfs_test.py_test_listdir_base_list_files_only_0,luigi,6,d9667b7c8ce75f17efa383e8f64e27e5852e6f89,test/contrib/hdfs_test.py:test_listdir_base_list_files_only,test/contrib/hdfs_test.py,test_listdir_base_list_files_only,11,1,0,1,0,6,21,0,1,0,2,0.0,0.00017445525143814882,0
luigi_6_d9667b7c8ce7_test/worker_multiprocess_test.py_complete_0,luigi,6,d9667b7c8ce75f17efa383e8f64e27e5852e6f89,test/worker_multiprocess_test.py:complete,test/worker_multiprocess_test.py,complete,4,1,0,1,1,0,7,0,0,0,1,0.0,0.00018374407499330484,0
luigi_6_d9667b7c8ce7_test/customized_run_test.py___init___0,luigi,6,d9667b7c8ce75f17efa383e8f64e27e5852e6f89,test/customized_run_test.py:__init__,test/customized_run_test.py,__init__,3,1,0,3,0,2,8,0,0,0,1,0.0,0.00017869604171600874,0
luigi_6_d9667b7c8ce7_test/scheduler_api_test.py_test_change_resources_on_running_task_0,luigi,6,d9667b7c8ce75f17efa383e8f64e27e5852e6f89,test/scheduler_api_test.py:test_change_resources_on_running_task,test/scheduler_api_test.py,test_change_resources_on_running_task,12,1,0,1,0,9,7,0,1,0,2,0.0,0.00017344252540164496,0
luigi_6_d9667b7c8ce7_luigi/format.py___enter___0,luigi,6,d9667b7c8ce75f17efa383e8f64e27e5852e6f89,luigi/format.py:__enter__,luigi/format.py,__enter__,3,1,0,1,1,1,9,0,0,0,1,0.0,0.0001790139923676308,0
luigi_6_d9667b7c8ce7_luigi/tools/range.py_finite_datetimes_0,luigi,6,d9667b7c8ce75f17efa383e8f64e27e5852e6f89,luigi/tools/range.py:finite_datetimes,luigi/tools/range.py,finite_datetimes,6,1,0,3,0,0,13,2,0,0,3,0.0,0.00027884184748434723,0
luigi_6_d9667b7c8ce7_luigi/tools/luigi_grep.py_graph_url_0,luigi,6,d9667b7c8ce75f17efa383e8f64e27e5852e6f89,luigi/tools/luigi_grep.py:graph_url,luigi/tools/luigi_grep.py,graph_url,2,1,0,1,1,1,5,0,0,0,1,0.0,0.00018863913756522835,0
luigi_6_d9667b7c8ce7_test/scheduler_api_test.py_test_do_not_allow_stowaway_resources_0,luigi,6,d9667b7c8ce75f17efa383e8f64e27e5852e6f89,test/scheduler_api_test.py:test_do_not_allow_stowaway_resources,test/scheduler_api_test.py,test_do_not_allow_stowaway_resources,7,1,0,1,0,8,7,0,1,0,2,0.0,0.00017344252540164496,0
luigi_6_d9667b7c8ce7_test/helpers.py_complete_0,luigi,6,d9667b7c8ce75f17efa383e8f64e27e5852e6f89,test/helpers.py:complete,test/helpers.py,complete,2,1,0,1,1,0,13,0,0,0,1,0.0,0.00017988921321791508,0
luigi_7_dd1f2ce0061e_luigi/scheduler.py_add_task_1,luigi,7,dd1f2ce0061e7787166522a3c75339ba4755dd2c,luigi/scheduler.py:add_task,luigi/scheduler.py,add_task,122,31,3,20,1,27,21,0,14,0,15,0.0,0.00017678704855487304,1
luigi_7_dd1f2ce0061e_test/parameter_test.py_test_use_config_class_more_args_0,luigi,7,dd1f2ce0061e7787166522a3c75339ba4755dd2c,test/parameter_test.py:test_use_config_class_more_args,test/parameter_test.py,test_use_config_class_more_args,5,1,0,1,0,8,14,0,0,0,1,0.0,0.00017479003669634288,0
luigi_7_dd1f2ce0061e_luigi/contrib/hadoop_jar.py_main_0,luigi,7,dd1f2ce0061e7787166522a3c75339ba4755dd2c,luigi/contrib/hadoop_jar.py:main,luigi/contrib/hadoop_jar.py,main,5,1,0,1,1,0,7,1,0,0,2,0.0,0.00022581793231050447,0
luigi_7_dd1f2ce0061e_test/range_test.py_test_start_long_before_long_days_back_and_with_long_days_forward_0,luigi,7,dd1f2ce0061e7787166522a3c75339ba4755dd2c,test/range_test.py:test_start_long_before_long_days_back_and_with_long_days_forward,test/range_test.py,test_start_long_before_long_days_back_and_with_long_days_forward,29,1,0,1,0,7,7,0,2,0,3,0.0,0.00017585407231636454,0
luigi_8_61ee32e99689_luigi/contrib/redshift.py_does_table_exist_1,luigi,8,61ee32e9968978c32be12a6af0affa3a5750e87e,luigi/contrib/redshift.py:does_table_exist,luigi/contrib/redshift.py,does_table_exist,20,3,1,2,1,7,11,1,0,0,2,0.0,0.00021506465192618618,1
luigi_8_61ee32e99689_examples/per_task_retry_policy.py_run_0,luigi,8,61ee32e9968978c32be12a6af0affa3a5750e87e,examples/per_task_retry_policy.py:run,examples/per_task_retry_policy.py,run,3,1,0,1,0,1,1,0,1,0,2,0.0,0.0001878096496292275,0
luigi_8_61ee32e99689_test/worker_external_task_test.py_test_external_dependency_worker_is_patient_0,luigi,8,61ee32e9968978c32be12a6af0affa3a5750e87e,test/worker_external_task_test.py:test_external_dependency_worker_is_patient,test/worker_external_task_test.py,test_external_dependency_worker_is_patient,17,2,1,1,0,7,11,0,1,0,2,0.0,0.000180668600806015,0
luigi_8_61ee32e99689_test/worker_test.py_test_timeout_handler_0,luigi,8,61ee32e9968978c32be12a6af0affa3a5750e87e,test/worker_test.py:test_timeout_handler,test/worker_test.py,test_timeout_handler,18,1,0,2,0,9,23,0,0,0,1,0.0,0.00017549977862721156,0
luigi_9_f7e0b7710fd8_luigi/execution_summary.py__summary_format_1,luigi,9,f7e0b7710fd8b12f27625b1efb62a8fde6e206c4,luigi/execution_summary.py:_summary_format,luigi/execution_summary.py,_summary_format,62,17,4,2,1,31,4,1,4,0,6,0.0,0.00023959750162795565,1
luigi_9_f7e0b7710fd8_luigi/execution_summary.py__depth_first_search_1,luigi,9,f7e0b7710fd8b12f27625b1efb62a8fde6e206c4,luigi/execution_summary.py:_depth_first_search,luigi/execution_summary.py,_depth_first_search,29,9,3,3,0,8,4,1,0,0,2,0.0,0.0004059532647323335,1
luigi_9_f7e0b7710fd8_luigi/execution_summary.py__partition_tasks_1,luigi,9,f7e0b7710fd8b12f27625b1efb62a8fde6e206c4,luigi/execution_summary.py:_partition_tasks,luigi/execution_summary.py,_partition_tasks,24,1,0,1,1,6,4,1,0,0,2,0.0,0.00026000883592182237,1
luigi_9_f7e0b7710fd8_luigi/s3.py_copy_0,luigi,9,f7e0b7710fd8b12f27625b1efb62a8fde6e206c4,luigi/s3.py:copy,luigi/s3.py,copy,83,6,3,8,1,25,24,1,7,0,9,0.0,0.0002620463377302104,0
luigi_9_f7e0b7710fd8_test/worker_parallel_scheduling_test.py_test_raise_exception_in_requires_0,luigi,9,f7e0b7710fd8b12f27625b1efb62a8fde6e206c4,test/worker_parallel_scheduling_test.py:test_raise_exception_in_requires,test/worker_parallel_scheduling_test.py,test_raise_exception_in_requires,5,1,0,2,0,5,11,0,0,0,1,0.0,0.00018748145522155785,0
luigi_9_f7e0b7710fd8_test/range_test.py_output_0,luigi,9,f7e0b7710fd8b12f27625b1efb62a8fde6e206c4,test/range_test.py:output,test/range_test.py,output,2,1,0,1,1,2,7,0,0,0,1,0.0,0.00018261040359902647,0
luigi_9_f7e0b7710fd8_test/contrib/hadoop_jar_test.py_jar_0,luigi,9,f7e0b7710fd8b12f27625b1efb62a8fde6e206c4,test/contrib/hadoop_jar_test.py:jar,test/contrib/hadoop_jar_test.py,jar,2,1,0,1,1,0,6,0,0,0,1,0.0,0.00018899689350412318,0
luigi_9_f7e0b7710fd8_luigi/contrib/hive.py_hiveconfs_0,luigi,9,f7e0b7710fd8b12f27625b1efb62a8fde6e206c4,luigi/contrib/hive.py:hiveconfs,luigi/contrib/hive.py,hiveconfs,27,7,3,1,1,2,17,1,0,0,2,0.0,0.00022031885765235425,0
luigi_9_f7e0b7710fd8_test/contrib/hadoop_test.py___init___0,luigi,9,f7e0b7710fd8b12f27625b1efb62a8fde6e206c4,test/contrib/hadoop_test.py:__init__,test/contrib/hadoop_test.py,__init__,6,1,0,3,0,3,15,0,0,0,1,0.0,0.00018263604071282928,0
luigi_9_f7e0b7710fd8_test/snakebite_test.py_setUp_0,luigi,9,f7e0b7710fd8b12f27625b1efb62a8fde6e206c4,test/snakebite_test.py:setUp,test/snakebite_test.py,setUp,9,1,0,1,0,7,10,0,1,0,2,0.0,0.00019316434878117778,0
luigi_9_f7e0b7710fd8_luigi/contrib/ssh.py_fs_0,luigi,9,f7e0b7710fd8b12f27625b1efb62a8fde6e206c4,luigi/contrib/ssh.py:fs,luigi/contrib/ssh.py,fs,2,1,0,1,1,0,9,0,0,0,1,0.0,0.00018835590308349389,0
luigi_9_f7e0b7710fd8_luigi/rpc.py___init___0,luigi,9,f7e0b7710fd8b12f27625b1efb62a8fde6e206c4,luigi/rpc.py:__init__,luigi/rpc.py,__init__,16,3,1,3,0,7,12,0,0,0,1,0.0,0.0001970510817508691,0
matplotlib_1_c404d1f716e8_lib/matplotlib/backend_bases.py__get_renderer_1,matplotlib,1,c404d1f716e8aaefd4d7371ff49673e9c1f7f07c,lib/matplotlib/backend_bases.py:_get_renderer,lib/matplotlib/backend_bases.py,_get_renderer,34,8,3,3,1,9,23,1,1,0,3,0.0,0.0001066164472580019,1
matplotlib_1_c404d1f716e8_lib/matplotlib/figure.py_tight_layout_1,matplotlib,1,c404d1f716e8aaefd4d7371ff49673e9c1f7f07c,lib/matplotlib/figure.py:tight_layout,lib/matplotlib/figure.py,tight_layout,46,4,1,6,0,5,26,1,1,0,3,0.0,9.927842915111438e-05,1
matplotlib_1_c404d1f716e8_lib/matplotlib/tight_layout.py_get_renderer_1,matplotlib,1,c404d1f716e8aaefd4d7371ff49673e9c1f7f07c,lib/matplotlib/tight_layout.py:get_renderer,lib/matplotlib/tight_layout.py,get_renderer,10,3,2,1,3,3,4,0,0,0,1,0.0,0.00010612900939199341,1
matplotlib_1_c404d1f716e8_lib/matplotlib/backend_bases.py_print_figure_1,matplotlib,1,c404d1f716e8aaefd4d7371ff49673e9c1f7f07c,lib/matplotlib/backend_bases.py:print_figure,lib/matplotlib/backend_bases.py,print_figure,137,19,4,12,1,30,23,0,4,0,5,0.0,8.27319918235858e-05,1
matplotlib_1_c404d1f716e8_lib/matplotlib/backends/backend_pdf.py_finalize_0,matplotlib,1,c404d1f716e8aaefd4d7371ff49673e9c1f7f07c,lib/matplotlib/backends/backend_pdf.py:finalize,lib/matplotlib/backends/backend_pdf.py,finalize,2,1,0,1,0,2,35,2,15,0,18,0.0,0.00013089807428694344,0
matplotlib_1_c404d1f716e8_lib/matplotlib/tests/test_path.py_test_log_transform_with_zero_0,matplotlib,1,c404d1f716e8aaefd4d7371ff49673e9c1f7f07c,lib/matplotlib/tests/test_path.py:test_log_transform_with_zero,lib/matplotlib/tests/test_path.py,test_log_transform_with_zero,8,1,0,0,0,5,12,0,0,0,1,0.0,8.622529652998e-05,0
matplotlib_1_c404d1f716e8_lib/matplotlib/offsetbox.py_draw_frame_0,matplotlib,1,c404d1f716e8aaefd4d7371ff49673e9c1f7f07c,lib/matplotlib/offsetbox.py:draw_frame,lib/matplotlib/offsetbox.py,draw_frame,4,1,0,2,0,3,10,1,3,0,5,0.0,9.090235445224448e-05,0
matplotlib_1_c404d1f716e8_lib/matplotlib/tests/test_ticker.py_test_params_0,matplotlib,1,c404d1f716e8aaefd4d7371ff49673e9c1f7f07c,lib/matplotlib/tests/test_ticker.py:test_params,lib/matplotlib/tests/test_ticker.py,test_params,67,8,2,4,0,22,11,0,0,0,1,0.0,8.351839158074618e-05,0
matplotlib_1_c404d1f716e8_versioneer.py_get_version_0,matplotlib,1,c404d1f716e8aaefd4d7371ff49673e9c1f7f07c,versioneer.py:get_version,versioneer.py,get_version,2,1,0,0,1,1,14,0,1,0,2,0.0,8.532641917492132e-05,0
matplotlib_1_c404d1f716e8_lib/matplotlib/axes/_axes.py__parse_scatter_color_args_0,matplotlib,1,c404d1f716e8aaefd4d7371ff49673e9c1f7f07c,lib/matplotlib/axes/_axes.py:_parse_scatter_color_args,lib/matplotlib/axes/_axes.py,_parse_scatter_color_args,148,24,5,5,2,24,34,1,0,0,2,0.0,0.0001790394522970531,0
matplotlib_1_c404d1f716e8_lib/mpl_toolkits/mplot3d/axes3d.py_get_proj_0,matplotlib,1,c404d1f716e8aaefd4d7371ff49673e9c1f7f07c,lib/mpl_toolkits/mplot3d/axes3d.py:get_proj,lib/mpl_toolkits/mplot3d/axes3d.py,get_proj,44,2,1,1,1,18,17,2,3,0,6,0.0,0.00013420372016578077,0
matplotlib_1_c404d1f716e8_lib/matplotlib/path.py___init___0,matplotlib,1,c404d1f716e8aaefd4d7371ff49673e9c1f7f07c,lib/matplotlib/path.py:__init__,lib/matplotlib/path.py,__init__,65,7,2,6,0,12,10,0,1,0,2,0.0,8.46942416944405e-05,0
matplotlib_1_c404d1f716e8_lib/mpl_toolkits/tests/test_axisartist_grid_helper_curvelinear.py_test_axis_direction_0,matplotlib,1,c404d1f716e8aaefd4d7371ff49673e9c1f7f07c,lib/mpl_toolkits/tests/test_axisartist_grid_helper_curvelinear.py:test_axis_direction,lib/mpl_toolkits/tests/test_axisartist_grid_helper_curvelinear.py,test_axis_direction,67,2,1,0,0,31,13,0,0,0,1,0.0,0.00010135211830511019,0
matplotlib_1_c404d1f716e8_lib/matplotlib/dates.py_format_data_short_0,matplotlib,1,c404d1f716e8aaefd4d7371ff49673e9c1f7f07c,lib/matplotlib/dates.py:format_data_short,lib/matplotlib/dates.py,format_data_short,2,1,0,2,1,2,14,0,1,0,2,0.0,8.371436659969523e-05,0
matplotlib_1_c404d1f716e8_lib/matplotlib/backends/backend_pgf.py_draw_text_0,matplotlib,1,c404d1f716e8aaefd4d7371ff49673e9c1f7f07c,lib/matplotlib/backends/backend_pgf.py:draw_text,lib/matplotlib/backends/backend_pgf.py,draw_text,48,4,1,9,0,24,23,1,3,0,5,0.0,0.00017925218833735962,0
matplotlib_1_c404d1f716e8_lib/matplotlib/scale.py___init___0,matplotlib,1,c404d1f716e8aaefd4d7371ff49673e9c1f7f07c,lib/matplotlib/scale.py:__init__,lib/matplotlib/scale.py,__init__,7,2,1,3,0,3,9,0,0,0,1,0.0,8.59190855628721e-05,0
matplotlib_10_b31d64ce3910_lib/matplotlib/axis.py_set_tick_params_1,matplotlib,10,b31d64ce3910e8d297d8300690e459587f77181f,lib/matplotlib/axis.py:set_tick_params,lib/matplotlib/axis.py,set_tick_params,34,9,3,4,0,12,13,6,3,0,10,0.0,0.00042046279803070643,1
matplotlib_10_b31d64ce3910_lib/matplotlib/mathtext.py_symbol_0,matplotlib,10,b31d64ce3910e8d297d8300690e459587f77181f,lib/matplotlib/mathtext.py:symbol,lib/matplotlib/mathtext.py,symbol,37,9,4,4,6,15,18,1,2,0,4,0.0,9.21642719741135e-05,0
matplotlib_10_b31d64ce3910_lib/matplotlib/tests/test_axes.py_test_errorbar_cycle_ecolor_0,matplotlib,10,b31d64ce3910e8d297d8300690e459587f77181f,lib/matplotlib/tests/test_axes.py:test_errorbar_cycle_ecolor,lib/matplotlib/tests/test_axes.py,test_errorbar_cycle_ecolor,12,2,1,2,0,8,33,0,0,0,1,0.0,8.294420898815092e-05,0
matplotlib_10_b31d64ce3910_lib/matplotlib/offsetbox.py_set_figure_0,matplotlib,10,b31d64ce3910e8d297d8300690e459587f77181f,lib/matplotlib/offsetbox.py:set_figure,lib/matplotlib/offsetbox.py,set_figure,6,2,1,2,0,3,10,1,1,0,3,0.0,0.00011613774372109707,0
matplotlib_11_f8459a513c3f_lib/matplotlib/text.py_get_window_extent_1,matplotlib,11,f8459a513c3f67447ceb1a07c29760d504517ff2,lib/matplotlib/text.py:get_window_extent,lib/matplotlib/text.py,get_window_extent,33,6,1,2,2,8,15,5,5,0,11,7.932910041090289e-05,0.00031167865131488903,1
matplotlib_11_f8459a513c3f_setupext.py_download_or_cache_0,matplotlib,11,f8459a513c3f67447ceb1a07c29760d504517ff2,setupext.py:download_or_cache,setupext.py,download_or_cache,49,11,3,2,2,13,20,1,2,0,4,0.0,0.00018245579154937603,0
matplotlib_11_f8459a513c3f_lib/matplotlib/backends/qt_compat.py__setup_pyqt5_0,matplotlib,11,f8459a513c3f67447ceb1a07c29760d504517ff2,lib/matplotlib/backends/qt_compat.py:_setup_pyqt5,lib/matplotlib/backends/qt_compat.py,_setup_pyqt5,22,3,2,0,2,2,13,0,0,0,1,0.0,0.00013086893952069778,0
matplotlib_11_f8459a513c3f_lib/mpl_toolkits/axisartist/grid_helper_curvelinear.py_get_tick_transform_0,matplotlib,11,f8459a513c3f67447ceb1a07c29760d504517ff2,lib/mpl_toolkits/axisartist/grid_helper_curvelinear.py:get_tick_transform,lib/mpl_toolkits/axisartist/grid_helper_curvelinear.py,get_tick_transform,2,1,0,2,1,0,7,1,0,0,2,0.0,0.00013568371237670775,0
matplotlib_12_e92685a26442_lib/matplotlib/axes/_axes.py_vlines_1,matplotlib,12,e92685a26442bfced06067934f34c104487583a8,lib/matplotlib/axes/_axes.py:vlines,lib/matplotlib/axes/_axes.py,vlines,74,5,1,8,1,26,34,2,0,0,3,0.0,0.0001641841450009215,1
matplotlib_12_e92685a26442_lib/matplotlib/axes/_axes.py_hlines_1,matplotlib,12,e92685a26442bfced06067934f34c104487583a8,lib/matplotlib/axes/_axes.py:hlines,lib/matplotlib/axes/_axes.py,hlines,73,5,1,8,1,26,34,1,0,0,2,0.0,0.0001320820224841151,1
matplotlib_12_e92685a26442_examples/misc/custom_projection.py__get_core_transform_0,matplotlib,12,e92685a26442bfced06067934f34c104487583a8,examples/misc/custom_projection.py:_get_core_transform,examples/misc/custom_projection.py,_get_core_transform,2,1,0,2,1,1,11,2,0,0,3,0.0,0.00022987281148925884,0
matplotlib_12_e92685a26442_lib/matplotlib/dviread.py__fnt_def_real_0,matplotlib,12,e92685a26442bfced06067934f34c104487583a8,lib/matplotlib/dviread.py:_fnt_def_real,lib/matplotlib/dviread.py,_fnt_def_real,12,3,1,7,0,7,13,2,0,0,3,0.0,0.00014839456719660255,0
matplotlib_12_e92685a26442_lib/matplotlib/tests/test_axes.py_test_annotate_default_arrow_0,matplotlib,12,e92685a26442bfced06067934f34c104487583a8,lib/matplotlib/tests/test_axes.py:test_annotate_default_arrow,lib/matplotlib/tests/test_axes.py,test_annotate_default_arrow,7,1,0,0,0,3,32,0,0,0,1,0.0,8.289711755351077e-05,0
matplotlib_12_e92685a26442_lib/matplotlib/backends/backend_qt5.py_draw_rubberband_0,matplotlib,12,e92685a26442bfced06067934f34c104487583a8,lib/matplotlib/backends/backend_qt5.py:draw_rubberband,lib/matplotlib/backends/backend_qt5.py,draw_rubberband,3,1,0,5,0,2,15,0,1,0,2,0.0,8.380815403778967e-05,0
matplotlib_12_e92685a26442_lib/matplotlib/units.py_get_converter_0,matplotlib,12,e92685a26442bfced06067934f34c104487583a8,lib/matplotlib/units.py:get_converter,lib/matplotlib/units.py,get_converter,27,10,2,2,4,11,5,0,0,0,1,0.0,9.068718029139104e-05,0
matplotlib_12_e92685a26442_lib/matplotlib/axis.py_set_data_interval_0,matplotlib,12,e92685a26442bfced06067934f34c104487583a8,lib/matplotlib/axis.py:set_data_interval,lib/matplotlib/axis.py,set_data_interval,13,1,0,4,0,1,13,0,0,0,1,0.0,8.34575700551681e-05,0
matplotlib_13_2c845db9d961_lib/matplotlib/path.py_make_compound_path_1,matplotlib,13,2c845db9d961ddea6e072c3e6dbb0bec823ac25e,lib/matplotlib/path.py:make_compound_path,lib/matplotlib/path.py,make_compound_path,18,4,2,2,2,9,9,1,0,0,2,0.0,0.00018140504266134583,1
matplotlib_13_2c845db9d961_lib/matplotlib/widgets.py_disconnect_events_0,matplotlib,13,2c845db9d961ddea6e072c3e6dbb0bec823ac25e,lib/matplotlib/widgets.py:disconnect_events,lib/matplotlib/widgets.py,disconnect_events,4,2,1,1,0,1,8,2,0,0,3,0.0,0.00014782322389895422,0
matplotlib_13_2c845db9d961_lib/matplotlib/backend_tools.py__tool_trigger_cbk_0,matplotlib,13,2c845db9d961ddea6e072c3e6dbb0bec823ac25e,lib/matplotlib/backend_tools.py:_tool_trigger_cbk,lib/matplotlib/backend_tools.py,_tool_trigger_cbk,7,2,1,2,0,1,10,0,1,0,2,0.0,8.394127770069419e-05,0
matplotlib_13_2c845db9d961_lib/matplotlib/category.py_tick_values_0,matplotlib,13,2c845db9d961ddea6e072c3e6dbb0bec823ac25e,lib/matplotlib/category.py:tick_values,lib/matplotlib/category.py,tick_values,3,1,0,3,1,1,6,0,0,0,1,0.0,8.95811339009489e-05,0
matplotlib_14_dbc35a9d625e_lib/matplotlib/text.py_update_1,matplotlib,14,dbc35a9d625e162445f864b9f463c9961888e901,lib/matplotlib/text.py:update,lib/matplotlib/text.py,update,8,2,1,2,0,5,15,3,1,0,5,0.0,0.00022100445146663197,1
matplotlib_14_dbc35a9d625e_lib/mpl_toolkits/axisartist/axis_artist.py_get_tightbbox_0,matplotlib,14,dbc35a9d625e162445f864b9f463c9961888e901,lib/mpl_toolkits/axisartist/axis_artist.py:get_tightbbox,lib/mpl_toolkits/axisartist/axis_artist.py,get_tightbbox,23,3,1,2,3,12,11,0,4,0,5,0.0,8.412719403805849e-05,0
matplotlib_14_dbc35a9d625e_lib/matplotlib/backend_bases.py__timer_start_0,matplotlib,14,dbc35a9d625e162445f864b9f463c9961888e901,lib/matplotlib/backend_bases.py:_timer_start,lib/matplotlib/backend_bases.py,_timer_start,2,1,0,1,0,0,21,1,0,0,2,0.0,0.00017957101268445083,0
matplotlib_14_dbc35a9d625e_lib/matplotlib/gridspec.py___setstate___0,matplotlib,14,dbc35a9d625e162445f864b9f463c9961888e901,lib/matplotlib/gridspec.py:__setstate__,lib/matplotlib/gridspec.py,__setstate__,4,1,0,2,0,0,7,0,0,0,1,0.0,8.58774233438362e-05,0
matplotlib_15_6a8e39f4eba2_lib/matplotlib/colors.py__inv_transform_1,matplotlib,15,6a8e39f4eba28e99d7b1dd454b001b987dd0bbca,lib/matplotlib/colors.py:_inv_transform,lib/matplotlib/colors.py,_inv_transform,9,1,0,2,1,3,10,1,0,0,2,0.0,0.00010817861948929143,1
matplotlib_15_6a8e39f4eba2_lib/matplotlib/colors.py___init___1,matplotlib,15,6a8e39f4eba28e99d7b1dd454b001b987dd0bbca,lib/matplotlib/colors.py:__init__,lib/matplotlib/colors.py,__init__,30,1,0,7,0,0,10,0,2,0,3,0.0,8.414287692623296e-05,1
matplotlib_15_6a8e39f4eba2_lib/matplotlib/colors.py__transform_1,matplotlib,15,6a8e39f4eba28e99d7b1dd454b001b987dd0bbca,lib/matplotlib/colors.py:_transform,lib/matplotlib/colors.py,_transform,10,2,1,2,1,5,10,2,0,0,3,0.0,0.00019951444122891365,1
matplotlib_15_6a8e39f4eba2_lib/matplotlib/image.py_set_interpolation_0,matplotlib,15,6a8e39f4eba28e99d7b1dd454b001b987dd0bbca,lib/matplotlib/image.py:set_interpolation,lib/matplotlib/image.py,set_interpolation,21,2,1,2,0,2,21,1,0,0,2,0.0,0.00010380749351750619,0
matplotlib_15_6a8e39f4eba2_lib/mpl_toolkits/axes_grid1/parasite_axes.py__pcolor_0,matplotlib,15,6a8e39f4eba28e99d7b1dd454b001b987dd0bbca,lib/mpl_toolkits/axes_grid1/parasite_axes.py:_pcolor,lib/mpl_toolkits/axes_grid1/parasite_axes.py,_pcolor,24,3,1,4,1,11,8,2,0,0,3,0.0,0.00027781616187878496,0
matplotlib_15_6a8e39f4eba2_lib/matplotlib/patches.py_set_facecolor_0,matplotlib,15,6a8e39f4eba28e99d7b1dd454b001b987dd0bbca,lib/matplotlib/patches.py:set_facecolor,lib/matplotlib/patches.py,set_facecolor,10,1,0,2,0,1,12,3,1,0,5,0.0,0.00015583732785461995,0
matplotlib_15_6a8e39f4eba2_lib/matplotlib/axes/_axes.py_imshow_0,matplotlib,15,6a8e39f4eba28e99d7b1dd454b001b987dd0bbca,lib/matplotlib/axes/_axes.py:imshow,lib/matplotlib/axes/_axes.py,imshow,200,3,1,16,1,11,34,3,0,0,4,0.0,0.0003723276150600719,0
matplotlib_15_6a8e39f4eba2_lib/matplotlib/tests/test_mlab.py_test_window_hanning_rand_0,matplotlib,15,6a8e39f4eba28e99d7b1dd454b001b987dd0bbca,lib/matplotlib/tests/test_mlab.py:test_window_hanning_rand,lib/matplotlib/tests/test_mlab.py,test_window_hanning_rand,5,1,0,1,0,4,5,0,0,0,1,0.0,8.32664126972068e-05,0
matplotlib_15_6a8e39f4eba2_lib/matplotlib/text.py_set_fontstretch_0,matplotlib,15,6a8e39f4eba28e99d7b1dd454b001b987dd0bbca,lib/matplotlib/text.py:set_fontstretch,lib/matplotlib/text.py,set_fontstretch,16,1,0,2,0,1,15,0,0,0,1,0.0,8.368505325836518e-05,0
matplotlib_15_6a8e39f4eba2_lib/matplotlib/scale.py_transform_non_affine_0,matplotlib,15,6a8e39f4eba28e99d7b1dd454b001b987dd0bbca,lib/matplotlib/scale.py:transform_non_affine,lib/matplotlib/scale.py,transform_non_affine,3,1,0,2,1,0,9,0,0,0,1,0.0,8.536374004054705e-05,0
matplotlib_15_6a8e39f4eba2_lib/matplotlib/backends/backend_svg.py_draw_path_0,matplotlib,15,6a8e39f4eba28e99d7b1dd454b001b987dd0bbca,lib/matplotlib/backends/backend_svg.py:draw_path,lib/matplotlib/backends/backend_svg.py,draw_path,21,4,1,5,0,12,21,0,7,0,8,0.0,8.439722340838172e-05,0
matplotlib_15_6a8e39f4eba2_lib/matplotlib/tests/test_colorbar.py_test_colorbar_single_scatter_0,matplotlib,15,6a8e39f4eba28e99d7b1dd454b001b987dd0bbca,lib/matplotlib/tests/test_colorbar.py:test_colorbar_single_scatter,lib/matplotlib/tests/test_colorbar.py,test_colorbar_single_scatter,10,1,0,0,0,4,10,0,0,0,1,0.0,8.582156370841482e-05,0
matplotlib_16_89ff308306ba_lib/matplotlib/transforms.py_nonsingular_1,matplotlib,16,89ff308306bafac22647c050a42141f040210216,lib/matplotlib/transforms.py:nonsingular,lib/matplotlib/transforms.py,nonsingular,52,7,3,5,2,8,7,0,1,0,2,0.0,8.208733233844618e-05,1
matplotlib_16_89ff308306ba_lib/matplotlib/tests/test_axes.py_test_symlog2_0,matplotlib,16,89ff308306bafac22647c050a42141f040210216,lib/matplotlib/tests/test_axes.py:test_symlog2,lib/matplotlib/tests/test_axes.py,test_symlog2,10,2,1,0,0,7,50,0,0,0,1,0.0,8.169859761064363e-05,0
matplotlib_16_89ff308306ba_lib/matplotlib/tests/test_mlab.py_test_no_data_0,matplotlib,16,89ff308306bafac22647c050a42141f040210216,lib/matplotlib/tests/test_mlab.py:test_no_data,lib/matplotlib/tests/test_mlab.py,test_no_data,4,2,1,1,0,2,7,0,0,0,1,0.0,8.196100299638867e-05,0
matplotlib_16_89ff308306ba_lib/mpl_toolkits/tests/test_mplot3d.py_test_ticklabel_format_0,matplotlib,16,89ff308306bafac22647c050a42141f040210216,lib/mpl_toolkits/tests/test_mplot3d.py:test_ticklabel_format,lib/mpl_toolkits/tests/test_mplot3d.py,test_ticklabel_format,37,10,2,2,1,23,12,0,0,0,1,0.0,8.296498882010884e-05,0
matplotlib_17_58c66982d988_lib/matplotlib/transforms.py_nonsingular_1,matplotlib,17,58c66982d98851c56b045137ced803fd62c6c5e8,lib/matplotlib/transforms.py:nonsingular,lib/matplotlib/transforms.py,nonsingular,52,7,3,5,2,8,7,0,1,0,2,0.0,8.302542407273096e-05,1
matplotlib_17_58c66982d988_lib/matplotlib/tests/test_ticker.py_test_number_of_minor_ticks_0,matplotlib,17,58c66982d98851c56b045137ced803fd62c6c5e8,lib/matplotlib/tests/test_ticker.py:test_number_of_minor_ticks,lib/matplotlib/tests/test_ticker.py,test_number_of_minor_ticks,10,1,0,3,0,8,13,0,0,0,1,0.0,8.368080918757553e-05,0
matplotlib_17_58c66982d988_lib/matplotlib/fontconfig_pattern.py__size_0,matplotlib,17,58c66982d98851c56b045137ced803fd62c6c5e8,lib/matplotlib/fontconfig_pattern.py:_size,lib/matplotlib/fontconfig_pattern.py,_size,2,1,0,4,1,1,4,0,0,0,1,0.0,9.036401266131955e-05,0
matplotlib_17_58c66982d988_lib/matplotlib/widgets.py_onmove_0,matplotlib,17,58c66982d98851c56b045137ced803fd62c6c5e8,lib/matplotlib/widgets.py:onmove,lib/matplotlib/widgets.py,onmove,7,2,1,2,2,3,8,0,7,0,8,0.0,8.336402798276344e-05,0
matplotlib_18_7d958c63f4fb_lib/matplotlib/projections/polar.py_refresh_1,matplotlib,18,7d958c63f4fbcd8a28df666d738400b251f89af7,lib/matplotlib/projections/polar.py:refresh,lib/matplotlib/projections/polar.py,refresh,3,1,0,1,1,1,12,0,0,0,1,0.0,8.253009205506788e-05,1
matplotlib_18_7d958c63f4fb_lib/matplotlib/ticker.py___call___0,matplotlib,18,7d958c63f4fbcd8a28df666d738400b251f89af7,lib/matplotlib/ticker.py:__call__,lib/matplotlib/ticker.py,__call__,5,1,0,1,0,1,8,1,16,0,18,0.0,0.00011400445833000908,0
matplotlib_18_7d958c63f4fb_lib/matplotlib/axis.py_set_ticks_position_0,matplotlib,18,7d958c63f4fbcd8a28df666d738400b251f89af7,lib/matplotlib/axis.py:set_ticks_position,lib/matplotlib/axis.py,set_ticks_position,31,6,5,2,0,6,14,4,2,0,7,0.0,0.00027212309052222165,0
matplotlib_18_7d958c63f4fb_lib/matplotlib/backends/qt_editor/_formlayout.py_get_0,matplotlib,18,7d958c63f4fbcd8a28df666d738400b251f89af7,lib/matplotlib/backends/qt_editor/_formlayout.py:get,lib/matplotlib/backends/qt_editor/_formlayout.py,get,31,12,10,1,1,30,6,3,3,0,7,0.0,0.0003692537205524118,0
matplotlib_19_47cfa35fc01a_lib/matplotlib/projections/polar.py_refresh_1,matplotlib,19,47cfa35fc01af26498f493affcd8cb42b8fb2fc8,lib/matplotlib/projections/polar.py:refresh,lib/matplotlib/projections/polar.py,refresh,3,1,0,1,1,1,12,0,0,0,1,0.0,8.342088746549817e-05,1
matplotlib_19_47cfa35fc01a_examples/misc/demo_agg_filter.py___init___0,matplotlib,19,47cfa35fc01af26498f493affcd8cb42b8fb2fc8,examples/misc/demo_agg_filter.py:__init__,examples/misc/demo_agg_filter.py,__init__,4,1,0,4,0,0,7,0,0,0,1,0.0,8.767274765433078e-05,0
matplotlib_19_47cfa35fc01a_lib/matplotlib/transforms.py_overlaps_0,matplotlib,19,47cfa35fc01af26498f493affcd8cb42b8fb2fc8,lib/matplotlib/transforms.py:overlaps,lib/matplotlib/transforms.py,overlaps,19,5,1,2,1,0,7,0,0,0,1,0.0,8.299570144661489e-05,0
matplotlib_19_47cfa35fc01a_lib/matplotlib/ticker.py_format_data_0,matplotlib,19,47cfa35fc01af26498f493affcd8cb42b8fb2fc8,lib/matplotlib/ticker.py:format_data,lib/matplotlib/ticker.py,format_data,6,1,0,2,1,2,8,2,3,0,6,0.0,0.00017890245422893882,0
matplotlib_2_2a3707d9c347_lib/matplotlib/axes/_axes.py_scatter_1,matplotlib,2,2a3707d9c3472b1a010492322b6946388d4989ae,lib/matplotlib/axes/_axes.py:scatter,lib/matplotlib/axes/_axes.py,scatter,204,16,3,16,1,34,34,0,1,0,2,0.0,8.359991931633635e-05,1
matplotlib_2_2a3707d9c347_examples/axes_grid1/demo_axes_divider.py_demo_images_side_by_side_0,matplotlib,2,2a3707d9c3472b1a010492322b6946388d4989ae,examples/axes_grid1/demo_axes_divider.py:demo_images_side_by_side,examples/axes_grid1/demo_axes_divider.py,demo_images_side_by_side,13,1,0,1,0,8,6,1,1,0,3,0.0,0.00012219799000509968,0
matplotlib_2_2a3707d9c347_lib/matplotlib/backend_bases.py_draw_cursor_0,matplotlib,2,2a3707d9c3472b1a010492322b6946388d4989ae,lib/matplotlib/backend_bases.py:draw_cursor,lib/matplotlib/backend_bases.py,draw_cursor,5,1,0,2,0,0,23,0,0,0,1,0.0,8.282932784295821e-05,0
matplotlib_2_2a3707d9c347_lib/matplotlib/axis.py_get_majorticklines_0,matplotlib,2,2a3707d9c3472b1a010492322b6946388d4989ae,lib/matplotlib/axis.py:get_majorticklines,lib/matplotlib/axis.py,get_majorticklines,8,2,1,1,1,4,14,1,1,0,3,0.0,0.00013092850599422473,0
matplotlib_20_805f451b7122_lib/matplotlib/_constrained_layout.py__make_ghost_gridspec_slots_1,matplotlib,20,805f451b7122d1ef595c7a01592bb2f500aed41f,lib/matplotlib/_constrained_layout.py:_make_ghost_gridspec_slots,lib/matplotlib/_constrained_layout.py,_make_ghost_gridspec_slots,28,6,2,2,0,12,4,1,0,0,2,0.0,0.0001091317761671848,1
matplotlib_20_805f451b7122_lib/matplotlib/backend_bases.py_inaxes_1,matplotlib,20,805f451b7122d1ef595c7a01592bb2f500aed41f,lib/matplotlib/backend_bases.py:inaxes,lib/matplotlib/backend_bases.py,inaxes,25,2,1,2,1,3,24,1,0,0,2,0.0,9.386301024014618e-05,1
matplotlib_20_805f451b7122_lib/matplotlib/ticker.py___init___0,matplotlib,20,805f451b7122d1ef595c7a01592bb2f500aed41f,lib/matplotlib/ticker.py:__init__,lib/matplotlib/ticker.py,__init__,12,2,1,1,0,1,8,0,6,0,7,0.0,8.237290054771937e-05,0
matplotlib_20_805f451b7122_lib/matplotlib/backend_bases.py_start_rasterizing_0,matplotlib,20,805f451b7122d1ef595c7a01592bb2f500aed41f,lib/matplotlib/backend_bases.py:start_rasterizing,lib/matplotlib/backend_bases.py,start_rasterizing,6,1,0,1,0,0,24,0,0,0,1,0.0,8.19941541186091e-05,0
matplotlib_20_805f451b7122_examples/ticks_and_spines/multiple_yaxis_with_spines.py_make_patch_spines_invisible_0,matplotlib,20,805f451b7122d1ef595c7a01592bb2f500aed41f,examples/ticks_and_spines/multiple_yaxis_with_spines.py:make_patch_spines_invisible,examples/ticks_and_spines/multiple_yaxis_with_spines.py,make_patch_spines_invisible,5,2,1,1,0,4,1,0,0,0,1,0.0,0.00017646055998390427,0
matplotlib_20_805f451b7122_lib/matplotlib/backends/backend_wx.py_draw_rubberband_0,matplotlib,20,805f451b7122d1ef595c7a01592bb2f500aed41f,lib/matplotlib/backends/backend_wx.py:draw_rubberband,lib/matplotlib/backends/backend_wx.py,draw_rubberband,15,2,1,5,0,6,17,0,1,0,2,0.0,8.22345266526175e-05,0
matplotlib_20_805f451b7122_lib/matplotlib/backend_bases.py___init___0,matplotlib,20,805f451b7122d1ef595c7a01592bb2f500aed41f,lib/matplotlib/backend_bases.py:__init__,lib/matplotlib/backend_bases.py,__init__,3,1,0,4,0,1,24,0,8,0,9,0.0,8.19941541186091e-05,0
matplotlib_20_805f451b7122_lib/mpl_toolkits/tests/test_mplot3d.py_test_scatter3d_0,matplotlib,20,805f451b7122d1ef595c7a01592bb2f500aed41f,lib/mpl_toolkits/tests/test_mplot3d.py:test_scatter3d,lib/mpl_toolkits/tests/test_mplot3d.py,test_scatter3d,7,1,0,0,0,10,12,0,0,0,1,0.0,8.30168673445012e-05,0
matplotlib_21_e240493a899a_lib/matplotlib/axes/_axes.py_bxp_1,matplotlib,21,e240493a899ac05cb992cdb88f5487386586090e,lib/matplotlib/axes/_axes.py:bxp,lib/matplotlib/axes/_axes.py,bxp,375,29,3,20,8,98,35,1,1,0,3,0.0,0.00017757813743592095,1
matplotlib_21_e240493a899a_lib/matplotlib/transforms.py_transform_affine_0,matplotlib,21,e240493a899ac05cb992cdb88f5487386586090e,lib/matplotlib/transforms.py:transform_affine,lib/matplotlib/transforms.py,transform_affine,4,1,0,2,0,1,7,2,3,0,6,4.461298126831786e-06,0.00017695877391117262,0
matplotlib_21_e240493a899a_lib/matplotlib/axes/_base.py_invert_yaxis_0,matplotlib,21,e240493a899ac05cb992cdb88f5487386586090e,lib/matplotlib/axes/_base.py:invert_yaxis,lib/matplotlib/axes/_base.py,invert_yaxis,11,1,0,1,0,2,24,0,0,0,1,0.0,8.210493495459066e-05,0
matplotlib_21_e240493a899a_lib/mpl_toolkits/axisartist/angle_helper.py___call___0,matplotlib,21,e240493a899ac05cb992cdb88f5487386586090e,lib/mpl_toolkits/axisartist/angle_helper.py:__call__,lib/mpl_toolkits/axisartist/angle_helper.py,__call__,3,1,0,3,1,1,4,0,4,0,5,0.0,8.586804189684725e-05,0
matplotlib_21_e240493a899a_lib/matplotlib/text.py_draw_0,matplotlib,21,e240493a899ac05cb992cdb88f5487386586090e,lib/matplotlib/text.py:draw,lib/matplotlib/text.py,draw,9,2,1,2,0,4,16,1,14,0,16,0.0,0.00010616425254315267,0
matplotlib_21_e240493a899a_lib/matplotlib/image.py_make_image_0,matplotlib,21,e240493a899ac05cb992cdb88f5487386586090e,lib/matplotlib/image.py:make_image,lib/matplotlib/image.py,make_image,11,1,0,4,1,8,22,3,4,0,8,0.0,0.00024140715473331764,0
matplotlib_21_e240493a899a_lib/mpl_toolkits/axes_grid1/axes_divider.py_set_aspect_0,matplotlib,21,e240493a899ac05cb992cdb88f5487386586090e,lib/mpl_toolkits/axes_grid1/axes_divider.py:set_aspect,lib/mpl_toolkits/axes_grid1/axes_divider.py,set_aspect,7,1,0,2,0,0,7,0,0,0,1,0.0,8.376424863384151e-05,0
matplotlib_22_a87cd8a4c436_lib/matplotlib/axes/_axes.py_hist_1,matplotlib,22,a87cd8a4c43688137155accdc57ed64fb95e2d40,lib/matplotlib/axes/_axes.py:hist,lib/matplotlib/axes/_axes.py,hist,475,62,6,17,2,114,36,0,2,0,3,0.0,8.282255863460208e-05,1
matplotlib_22_a87cd8a4c436_lib/matplotlib/transforms.py___str___0,matplotlib,22,a87cd8a4c43688137155accdc57ed64fb95e2d40,lib/matplotlib/transforms.py:__str__,lib/matplotlib/transforms.py,__str__,7,1,0,1,1,4,7,0,1,0,2,0.0,8.220139443316318e-05,0
matplotlib_22_a87cd8a4c436_lib/mpl_toolkits/axes_grid1/axes_divider.py_change_geometry_0,matplotlib,22,a87cd8a4c43688137155accdc57ed64fb95e2d40,lib/mpl_toolkits/axes_grid1/axes_divider.py:change_geometry,lib/mpl_toolkits/axes_grid1/axes_divider.py,change_geometry,5,1,0,4,0,3,7,0,2,0,3,0.0,8.37823295542207e-05,0
matplotlib_22_a87cd8a4c436_lib/matplotlib/tests/test_colors.py_test_colormap_return_types_0,matplotlib,22,a87cd8a4c43688137155accdc57ed64fb95e2d40,lib/matplotlib/tests/test_colors.py:test_colormap_return_types,lib/matplotlib/tests/test_colors.py,test_colormap_return_types,18,1,0,0,0,9,13,0,0,0,1,0.0,8.323942883201218e-05,0
matplotlib_23_bb6a4af98477_lib/matplotlib/axes/_base.py_apply_aspect_1,matplotlib,23,bb6a4af984778dbac55c8391ae29fa2b5b201361,lib/matplotlib/axes/_base.py:apply_aspect,lib/matplotlib/axes/_base.py,apply_aspect,115,11,2,2,3,35,24,4,9,0,14,0.0,0.00018137554353961732,1
matplotlib_23_bb6a4af98477_lib/matplotlib/pyplot.py_imshow_0,matplotlib,23,bb6a4af984778dbac55c8391ae29fa2b5b201361,lib/matplotlib/pyplot.py:imshow,lib/matplotlib/pyplot.py,imshow,15,2,0,18,1,3,43,0,2,0,3,0.0,8.26504008657784e-05,0
matplotlib_23_bb6a4af98477_lib/matplotlib/colorbar.py_tick_values_0,matplotlib,23,bb6a4af984778dbac55c8391ae29fa2b5b201361,lib/matplotlib/colorbar.py:tick_values,lib/matplotlib/colorbar.py,tick_values,9,2,1,3,1,4,18,0,0,0,1,0.0,8.379085352006216e-05,0
matplotlib_23_bb6a4af98477_lib/matplotlib/colorbar.py_remove_0,matplotlib,23,bb6a4af984778dbac55c8391ae29fa2b5b201361,lib/matplotlib/colorbar.py:remove,lib/matplotlib/colorbar.py,remove,7,1,0,1,0,1,18,3,0,0,4,0.0,0.00021123191203050105,0
matplotlib_24_9a5473dbac05_lib/matplotlib/axis.py__make_getset_interval_1,matplotlib,24,9a5473dbac05f3d6773b42c8e16d58a7dc3159b8,lib/matplotlib/axis.py:_make_getset_interval,lib/matplotlib/axis.py,_make_getset_interval,28,3,2,3,2,11,14,0,0,0,1,0.0,8.277963166483985e-05,1
matplotlib_24_9a5473dbac05_lib/matplotlib/tests/test_mlab.py_test_apply_window_hanning_els3_2D_axis0_0,matplotlib,24,9a5473dbac05f3d6773b42c8e16d58a7dc3159b8,lib/matplotlib/tests/test_mlab.py:test_apply_window_hanning_els3_2D_axis0,lib/matplotlib/tests/test_mlab.py,test_apply_window_hanning_els3_2D_axis0,10,1,0,1,0,7,9,0,0,0,1,0.0,8.250749338308915e-05,0
matplotlib_24_9a5473dbac05_lib/matplotlib/projections/polar.py__wrap_locator_formatter_0,matplotlib,24,9a5473dbac05f3d6773b42c8e16d58a7dc3159b8,lib/matplotlib/projections/polar.py:_wrap_locator_formatter,lib/matplotlib/projections/polar.py,_wrap_locator_formatter,5,1,0,1,0,5,12,2,0,0,3,0.0,0.00020243036964888623,0
matplotlib_24_9a5473dbac05_lib/matplotlib/tests/test_image.py_test_load_from_url_0,matplotlib,24,9a5473dbac05f3d6773b42c8e16d58a7dc3159b8,lib/matplotlib/tests/test_image.py:test_load_from_url,lib/matplotlib/tests/test_image.py,test_load_from_url,4,1,0,0,0,3,23,0,0,0,1,0.0,8.364354438526225e-05,0
matplotlib_24_9a5473dbac05_lib/matplotlib/tests/test_colors.py__scalar_tester_0,matplotlib,24,9a5473dbac05f3d6773b42c8e16d58a7dc3159b8,lib/matplotlib/tests/test_colors.py:_scalar_tester,lib/matplotlib/tests/test_colors.py,_scalar_tester,7,1,0,2,0,4,13,2,0,0,3,0.0,0.00014747647281563987,0
matplotlib_24_9a5473dbac05_lib/matplotlib/tri/triinterpolate.py_get_function_derivatives_0,matplotlib,24,9a5473dbac05f3d6773b42c8e16d58a7dc3159b8,lib/matplotlib/tri/triinterpolate.py:get_function_derivatives,lib/matplotlib/tri/triinterpolate.py,get_function_derivatives,58,1,0,5,1,18,5,1,7,0,9,0.0,0.00010799838385880937,0
matplotlib_24_9a5473dbac05_lib/matplotlib/artist.py_update_0,matplotlib,24,9a5473dbac05f3d6773b42c8e16d58a7dc3159b8,lib/matplotlib/artist.py:update,lib/matplotlib/artist.py,update,38,5,2,2,3,13,12,2,1,0,4,0.0,0.00021041313707702367,0
matplotlib_25_9a5473dbac05_lib/matplotlib/collections.py___init___1,matplotlib,25,9a5473dbac05f3d6773b42c8e16d58a7dc3159b8,lib/matplotlib/collections.py:__init__,lib/matplotlib/collections.py,__init__,14,1,0,7,0,6,6,0,20,0,21,0.0,8.314751016137514e-05,1
matplotlib_25_9a5473dbac05_lib/matplotlib/colors.py__to_rgba_no_colorcycle_0,matplotlib,25,9a5473dbac05f3d6773b42c8e16d58a7dc3159b8,lib/matplotlib/colors.py:_to_rgba_no_colorcycle,lib/matplotlib/colors.py,_to_rgba_no_colorcycle,67,22,4,2,6,26,7,1,0,0,2,0.0,0.00013137380702682016,0
matplotlib_25_9a5473dbac05_lib/matplotlib/axis.py__update_ticks_0,matplotlib,25,9a5473dbac05f3d6773b42c8e16d58a7dc3159b8,lib/matplotlib/axis.py:_update_ticks,lib/matplotlib/axis.py,_update_ticks,72,13,3,1,1,33,14,4,11,0,16,0.0,0.00022605415689239353,0
matplotlib_25_9a5473dbac05_lib/matplotlib/tests/test_cbook.py_test_results_withlabels_0,matplotlib,25,9a5473dbac05f3d6773b42c8e16d58a7dc3159b8,lib/matplotlib/tests/test_cbook.py:test_results_withlabels,lib/matplotlib/tests/test_cbook.py,test_results_withlabels,10,3,1,1,0,3,12,0,0,0,1,0.0,8.386958037277473e-05,0
matplotlib_26_04d9d28b820a_lib/matplotlib/axis.py__make_getset_interval_1,matplotlib,26,04d9d28b820af0b4df230a3c67314ed5b0af8fdd,lib/matplotlib/axis.py:_make_getset_interval,lib/matplotlib/axis.py,_make_getset_interval,28,3,2,3,2,11,14,0,0,0,1,0.0,8.301574423716269e-05,1
matplotlib_26_04d9d28b820a_lib/matplotlib/cbook/__init__.py_strip_math_0,matplotlib,26,04d9d28b820af0b4df230a3c67314ed5b0af8fdd,lib/matplotlib/cbook/__init__.py:strip_math,lib/matplotlib/cbook/__init__.py,strip_math,21,3,2,1,1,2,28,0,0,0,1,0.0,8.330818983115107e-05,0
matplotlib_26_04d9d28b820a_lib/matplotlib/dates.py__get_unit_0,matplotlib,26,04d9d28b820af0b4df230a3c67314ed5b0af8fdd,lib/matplotlib/dates.py:_get_unit,lib/matplotlib/dates.py,_get_unit,5,2,1,1,2,1,17,2,1,0,4,0.0,0.0001476267739985065,0
matplotlib_26_04d9d28b820a_lib/matplotlib/widgets.py_ignore_0,matplotlib,26,04d9d28b820af0b4df230a3c67314ed5b0af8fdd,lib/matplotlib/widgets.py:ignore,lib/matplotlib/widgets.py,ignore,32,8,2,2,6,3,6,12,1,0,14,0.0,0.0005193044646569065,0
matplotlib_26_04d9d28b820a_lib/matplotlib/pyplot.py_step_0,matplotlib,26,04d9d28b820af0b4df230a3c67314ed5b0af8fdd,lib/matplotlib/pyplot.py:step,lib/matplotlib/pyplot.py,step,4,2,0,6,1,2,43,0,1,0,2,0.0,8.284156708191962e-05,0
matplotlib_26_04d9d28b820a_lib/matplotlib/pyplot.py_legend_0,matplotlib,26,04d9d28b820af0b4df230a3c67314ed5b0af8fdd,lib/matplotlib/pyplot.py:legend,lib/matplotlib/pyplot.py,legend,2,1,0,2,1,2,43,2,1,0,4,0.0,0.00016283403837873874,0
matplotlib_26_04d9d28b820a_lib/matplotlib/tests/test_table.py_test_label_colours_0,matplotlib,26,04d9d28b820af0b4df230a3c67314ed5b0af8fdd,lib/matplotlib/tests/test_table.py:test_label_colours,lib/matplotlib/tests/test_table.py,test_label_colours,34,1,0,0,0,15,5,0,0,0,1,0.0,9.595461862664818e-05,0
matplotlib_27_11269123d516_lib/matplotlib/colorbar.py_set_label_1,matplotlib,27,11269123d516cda369764a081ddfb8c1a10ddc53,lib/matplotlib/colorbar.py:set_label,lib/matplotlib/colorbar.py,set_label,5,1,0,3,0,2,18,1,1,0,3,0.0,9.994808784470247e-05,1
matplotlib_27_11269123d516_lib/matplotlib/lines.py_get_xdata_0,matplotlib,27,11269123d516cda369764a081ddfb8c1a10ddc53,lib/matplotlib/lines.py:get_xdata,lib/matplotlib/lines.py,get_xdata,12,3,1,2,2,1,10,1,1,0,3,0.0,0.00013154463508018892,0
matplotlib_27_11269123d516_lib/matplotlib/tests/test_legend.py_test_legend_label_args_0,matplotlib,27,11269123d516cda369764a081ddfb8c1a10ddc53,lib/matplotlib/tests/test_legend.py:test_legend_label_args,lib/matplotlib/tests/test_legend.py,test_legend_label_args,5,2,1,1,0,6,17,0,0,0,1,0.0,8.425020981170786e-05,0
matplotlib_27_11269123d516_lib/matplotlib/patheffects.py_draw_path_0,matplotlib,27,11269123d516cda369764a081ddfb8c1a10ddc53,lib/matplotlib/patheffects.py:draw_path,lib/matplotlib/patheffects.py,draw_path,4,2,1,5,0,1,4,1,3,0,5,0.0,0.00018297606434676729,0
matplotlib_28_896fb8140a60_lib/matplotlib/axes/_base.py_set_xlim_1,matplotlib,28,896fb8140a600341ebb5eaa4191584f23df2d2a0,lib/matplotlib/axes/_base.py:set_xlim,lib/matplotlib/axes/_base.py,set_xlim,127,18,4,7,1,19,24,6,4,0,11,3.388298987450631e-06,0.00022824352781714998,1
matplotlib_28_896fb8140a60_lib/matplotlib/axes/_base.py_get_yticklabels_0,matplotlib,28,896fb8140a600341ebb5eaa4191584f23df2d2a0,lib/matplotlib/axes/_base.py:get_yticklabels,lib/matplotlib/axes/_base.py,get_yticklabels,23,1,0,3,1,2,24,0,0,0,1,0.0,8.2766271015517e-05,0
matplotlib_28_896fb8140a60_lib/matplotlib/tri/trifinder.py___init___0,matplotlib,28,896fb8140a600341ebb5eaa4191584f23df2d2a0,lib/matplotlib/tri/trifinder.py:__init__,lib/matplotlib/tri/trifinder.py,__init__,3,1,0,2,0,1,4,0,1,0,2,0.0,9.591820857489999e-05,0
matplotlib_28_896fb8140a60_lib/matplotlib/widgets.py_on_key_release_0,matplotlib,28,896fb8140a600341ebb5eaa4191584f23df2d2a0,lib/matplotlib/widgets.py:on_key_release,lib/matplotlib/widgets.py,on_key_release,8,4,3,2,0,3,6,0,1,0,2,0.0,8.31976841500797e-05,0
matplotlib_29_cdf9e30e4f3f_lib/matplotlib/axis.py_set_inverted_1,matplotlib,29,cdf9e30e4f3fb7747b178ee9c3849dfdebee7bd0,lib/matplotlib/axis.py:set_inverted,lib/matplotlib/axis.py,set_inverted,13,2,1,2,0,7,14,0,2,0,3,0.0,8.277963166483985e-05,1
matplotlib_29_cdf9e30e4f3f_lib/matplotlib/backend_bases.py__set_cursor_0,matplotlib,29,cdf9e30e4f3fb7747b178ee9c3849dfdebee7bd0,lib/matplotlib/backend_bases.py:_set_cursor,lib/matplotlib/backend_bases.py,_set_cursor,14,5,3,2,0,3,24,2,1,0,4,0.0,0.00014086789923533038,0
matplotlib_29_cdf9e30e4f3f_lib/matplotlib/tests/test_patheffects.py_test_PathEffect_points_to_pixels_0,matplotlib,29,cdf9e30e4f3fb7747b178ee9c3849dfdebee7bd0,lib/matplotlib/tests/test_patheffects.py:test_PathEffect_points_to_pixels,lib/matplotlib/tests/test_patheffects.py,test_PathEffect_points_to_pixels,13,1,0,0,0,12,5,0,0,0,1,0.0,9.564190364077167e-05,0
matplotlib_29_cdf9e30e4f3f_lib/matplotlib/colorbar.py_update_normal_0,matplotlib,29,cdf9e30e4f3fb7747b178ee9c3849dfdebee7bd0,lib/matplotlib/colorbar.py:update_normal,lib/matplotlib/colorbar.py,update_normal,29,4,2,2,0,7,17,2,4,0,7,0.0,0.00021108850520940945,0
matplotlib_3_5e046f72ae82_lib/matplotlib/markers.py__recache_1,matplotlib,3,5e046f72ae82788788c7e9b9354b87b131891cd8,lib/matplotlib/markers.py:_recache,lib/matplotlib/markers.py,_recache,12,2,1,1,1,2,5,2,0,0,3,0.0,0.00027524917277003556,1
matplotlib_3_5e046f72ae82_lib/matplotlib/artist.py_set_figure_0,matplotlib,3,5e046f72ae82788788c7e9b9354b87b131891cd8,lib/matplotlib/artist.py:set_figure,lib/matplotlib/artist.py,set_figure,23,4,1,2,1,2,12,0,1,0,2,0.0,8.3422063661228e-05,0
matplotlib_3_5e046f72ae82_examples/images_contours_and_fields/image_zcoord.py_format_coord_0,matplotlib,3,5e046f72ae82788788c7e9b9354b87b131891cd8,examples/images_contours_and_fields/image_zcoord.py:format_coord,examples/images_contours_and_fields/image_zcoord.py,format_coord,8,2,1,2,2,2,3,0,0,0,1,0.0,0.00017801400943525696,0
matplotlib_3_5e046f72ae82_lib/matplotlib/collections.py_set_paths_0,matplotlib,3,5e046f72ae82788788c7e9b9354b87b131891cd8,lib/matplotlib/collections.py:set_paths,lib/matplotlib/collections.py,set_paths,2,1,0,1,0,1,6,2,1,0,4,0.0,0.00018351511551199136,0
matplotlib_30_3b26ee6f6b31_lib/matplotlib/colors.py_makeMappingArray_1,matplotlib,30,3b26ee6f6b31bc0cca4be0407dbb40f44756030d,lib/matplotlib/colors.py:makeMappingArray,lib/matplotlib/colors.py,makeMappingArray,56,7,1,3,2,17,7,1,0,0,2,0.0,0.00011560993237804032,1
matplotlib_30_3b26ee6f6b31_lib/matplotlib/transforms.py_y1_0,matplotlib,30,3b26ee6f6b31bc0cca4be0407dbb40f44756030d,lib/matplotlib/transforms.py:y1,lib/matplotlib/transforms.py,y1,3,1,0,2,0,1,7,0,2,0,3,0.0,8.274156828037312e-05,0
matplotlib_30_3b26ee6f6b31_lib/matplotlib/offsetbox.py_on_motion_blit_0,matplotlib,30,3b26ee6f6b31bc0cca4be0407dbb40f44756030d,lib/matplotlib/offsetbox.py:on_motion_blit,lib/matplotlib/offsetbox.py,on_motion_blit,8,2,1,2,0,5,11,0,3,0,4,0.0,8.342821516489515e-05,0
matplotlib_30_3b26ee6f6b31_lib/matplotlib/tests/test_collections.py_test__EventCollection__set_linelength_0,matplotlib,30,3b26ee6f6b31bc0cca4be0407dbb40f44756030d,lib/matplotlib/tests/test_collections.py:test__EventCollection__set_linelength,lib/matplotlib/tests/test_collections.py,test__EventCollection__set_linelength,15,1,0,0,0,6,12,0,2,0,3,0.0,8.427375554335619e-05,0
matplotlib_4_793c6b053812_lib/matplotlib/pyplot.py_vlines_1,matplotlib,4,793c6b05381231371267b44b107726f3878e14f2,lib/matplotlib/pyplot.py:vlines,lib/matplotlib/pyplot.py,vlines,7,2,0,8,1,2,41,0,2,0,3,0.0,8.289960584384991e-05,1
matplotlib_4_793c6b053812_lib/matplotlib/axes/_axes.py_vlines_1,matplotlib,4,793c6b05381231371267b44b107726f3878e14f2,lib/matplotlib/axes/_axes.py:vlines,lib/matplotlib/axes/_axes.py,vlines,78,5,1,8,1,27,34,2,0,0,3,0.0,0.0001633517206146822,1
matplotlib_4_793c6b053812_lib/matplotlib/axes/_axes.py_hlines_1,matplotlib,4,793c6b05381231371267b44b107726f3878e14f2,lib/matplotlib/axes/_axes.py:hlines,lib/matplotlib/axes/_axes.py,hlines,77,5,1,8,1,27,34,1,0,0,2,0.0,0.00013145199832991154,1
matplotlib_4_793c6b053812_lib/matplotlib/pyplot.py_hlines_1,matplotlib,4,793c6b05381231371267b44b107726f3878e14f2,lib/matplotlib/pyplot.py:hlines,lib/matplotlib/pyplot.py,hlines,7,2,0,8,1,2,41,0,2,0,3,0.0,8.289960584384991e-05,1
matplotlib_4_793c6b053812_lib/mpl_toolkits/axisartist/axis_artist.py___init___0,matplotlib,4,793c6b05381231371267b44b107726f3878e14f2,lib/mpl_toolkits/axisartist/axis_artist.py:__init__,lib/mpl_toolkits/axisartist/axis_artist.py,__init__,9,1,0,3,0,3,11,0,7,0,8,0.0,8.367237043408175e-05,0
matplotlib_4_793c6b053812_lib/mpl_toolkits/axisartist/axislines.py_get_line_transform_0,matplotlib,4,793c6b05381231371267b44b107726f3878e14f2,lib/mpl_toolkits/axisartist/axislines.py:get_line_transform,lib/mpl_toolkits/axisartist/axislines.py,get_line_transform,2,1,0,2,1,0,7,0,0,0,1,0.0,8.507747724900618e-05,0
matplotlib_4_793c6b053812_lib/matplotlib/text.py_xycoords_0,matplotlib,4,793c6b05381231371267b44b107726f3878e14f2,lib/matplotlib/text.py:xycoords,lib/matplotlib/text.py,xycoords,8,2,1,2,1,7,15,0,0,0,1,0.0,8.340653941504199e-05,0
matplotlib_4_793c6b053812_lib/matplotlib/tests/test_colors.py_test_TwoSlopeNorm_scaleout_center_0,matplotlib,4,793c6b05381231371267b44b107726f3878e14f2,lib/matplotlib/tests/test_colors.py:test_TwoSlopeNorm_scaleout_center,lib/matplotlib/tests/test_colors.py,test_TwoSlopeNorm_scaleout_center,6,1,0,0,0,2,13,0,0,0,1,0.0,8.388675028814607e-05,0
matplotlib_4_793c6b053812_lib/matplotlib/axis.py_get_pickradius_0,matplotlib,4,793c6b05381231371267b44b107726f3878e14f2,lib/matplotlib/axis.py:get_pickradius,lib/matplotlib/axis.py,get_pickradius,3,1,0,1,1,0,14,0,0,0,1,0.0,8.310273253613942e-05,0
matplotlib_4_793c6b053812_lib/matplotlib/patches.py_get_transform_0,matplotlib,4,793c6b05381231371267b44b107726f3878e14f2,lib/matplotlib/patches.py:get_transform,lib/matplotlib/patches.py,get_transform,3,1,0,1,1,2,12,10,1,0,12,0.0,0.00043116184523159533,0
matplotlib_4_793c6b053812_lib/matplotlib/tests/test_axes.py_test_pathological_hexbin_0,matplotlib,4,793c6b05381231371267b44b107726f3878e14f2,lib/matplotlib/tests/test_axes.py:test_pathological_hexbin,lib/matplotlib/tests/test_axes.py,test_pathological_hexbin,6,1,0,0,0,4,32,0,0,0,1,0.0,8.257950957802941e-05,0
matplotlib_4_793c6b053812_setupext.py_check_0,matplotlib,4,793c6b05381231371267b44b107726f3878e14f2,setupext.py:check,setupext.py,check,4,2,1,1,1,3,20,0,0,0,1,0.0,8.576104272653697e-05,0
matplotlib_4_793c6b053812_lib/matplotlib/tests/test_backend_webagg.py_test_webagg_fallback_0,matplotlib,4,793c6b05381231371267b44b107726f3878e14f2,lib/matplotlib/tests/test_backend_webagg.py:test_webagg_fallback,lib/matplotlib/tests/test_backend_webagg.py,test_webagg_fallback,20,3,1,1,0,4,4,0,0,0,1,0.0,0.00017804238219319506,0
matplotlib_4_793c6b053812_lib/matplotlib/axes/_axes.py_phase_spectrum_0,matplotlib,4,793c6b05381231371267b44b107726f3878e14f2,lib/matplotlib/axes/_axes.py:phase_spectrum,lib/matplotlib/axes/_axes.py,phase_spectrum,63,2,1,8,1,4,34,0,3,0,4,0.0,8.36024149027555e-05,0
matplotlib_4_793c6b053812_lib/matplotlib/tests/test_tightlayout.py_test_collapsed_0,matplotlib,4,793c6b05381231371267b44b107726f3878e14f2,lib/matplotlib/tests/test_tightlayout.py:test_collapsed,lib/matplotlib/tests/test_tightlayout.py,test_collapsed,16,3,1,0,0,10,9,0,0,0,1,0.0,8.690031852242164e-05,0
matplotlib_4_793c6b053812_lib/matplotlib/backends/backend_gtk3.py_trigger_0,matplotlib,4,793c6b05381231371267b44b107726f3878e14f2,lib/matplotlib/backends/backend_gtk3.py:trigger,lib/matplotlib/backends/backend_gtk3.py,trigger,6,1,0,3,1,2,13,0,4,0,5,0.0,8.375055602791698e-05,0
matplotlib_5_49593b73854e_lib/matplotlib/axes/_axes.py_scatter_1,matplotlib,5,49593b73854e10ace8f3c05343220328def6a328,lib/matplotlib/axes/_axes.py:scatter,lib/matplotlib/axes/_axes.py,scatter,199,13,2,16,1,33,34,0,1,0,2,0.0,8.37393688283188e-05,1
matplotlib_5_49593b73854e_lib/matplotlib/tests/test_mlab.py_test_stride_repeat_0,matplotlib,5,49593b73854e10ace8f3c05343220328def6a328,lib/matplotlib/tests/test_mlab.py:test_stride_repeat,lib/matplotlib/tests/test_mlab.py,test_stride_repeat,12,1,0,3,0,7,5,0,2,0,3,0.0,8.312595650779203e-05,0
matplotlib_5_49593b73854e_lib/mpl_toolkits/axisartist/axis_artist.py_draw_0,matplotlib,5,49593b73854e10ace8f3c05343220328def6a328,lib/mpl_toolkits/axisartist/axis_artist.py:draw,lib/mpl_toolkits/axisartist/axis_artist.py,draw,23,4,2,2,1,13,11,6,16,0,23,0.0,0.00027945955053022484,0
matplotlib_5_49593b73854e_lib/matplotlib/mathtext.py_genfrac_0,matplotlib,5,49593b73854e10ace8f3c05343220328def6a328,lib/matplotlib/mathtext.py:genfrac,lib/matplotlib/mathtext.py,genfrac,5,1,0,4,1,4,18,0,1,0,2,0.0,8.317794481881802e-05,0
matplotlib_6_fb9e72309aee_lib/matplotlib/axes/_axes.py__parse_scatter_color_args_1,matplotlib,6,fb9e72309aeefb51d1a56ecbdb1e7399d105ff06,lib/matplotlib/axes/_axes.py:_parse_scatter_color_args,lib/matplotlib/axes/_axes.py,_parse_scatter_color_args,141,22,4,5,2,24,34,1,0,0,2,0.0,0.00017966905595333564,1
matplotlib_6_fb9e72309aee_lib/matplotlib/pyplot.py_pie_0,matplotlib,6,fb9e72309aeefb51d1a56ecbdb1e7399d105ff06,lib/matplotlib/pyplot.py:pie,lib/matplotlib/pyplot.py,pie,14,2,0,18,1,2,41,0,2,0,3,0.0,8.307131790491511e-05,0
matplotlib_6_fb9e72309aee_lib/matplotlib/backends/backend_pgf.py__font_properties_str_0,matplotlib,6,fb9e72309aeefb51d1a56ecbdb1e7399d105ff06,lib/matplotlib/backends/backend_pgf.py:_font_properties_str,lib/matplotlib/backends/backend_pgf.py,_font_properties_str,28,4,2,1,1,12,21,2,0,0,3,0.0,0.00014796491782522356,0
matplotlib_6_fb9e72309aee_lib/matplotlib/ticker.py_set_useOffset_0,matplotlib,6,fb9e72309aeefb51d1a56ecbdb1e7399d105ff06,lib/matplotlib/ticker.py:set_useOffset,lib/matplotlib/ticker.py,set_useOffset,7,2,1,2,0,0,9,1,0,0,2,0.0,9.939224879787487e-05,0
matplotlib_7_969513e2a522_lib/matplotlib/colors.py_shade_rgb_1,matplotlib,7,969513e2a5227331a2eb9e4bc4ba8448a0f9831d,lib/matplotlib/colors.py:shade_rgb,lib/matplotlib/colors.py,shade_rgb,72,6,2,9,1,7,10,1,1,0,3,0.0,0.00018001172262615135,1
matplotlib_7_969513e2a522_lib/matplotlib/axis.py_get_label_0,matplotlib,7,969513e2a5227331a2eb9e4bc4ba8448a0f9831d,lib/matplotlib/axis.py:get_label,lib/matplotlib/axis.py,get_label,3,1,0,1,1,0,14,0,0,0,1,0.0,8.333249810871146e-05,0
matplotlib_7_969513e2a522_lib/matplotlib/axis.py_set_ticks_0,matplotlib,7,969513e2a5227331a2eb9e4bc4ba8448a0f9831d,lib/matplotlib/axis.py:set_ticks,lib/matplotlib/axis.py,set_ticks,26,4,2,3,2,17,14,0,7,0,8,0.0,8.333249810871146e-05,0
matplotlib_7_969513e2a522_lib/matplotlib/backends/backend_webagg_core.py__handle_key_0,matplotlib,7,969513e2a5227331a2eb9e4bc4ba8448a0f9831d,lib/matplotlib/backends/backend_webagg_core.py:_handle_key,lib/matplotlib/backends/backend_webagg_core.py,_handle_key,29,9,6,1,1,9,13,0,0,0,1,0.0,8.469708653730258e-05,0
matplotlib_8_54bd6f19b23d_lib/matplotlib/axes/_base.py_set_ylim_1,matplotlib,8,54bd6f19b23dc940a4d572583c449613b6b1ae3c,lib/matplotlib/axes/_base.py:set_ylim,lib/matplotlib/axes/_base.py,set_ylim,133,18,4,7,1,22,26,6,3,0,10,0.0,0.00026197554076362893,1
matplotlib_8_54bd6f19b23d_lib/matplotlib/axes/_base.py_set_xlim_1,matplotlib,8,54bd6f19b23dc940a4d572583c449613b6b1ae3c,lib/matplotlib/axes/_base.py:set_xlim,lib/matplotlib/axes/_base.py,set_xlim,133,18,4,7,1,22,26,6,3,0,10,0.0,0.00026197554076362893,1
matplotlib_8_54bd6f19b23d_lib/matplotlib/axis.py_cla_0,matplotlib,8,54bd6f19b23dc940a4d572583c449613b6b1ae3c,lib/matplotlib/axis.py:cla,lib/matplotlib/axis.py,cla,24,1,0,1,0,5,14,1,3,0,5,0.0,9.542692760462705e-05,0
matplotlib_8_54bd6f19b23d_lib/matplotlib/artist.py_set_gid_0,matplotlib,8,54bd6f19b23dc940a4d572583c449613b6b1ae3c,lib/matplotlib/artist.py:set_gid,lib/matplotlib/artist.py,set_gid,9,1,0,2,0,0,12,0,0,0,1,0.0,8.372852307323025e-05,0
matplotlib_8_54bd6f19b23d_lib/mpl_toolkits/axes_grid1/parasite_axes.py_get_aux_axes_0,matplotlib,8,54bd6f19b23dc940a4d572583c449613b6b1ae3c,lib/mpl_toolkits/axes_grid1/parasite_axes.py:get_aux_axes,lib/mpl_toolkits/axes_grid1/parasite_axes.py,get_aux_axes,8,1,0,4,1,3,8,0,1,0,2,0.0,8.555941032580854e-05,0
matplotlib_8_54bd6f19b23d_lib/mpl_toolkits/tests/test_axes_grid1.py_test_twin_axes_empty_and_removed_0,matplotlib,8,54bd6f19b23dc940a4d572583c449613b6b1ae3c,lib/mpl_toolkits/tests/test_axes_grid1.py:test_twin_axes_empty_and_removed,lib/mpl_toolkits/tests/test_axes_grid1.py,test_twin_axes_empty_and_removed,26,6,2,0,0,20,17,0,0,0,1,0.0,8.905117387179713e-05,0
matplotlib_8_54bd6f19b23d_lib/matplotlib/offsetbox.py_set_width_0,matplotlib,8,54bd6f19b23dc940a4d572583c449613b6b1ae3c,lib/matplotlib/offsetbox.py:set_width,lib/matplotlib/offsetbox.py,set_width,10,1,0,2,0,0,10,1,0,0,2,0.0,0.0001031879665614592,0
matplotlib_8_54bd6f19b23d_lib/matplotlib/axis.py_get_transform_0,matplotlib,8,54bd6f19b23dc940a4d572583c449613b6b1ae3c,lib/matplotlib/axis.py:get_transform,lib/matplotlib/axis.py,get_transform,2,1,0,1,1,1,14,3,0,0,4,0.0,0.00017217298054250107,0
matplotlib_9_8673167d4c44_lib/matplotlib/projections/polar.py_draw_1,matplotlib,9,8673167d4c44dc2ede02fedd718dadf7f88e102d,lib/matplotlib/projections/polar.py:draw,lib/matplotlib/projections/polar.py,draw,44,8,2,4,0,23,12,0,3,0,4,0.0,8.368157303976045e-05,1
matplotlib_9_8673167d4c44_lib/mpl_toolkits/tests/test_mplot3d.py_test_proj_axes_cube_ortho_0,matplotlib,9,8673167d4c44dc2ede02fedd718dadf7f88e102d,lib/mpl_toolkits/tests/test_mplot3d.py:test_proj_axes_cube_ortho,lib/mpl_toolkits/tests/test_mplot3d.py,test_proj_axes_cube_ortho,24,2,1,0,0,18,11,0,1,0,2,0.0,8.411481666617819e-05,0
matplotlib_9_8673167d4c44_lib/matplotlib/backend_tools.py_update_home_views_0,matplotlib,9,8673167d4c44dc2ede02fedd718dadf7f88e102d,lib/matplotlib/backend_tools.py:update_home_views,lib/matplotlib/backend_tools.py,update_home_views,11,4,2,2,0,2,11,2,0,0,3,0.0,0.0002278482132929076,0
matplotlib_9_8673167d4c44_lib/matplotlib/pyplot.py_xticks_0,matplotlib,9,8673167d4c44dc2ede02fedd718dadf7f88e102d,lib/matplotlib/pyplot.py:xticks,lib/matplotlib/pyplot.py,xticks,58,5,2,3,1,7,41,0,1,0,2,0.0,8.31731511812094e-05,0
pandas_5_4f4282f8a7c1_pandas/core/groupby/groupby.py_sem_1,pandas,5,4f4282f8a7c1033fc3efe9f4eab5368a70ae5041,pandas/core/groupby/groupby.py:sem,pandas/core/groupby/groupby.py,sem,17,1,0,2,1,3,38,0,2,0,3,0.0,3.935945679966724e-05,1
pandas_5_4f4282f8a7c1_pandas/core/groupby/groupby.py__set_group_selection_1,pandas,5,4f4282f8a7c1033fc3efe9f4eab5368a70ae5041,pandas/core/groupby/groupby.py:_set_group_selection,pandas/core/groupby/groupby.py,_set_group_selection,24,3,1,1,1,6,38,4,0,0,5,0.0,0.00010713301338706932,1
pandas_5_4f4282f8a7c1_pandas/core/groupby/groupby.py_std_1,pandas,5,4f4282f8a7c1033fc3efe9f4eab5368a70ae5041,pandas/core/groupby/groupby.py:std,pandas/core/groupby/groupby.py,std,18,1,0,2,1,2,38,1,1,0,3,0.0,5.929285579596197e-05,1
pandas_5_4f4282f8a7c1_pandas/core/series.py_duplicated_0,pandas,5,4f4282f8a7c1033fc3efe9f4eab5368a70ae5041,pandas/core/series.py:duplicated,pandas/core/series.py,duplicated,77,1,0,2,1,2,48,0,0,0,1,0.0,3.92621437289636e-05,0
pandas_5_4f4282f8a7c1_pandas/tseries/offsets.py__get_roll_0,pandas,5,4f4282f8a7c1033fc3efe9f4eab5368a70ae5041,pandas/tseries/offsets.py:_get_roll,pandas/tseries/offsets.py,_get_roll,8,1,0,4,0,1,9,1,0,0,2,0.0,5.2818408116455535e-05,0
pandas_5_4f4282f8a7c1_pandas/core/series.py__set_with_0,pandas,5,4f4282f8a7c1033fc3efe9f4eab5368a70ae5041,pandas/core/series.py:_set_with,pandas/core/series.py,_set_with,29,6,3,3,0,8,48,1,0,0,2,0.0,5.919554272525832e-05,0
pandas_5_4f4282f8a7c1_pandas/tests/arrays/sparse/test_libsparse.py_test_check_integrity_0,pandas,5,4f4282f8a7c1033fc3efe9f4eab5368a70ae5041,pandas/tests/arrays/sparse/test_libsparse.py:test_check_integrity,pandas/tests/arrays/sparse/test_libsparse.py,test_check_integrity,18,3,1,1,0,6,8,0,0,0,1,0.0,4.040716914583367e-05,0
pandas_5_4f4282f8a7c1_pandas/tests/indexing/test_partial.py_test_loc_with_list_of_strings_representing_datetimes_missing_value_0,pandas,5,4f4282f8a7c1033fc3efe9f4eab5368a70ae5041,pandas/tests/indexing/test_partial.py:test_loc_with_list_of_strings_representing_datetimes_missing_value,pandas/tests/indexing/test_partial.py,test_loc_with_list_of_strings_representing_datetimes_missing_value,14,4,1,3,0,7,5,0,0,0,1,0.0,4.132846069608259e-05,0
pandas_5_4f4282f8a7c1_pandas/core/indexes/datetimelike.py_searchsorted_0,pandas,5,4f4282f8a7c1033fc3efe9f4eab5368a70ae5041,pandas/core/indexes/datetimelike.py:searchsorted,pandas/core/indexes/datetimelike.py,searchsorted,10,3,1,4,1,5,27,2,0,0,3,0.0,6.618413897883979e-05,0
pandas_5_4f4282f8a7c1_pandas/tests/tseries/offsets/test_offsets.py_test_apply_corner_0,pandas,5,4f4282f8a7c1033fc3efe9f4eab5368a70ae5041,pandas/tests/tseries/offsets/test_offsets.py:test_apply_corner,pandas/tests/tseries/offsets/test_offsets.py,test_apply_corner,7,2,1,1,0,4,23,0,0,0,1,0.0,3.931013196453876e-05,0
pandas_5_4f4282f8a7c1_pandas/tests/dtypes/test_dtypes.py_test_parser_0,pandas,5,4f4282f8a7c1033fc3efe9f4eab5368a70ae5041,pandas/tests/dtypes/test_dtypes.py:test_parser,pandas/tests/dtypes/test_dtypes.py,test_parser,6,1,0,3,0,2,10,0,0,0,1,0.0,3.9494467726589405e-05,0
pandas_5_4f4282f8a7c1_pandas/tests/util/test_assert_index_equal.py_test_index_equal_length_mismatch_0,pandas,5,4f4282f8a7c1033fc3efe9f4eab5368a70ae5041,pandas/tests/util/test_assert_index_equal.py:test_index_equal_length_mismatch,pandas/tests/util/test_assert_index_equal.py,test_index_equal_length_mismatch,12,2,1,1,0,4,4,0,0,0,1,0.0,4.230558809786174e-05,0
sanic_1_e7001b00747b_sanic/app.py_register_named_middleware_1,sanic,1,e7001b00747b659f7042b0534802b936ee8a53e0,sanic/app.py:register_named_middleware,sanic/app.py,register_named_middleware,15,9,3,4,0,4,29,0,0,0,1,0.0,0.0006784518479481161,1
sanic_1_e7001b00747b_tests/test_middleware.py_test_middleware_request_0,sanic,1,e7001b00747b659f7042b0534802b936ee8a53e0,tests/test_middleware.py:test_middleware_request,tests/test_middleware.py,test_middleware_request,15,1,0,1,1,5,5,0,0,0,1,0.0,0.0007072147569118811,0
sanic_1_e7001b00747b_examples/request_timeout.py_timeout_0,sanic,1,e7001b00747b659f7042b0534802b936ee8a53e0,examples/request_timeout.py:timeout,examples/request_timeout.py,timeout,2,1,0,2,1,1,5,0,0,0,1,0.0,0.0007691901990928391,0
sanic_1_e7001b00747b_tests/test_named_routes.py_test_dynamic_named_route_unhashable_0,sanic,1,e7001b00747b659f7042b0534802b936ee8a53e0,tests/test_named_routes.py:test_dynamic_named_route_unhashable,tests/test_named_routes.py,test_dynamic_named_route_unhashable,13,2,1,1,1,5,6,0,0,0,1,0.0,0.0006792397309274209,0
sanic_3_91f6abaa8124_sanic/app.py_url_for_1,sanic,3,91f6abaa81248189fbcbdf685e8bdcbb7846609f,sanic/app.py:url_for,sanic/app.py,url_for,128,20,3,3,1,39,29,0,1,0,2,0.0,0.0006782206263975237,1
sanic_3_91f6abaa8124_examples/try_everything.py_before_stop_0,sanic,3,91f6abaa81248189fbcbdf685e8bdcbb7846609f,examples/try_everything.py:before_stop,examples/try_everything.py,before_stop,2,1,0,2,0,1,6,0,0,0,1,0.0,0.0006872928966785341,0
sanic_3_91f6abaa8124_tests/conftest.py_generate_random_direct_route_0,sanic,3,91f6abaa81248189fbcbdf685e8bdcbb7846609f,tests/conftest.py:generate_random_direct_route,tests/conftest.py,generate_random_direct_route,16,4,3,2,1,9,8,0,0,0,1,0.0,0.0007073718308692437,0
sanic_3_91f6abaa8124_tests/test_requests.py_test_uri_template_asgi_0,sanic,3,91f6abaa81248189fbcbdf685e8bdcbb7846609f,tests/test_requests.py:test_uri_template_asgi,tests/test_requests.py,test_uri_template_asgi,7,1,0,1,1,3,12,0,0,0,1,0.0,0.0006611493048138959,0
sanic_4_e506c8930494_sanic/request.py_url_for_1,sanic,4,e506c89304948bba593e8603ecace1c495b06fd5,sanic/request.py:url_for,sanic/request.py,url_for,28,3,1,3,2,5,13,0,0,0,1,0.0,0.0006887963727755194,1
sanic_4_e506c8930494_tests/test_middleware.py_test_middleware_response_raise_cancelled_error_0,sanic,4,e506c89304948bba593e8603ecace1c495b06fd5,tests/test_middleware.py:test_middleware_response_raise_cancelled_error,tests/test_middleware.py,test_middleware_response_raise_cancelled_error,20,2,1,2,1,6,5,0,0,0,1,0.0,0.0007185990588951467,0
sanic_4_e506c8930494_tests/test_keep_alive_timeout.py_handler2_0,sanic,4,e506c89304948bba593e8603ecace1c495b06fd5,tests/test_keep_alive_timeout.py:handler2,tests/test_keep_alive_timeout.py,handler2,2,1,0,1,1,1,12,0,0,0,1,0.0,0.0006981804190227799,0
sanic_4_e506c8930494_tests/test_exceptions.py_test_catch_exception_list_0,sanic,4,e506c89304948bba593e8603ecace1c495b06fd5,tests/test_exceptions.py:test_catch_exception_list,tests/test_exceptions.py,test_catch_exception_list,14,1,0,1,1,6,5,0,0,0,1,0.0,0.0007000678563219064,0
scrapy_1_c57512fa669e_scrapy/spidermiddlewares/offsite.py_get_host_regex_1,scrapy,1,c57512fa669e6f6b1b766a7639206a380f0d10ce,scrapy/spidermiddlewares/offsite.py:get_host_regex,scrapy/spidermiddlewares/offsite.py,get_host_regex,14,4,2,2,2,8,6,1,0,0,2,0.0,0.00042911034980854684,1
scrapy_1_c57512fa669e_scrapy/utils/spider.py_spidercls_for_request_0,scrapy,1,c57512fa669e6f6b1b766a7639206a380f0d10ce,scrapy/utils/spider.py:spidercls_for_request,scrapy/utils/spider.py,spidercls_for_request,25,4,1,5,2,8,7,0,0,0,1,0.0,0.0002195588625005511,0
scrapy_1_c57512fa669e_scrapy/spidermiddlewares/referer.py_request_scheduled_0,scrapy,1,c57512fa669e6f6b1b766a7639206a380f0d10ce,scrapy/spidermiddlewares/referer.py:request_scheduled,scrapy/spidermiddlewares/referer.py,request_scheduled,20,5,4,3,0,6,9,0,2,0,3,0.0,0.0001996720154697531,0
scrapy_1_c57512fa669e_scrapy/http/response/text.py_selector_0,scrapy,1,c57512fa669e6f6b1b766a7639206a380f0d10ce,scrapy/http/response/text.py:selector,scrapy/http/response/text.py,selector,5,2,1,1,1,1,11,0,0,0,1,0.0,0.00020078456635259494,0
scrapy_10_6cc83c041eac_scrapy/downloadermiddlewares/redirect.py_process_response_1,scrapy,10,6cc83c041eac36e7688dbd9c4c55487a43b622e0,scrapy/downloadermiddlewares/redirect.py:process_response,scrapy/downloadermiddlewares/redirect.py,process_response,12,4,2,4,3,6,6,0,2,0,3,0.0,0.0002298808021496029,1
scrapy_10_6cc83c041eac_tests/test_utils_reqser.py_setUp_0,scrapy,10,6cc83c041eac36e7688dbd9c4c55487a43b622e0,tests/test_utils_reqser.py:setUp,tests/test_utils_reqser.py,setUp,2,1,0,1,0,1,4,0,0,0,1,0.0,0.00022411299114923373,0
scrapy_10_6cc83c041eac_scrapy/xlib/tx/client.py_request_0,scrapy,10,6cc83c041eac36e7688dbd9c4c55487a43b622e0,scrapy/xlib/tx/client.py:request,scrapy/xlib/tx/client.py,request,13,2,1,5,1,5,27,2,6,0,9,0.0,0.000528027751114447,0
scrapy_10_6cc83c041eac_scrapy/spidermiddlewares/urllength.py_from_settings_0,scrapy,10,6cc83c041eac36e7688dbd9c4c55487a43b622e0,scrapy/spidermiddlewares/urllength.py:from_settings,scrapy/spidermiddlewares/urllength.py,from_settings,5,2,1,2,1,2,3,0,0,0,1,0.0,0.00024949135955085796,0
scrapy_11_241bd00e76df_scrapy/utils/gz.py_gunzip_1,scrapy,11,241bd00e76df142a24699819f8496bdec8f5c83a,scrapy/utils/gz.py:gunzip,scrapy/utils/gz.py,gunzip,25,6,4,1,1,4,6,0,1,0,2,0.0,0.00029072350669704804,1
scrapy_11_241bd00e76df_scrapy/utils/datatypes.py___init___0,scrapy,11,241bd00e76df142a24699819f8496bdec8f5c83a,scrapy/utils/datatypes.py:__init__,scrapy/utils/datatypes.py,__init__,3,1,0,2,0,2,5,0,1,0,2,0.0,0.00021893539143067194,0
scrapy_11_241bd00e76df_tests/mockserver.py_render_GET_0,scrapy,11,241bd00e76df142a24699819f8496bdec8f5c83a,tests/mockserver.py:render_GET,tests/mockserver.py,render_GET,4,1,0,2,1,1,18,0,2,0,3,0.0,0.00022086814838015133,0
scrapy_11_241bd00e76df_scrapy/downloadermiddlewares/retry.py_from_crawler_0,scrapy,11,241bd00e76df142a24699819f8496bdec8f5c83a,scrapy/downloadermiddlewares/retry.py:from_crawler,scrapy/downloadermiddlewares/retry.py,from_crawler,2,1,0,2,1,1,7,0,0,0,1,0.0,0.00023544665794193845,0
scrapy_12_34e7dadf38ba_scrapy/selector/unified.py___init___1,scrapy,12,34e7dadf38ba1796094c0c76e92ea8d9837681cc,scrapy/selector/unified.py:__init__,scrapy/selector/unified.py,__init__,20,5,2,7,0,7,7,0,2,0,3,0.0,0.00022731210467729013,1
scrapy_12_34e7dadf38ba_tests/test_utils_serialize.py_test_encode_decode_0,scrapy,12,34e7dadf38ba1796094c0c76e92ea8d9837681cc,tests/test_utils_serialize.py:test_encode_decode,tests/test_utils_serialize.py,test_encode_decode,13,2,1,1,0,7,7,0,0,0,1,0.0,0.00023990146444663333,0
scrapy_12_34e7dadf38ba_tests/test_utils_deprecate.py_test_custom_class_paths_0,scrapy,12,34e7dadf38ba1796094c0c76e92ea8d9837681cc,tests/test_utils_deprecate.py:test_custom_class_paths,tests/test_utils_deprecate.py,test_custom_class_paths,18,2,1,1,0,14,7,0,1,0,2,0.0,0.00021625803268469614,0
scrapy_12_34e7dadf38ba_scrapy/utils/url.py_canonicalize_url_0,scrapy,12,34e7dadf38ba1796094c0c76e92ea8d9837681cc,scrapy/utils/url.py:canonicalize_url,scrapy/utils/url.py,canonicalize_url,73,5,1,4,1,12,9,0,4,0,5,0.0,0.00023010974018158862,0
scrapy_14_b7553d921afe_scrapy/utils/gz.py_is_gzipped_1,scrapy,14,b7553d921afe356ec858bb1d2e5b1702df05ea24,scrapy/utils/gz.py:is_gzipped,scrapy/utils/gz.py,is_gzipped,4,1,0,1,1,1,5,0,0,0,1,0.0,0.0002913934174834861,1
scrapy_14_b7553d921afe_tests/test_downloadermiddleware_redirect.py_test_request_meta_handling_0,scrapy,14,b7553d921afe356ec858bb1d2e5b1702df05ea24,tests/test_downloadermiddleware_redirect.py:test_request_meta_handling,tests/test_downloadermiddleware_redirect.py,test_request_meta_handling,10,1,0,1,0,7,6,0,0,0,1,0.0,0.0002223550809012898,0
scrapy_14_b7553d921afe_scrapy/xlib/tx/client.py_dataReceived_0,scrapy,14,b7553d921afe356ec858bb1d2e5b1702df05ea24,scrapy/xlib/tx/client.py:dataReceived,scrapy/xlib/tx/client.py,dataReceived,5,1,0,2,0,1,27,1,0,0,2,0.0,0.00045320724269308884,0
scrapy_14_b7553d921afe_scrapy/commands/__init__.py_set_crawler_0,scrapy,14,b7553d921afe356ec858bb1d2e5b1702df05ea24,scrapy/commands/__init__.py:set_crawler,scrapy/commands/__init__.py,set_crawler,3,1,0,2,0,1,5,0,0,0,1,0.0,0.00023221770041303213,0
scrapy_15_b7925e42202d_scrapy/utils/url.py__safe_ParseResult_1,scrapy,15,b7925e42202d79d2ba9d00b6aded3a451c92fe81,scrapy/utils/url.py:_safe_ParseResult,scrapy/utils/url.py,_safe_ParseResult,14,1,0,3,1,11,9,1,0,0,2,0.0,0.00029183978262535207,1
scrapy_15_b7925e42202d_scrapy/crawler.py__create_engine_0,scrapy,15,b7925e42202d79d2ba9d00b6aded3a451c92fe81,scrapy/crawler.py:_create_engine,scrapy/crawler.py,_create_engine,2,1,0,1,1,2,18,1,1,0,3,0.0,0.00027973326324592544,0
scrapy_15_b7925e42202d_tests/test_downloadermiddleware_redirect.py_test_meta_refresh_0,scrapy,15,b7925e42202d79d2ba9d00b6aded3a451c92fe81,tests/test_downloadermiddleware_redirect.py:test_meta_refresh,tests/test_downloadermiddleware_redirect.py,test_meta_refresh,6,1,0,1,0,6,6,0,1,0,2,0.0,0.00022270518511652136,0
scrapy_15_b7925e42202d_tests/test_spidermiddleware_httperror.py_test_middleware_works_0,scrapy,15,b7925e42202d79d2ba9d00b6aded3a451c92fe81,tests/test_spidermiddleware_httperror.py:test_middleware_works,tests/test_spidermiddleware_httperror.py,test_middleware_works,6,1,0,1,0,4,10,0,0,0,1,0.0,0.00022231013027361376,0
scrapy_16_73a5571c6044_scrapy/utils/url.py_parse_url_1,scrapy,16,73a5571c6044d5aea47b4f973e325c2f3d4e25dc,scrapy/utils/url.py:parse_url,scrapy/utils/url.py,parse_url,7,2,1,2,2,3,6,3,0,0,4,0.0,0.0008313142175777891,1
scrapy_16_73a5571c6044_scrapy/utils/url.py_canonicalize_url_1,scrapy,16,73a5571c6044d5aea47b4f973e325c2f3d4e25dc,scrapy/utils/url.py:canonicalize_url,scrapy/utils/url.py,canonicalize_url,30,2,0,4,1,8,6,0,2,0,3,0.0,0.00023707484397599937,1
scrapy_16_73a5571c6044_scrapy/utils/url.py__unquotepath_1,scrapy,16,73a5571c6044d5aea47b4f973e325c2f3d4e25dc,scrapy/utils/url.py:_unquotepath,scrapy/utils/url.py,_unquotepath,4,2,1,1,1,3,6,1,0,0,2,0.0,0.0003559227186963573,1
scrapy_16_73a5571c6044_tests/test_loader.py_test_get_value_0,scrapy,16,73a5571c6044d5aea47b4f973e325c2f3d4e25dc,tests/test_loader.py:test_get_value,tests/test_loader.py,test_get_value,10,1,0,1,0,16,8,0,0,0,1,0.0,0.0002161690732420569,0
scrapy_16_73a5571c6044_scrapy/core/downloader/webclient.py_timeout_0,scrapy,16,73a5571c6044d5aea47b4f973e325c2f3d4e25dc,scrapy/core/downloader/webclient.py:timeout,scrapy/core/downloader/webclient.py,timeout,10,2,1,1,0,5,9,0,0,0,1,0.0,0.0002251900565039636,0
scrapy_16_73a5571c6044_scrapy/commands/__init__.py_long_desc_0,scrapy,16,73a5571c6044d5aea47b4f973e325c2f3d4e25dc,scrapy/commands/__init__.py:long_desc,scrapy/commands/__init__.py,long_desc,6,1,0,1,1,1,5,1,1,0,3,0.0,0.0004708089975927033,0
scrapy_16_73a5571c6044_tests/test_http_request.py__test_request_0,scrapy,16,73a5571c6044d5aea47b4f973e325c2f3d4e25dc,tests/test_http_request.py:_test_request,tests/test_http_request.py,_test_request,9,1,0,2,0,10,9,2,0,0,3,0.0,0.0006914289029644023,0
scrapy_16_73a5571c6044_scrapy/pipelines/files.py_file_key_0,scrapy,16,73a5571c6044d5aea47b4f973e325c2f3d4e25dc,scrapy/pipelines/files.py:file_key,scrapy/pipelines/files.py,file_key,2,1,0,2,1,1,26,1,1,0,3,0.0,0.0004582039199708472,0
scrapy_16_73a5571c6044_tests/test_feedexport.py_get_test_spider_0,scrapy,16,73a5571c6044d5aea47b4f973e325c2f3d4e25dc,tests/test_feedexport.py:get_test_spider,tests/test_feedexport.py,get_test_spider,6,1,0,2,1,2,22,3,0,0,4,0.0,0.0009323349110900932,0
scrapy_16_73a5571c6044_scrapy/utils/datatypes.py___setitem___0,scrapy,16,73a5571c6044d5aea47b4f973e325c2f3d4e25dc,scrapy/utils/datatypes.py:__setitem__,scrapy/utils/datatypes.py,__setitem__,4,2,1,3,0,4,5,3,2,0,6,0.0,0.0006562837111714438,0
scrapy_16_73a5571c6044_scrapy/downloadermiddlewares/robotstxt.py_process_request_2_0,scrapy,16,73a5571c6044d5aea47b4f973e325c2f3d4e25dc,scrapy/downloadermiddlewares/robotstxt.py:process_request_2,scrapy/downloadermiddlewares/robotstxt.py,process_request_2,5,2,1,4,0,3,7,0,0,0,1,0.0,0.00023158955745044437,0
scrapy_16_73a5571c6044_scrapy/xlib/tx/interfaces.py_writeConnectionLost_0,scrapy,16,73a5571c6044d5aea47b4f973e325c2f3d4e25dc,scrapy/xlib/tx/interfaces.py:writeConnectionLost,scrapy/xlib/tx/interfaces.py,writeConnectionLost,4,1,0,1,0,0,2,0,0,0,1,0.0,0.00021457636929631663,0
scrapy_17_ebef6d7c6dd8_scrapy/utils/response.py_response_status_message_1,scrapy,17,ebef6d7c6dd8922210db8a4a44f48fe27ee0cd16,scrapy/utils/response.py:response_status_message,scrapy/utils/response.py,response_status_message,10,1,0,1,1,3,11,0,0,0,1,0.0,0.00023952068602598234,1
scrapy_17_ebef6d7c6dd8_scrapy/commands/shell.py__start_crawler_thread_0,scrapy,17,ebef6d7c6dd8922210db8a4a44f48fe27ee0cd16,scrapy/commands/shell.py:_start_crawler_thread,scrapy/commands/shell.py,_start_crawler_thread,5,1,0,1,0,2,6,1,0,0,2,0.0,0.0004739601595958907,0
scrapy_17_ebef6d7c6dd8_scrapy/spiders/init.py_start_requests_0,scrapy,17,ebef6d7c6dd8922210db8a4a44f48fe27ee0cd16,scrapy/spiders/init.py:start_requests,scrapy/spiders/init.py,start_requests,3,1,0,1,1,4,2,0,1,0,2,0.0,0.00025551918028534617,0
scrapy_17_ebef6d7c6dd8_scrapy/xlib/tx/iweb.py_getRootURL_0,scrapy,17,ebef6d7c6dd8922210db8a4a44f48fe27ee0cd16,scrapy/xlib/tx/iweb.py:getRootURL,scrapy/xlib/tx/iweb.py,getRootURL,4,1,0,0,0,0,2,0,0,0,1,0.0,0.00022123669258670943,0
scrapy_18_41588397c043_scrapy/responsetypes.py_from_content_disposition_1,scrapy,18,41588397c04356f2b0c393b61ed68271a08d6ccd,scrapy/responsetypes.py:from_content_disposition,scrapy/responsetypes.py,from_content_disposition,7,3,1,2,2,5,8,1,1,0,3,0.0,0.00035813479252754465,1
scrapy_18_41588397c043_scrapy/utils/request.py_referer_str_0,scrapy,18,41588397c04356f2b0c393b61ed68271a08d6ccd,scrapy/utils/request.py:referer_str,scrapy/utils/request.py,referer_str,6,2,1,1,2,2,8,0,0,0,1,0.0,0.0002517698033500555,0
scrapy_18_41588397c043_scrapy/extensions/memusage.py__check_limit_0,scrapy,18,41588397c04356f2b0c393b61ed68271a08d6ccd,scrapy/extensions/memusage.py:_check_limit,scrapy/extensions/memusage.py,_check_limit,18,5,3,1,0,8,10,0,2,0,3,0.0,0.00023452142672667888,0
scrapy_18_41588397c043_tests/test_downloadermiddleware_httpcache.py__storage_0,scrapy,18,41588397c04356f2b0c393b61ed68271a08d6ccd,tests/test_downloadermiddleware_httpcache.py:_storage,tests/test_downloadermiddleware_httpcache.py,_storage,3,2,1,2,0,1,14,3,1,0,5,0.0,0.0008270031637396659,0
scrapy_19_e328a9b9dfa4_scrapy/http/cookies.py_get_origin_req_host_1,scrapy,19,e328a9b9dfa4fbc79c59ed4f45f757e998301c31,scrapy/http/cookies.py:get_origin_req_host,scrapy/http/cookies.py,get_origin_req_host,2,1,0,1,1,1,4,0,0,0,1,0.0,0.00022540825619257854,1
scrapy_19_e328a9b9dfa4_tests/test_linkextractors.py_test_restrict_xpaths_with_html_entities_0,scrapy,19,e328a9b9dfa4fbc79c59ed4f45f757e998301c31,tests/test_linkextractors.py:test_restrict_xpaths_with_html_entities,tests/test_linkextractors.py,test_restrict_xpaths_with_html_entities,6,1,0,1,0,5,7,0,0,0,1,0.0,0.00022519248411693746,0
scrapy_19_e328a9b9dfa4_scrapy/xlib/tx/client.py__computeHostValue_0,scrapy,19,e328a9b9dfa4fbc79c59ed4f45f757e998301c31,scrapy/xlib/tx/client.py:_computeHostValue,scrapy/xlib/tx/client.py,_computeHostValue,8,2,1,4,2,0,27,1,0,0,2,0.0,0.0003028740885015431,0
scrapy_19_e328a9b9dfa4_tests/test_squeues.py_test_serialize_request_recursive_0,scrapy,19,e328a9b9dfa4fbc79c59ed4f45f757e998301c31,tests/test_squeues.py:test_serialize_request_recursive,tests/test_squeues.py,test_serialize_request_recursive,9,1,0,1,0,6,7,0,1,0,2,0.0,0.00022775585637555324,0
scrapy_2_f02c3d1dcf3e_scrapy/utils/datatypes.py___setitem___1,scrapy,2,f02c3d1dcf3e4880388d19e961e7911be5dc54ff,scrapy/utils/datatypes.py:__setitem__,scrapy/utils/datatypes.py,__setitem__,4,2,1,3,0,4,5,3,2,0,6,0.0,0.0006269626347725414,1
scrapy_2_f02c3d1dcf3e_tests/test_toplevel.py_test_selector_shortcut_0,scrapy,2,f02c3d1dcf3e4880388d19e961e7911be5dc54ff,tests/test_toplevel.py:test_selector_shortcut,tests/test_toplevel.py,test_selector_shortcut,3,1,0,1,0,1,7,0,0,0,1,0.0,0.0002212491154592367,0
scrapy_2_f02c3d1dcf3e_tests/test_link.py_test_repr_0,scrapy,2,f02c3d1dcf3e4880388d19e961e7911be5dc54ff,tests/test_link.py:test_repr,tests/test_link.py,test_repr,4,1,0,1,0,4,4,0,1,0,2,0.0,0.00023482079949765895,0
scrapy_2_f02c3d1dcf3e_scrapy/cmdline.py__run_command_0,scrapy,2,f02c3d1dcf3e4880388d19e961e7911be5dc54ff,scrapy/cmdline.py:_run_command,scrapy/cmdline.py,_run_command,5,2,1,3,0,2,15,0,1,0,2,0.0,0.00021364897239772022,0
scrapy_20_e328a9b9dfa4_scrapy/spiders/sitemap.py__parse_sitemap_1,scrapy,20,e328a9b9dfa4fbc79c59ed4f45f757e998301c31,scrapy/spiders/sitemap.py:_parse_sitemap,scrapy/spiders/sitemap.py,_parse_sitemap,22,11,6,2,1,13,7,0,2,0,3,0.0,0.00024008075733617055,1
scrapy_20_e328a9b9dfa4_tests/test_utils_url.py_test_protocol_relative_path_0,scrapy,20,e328a9b9dfa4fbc79c59ed4f45f757e998301c31,tests/test_utils_url.py:test_protocol_relative_path,tests/test_utils_url.py,test_protocol_relative_path,3,1,0,1,0,2,4,0,0,0,1,0.0,0.00022231930858340127,0
scrapy_20_e328a9b9dfa4_tests/test_loader.py_test_input_processor_inheritance_0,scrapy,20,e328a9b9dfa4fbc79c59ed4f45f757e998301c31,tests/test_loader.py:test_input_processor_inheritance,tests/test_loader.py,test_input_processor_inheritance,19,1,0,1,0,19,8,0,0,0,1,0.0,0.00022098882813727973,0
scrapy_20_e328a9b9dfa4_scrapy/xlib/tx/client.py_resumeProducing_0,scrapy,20,e328a9b9dfa4fbc79c59ed4f45f757e998301c31,scrapy/xlib/tx/client.py:resumeProducing,scrapy/xlib/tx/client.py,resumeProducing,7,1,0,1,0,1,27,0,0,0,1,0.0,0.00022217533221178707,0
scrapy_21_43a53aca1207_scrapy/downloadermiddlewares/robotstxt.py__robots_error_1,scrapy,21,43a53aca1207a82b663fe7a90c375546ce340a8e,scrapy/downloadermiddlewares/robotstxt.py:_robots_error,scrapy/downloadermiddlewares/robotstxt.py,_robots_error,2,1,0,3,0,2,7,0,0,0,1,0.0,0.0002369091555812779,1
scrapy_21_43a53aca1207_tests/test_utils_url.py_test_port_0,scrapy,21,43a53aca1207a82b663fe7a90c375546ce340a8e,tests/test_utils_url.py:test_port,tests/test_utils_url.py,test_port,3,1,0,1,0,2,4,0,0,0,1,0.0,0.0002225213748849093,0
scrapy_21_43a53aca1207_scrapy/core/downloader/handlers/file.py___init___0,scrapy,21,43a53aca1207a82b663fe7a90c375546ce340a8e,scrapy/core/downloader/handlers/file.py:__init__,scrapy/core/downloader/handlers/file.py,__init__,2,1,0,2,0,0,3,0,0,0,1,0.0,0.0002667311010246601,0
scrapy_21_43a53aca1207_scrapy/extensions/closespider.py_spider_opened_0,scrapy,21,43a53aca1207a82b663fe7a90c375546ce340a8e,scrapy/extensions/closespider.py:spider_opened,scrapy/extensions/closespider.py,spider_opened,4,1,0,2,0,1,4,0,0,0,1,0.0,0.00024250077035191202,0
scrapy_22_a35aec71e96b_scrapy/exporters.py__export_xml_field_1,scrapy,22,a35aec71e96b0c0288c370afa425e8e700dca8b3,scrapy/exporters.py:_export_xml_field,scrapy/exporters.py,_export_xml_field,11,5,3,3,0,8,13,1,1,0,3,5.711021342437076e-06,0.0002760224413538179,1
scrapy_22_a35aec71e96b_scrapy/utils/deprecate.py_update_classpath_0,scrapy,22,a35aec71e96b0c0288c370afa425e8e700dca8b3,scrapy/utils/deprecate.py:update_classpath,scrapy/utils/deprecate.py,update_classpath,9,3,2,1,2,4,3,0,0,0,1,0.0,0.0002589568736463101,0
scrapy_22_a35aec71e96b_scrapy/downloadermiddlewares/ajaxcrawl.py_process_response_0,scrapy,22,a35aec71e96b0c0288c370afa425e8e700dca8b3,scrapy/downloadermiddlewares/ajaxcrawl.py:process_response,scrapy/downloadermiddlewares/ajaxcrawl.py,process_response,23,5,1,4,5,4,8,0,1,0,2,0.0,0.0002454840570351197,0
scrapy_22_a35aec71e96b_scrapy/core/downloader/handlers/http11.py___init___0,scrapy,22,a35aec71e96b0c0288c370afa425e8e700dca8b3,scrapy/core/downloader/handlers/http11.py:__init__,scrapy/core/downloader/handlers/http11.py,__init__,9,1,0,2,0,6,18,0,0,0,1,0.0,0.00022611688315653358,0
scrapy_23_c9e046d11dc6_scrapy/downloadermiddlewares/httpproxy.py__get_proxy_1,scrapy,23,c9e046d11dc63fbdc40effce4e6d15bcecd44593,scrapy/downloadermiddlewares/httpproxy.py:_get_proxy,scrapy/downloadermiddlewares/httpproxy.py,_get_proxy,11,2,1,3,1,6,8,1,0,0,2,0.0,0.0004988205057422674,1
scrapy_23_c9e046d11dc6_scrapy/downloadermiddlewares/httpproxy.py__set_proxy_1,scrapy,23,c9e046d11dc63fbdc40effce4e6d15bcecd44593,scrapy/downloadermiddlewares/httpproxy.py:_set_proxy,scrapy/downloadermiddlewares/httpproxy.py,_set_proxy,5,2,1,3,0,0,8,1,0,0,2,0.0,0.0004988205057422674,1
scrapy_23_c9e046d11dc6_tests/test_loader.py_test_constructor_with_response_0,scrapy,23,c9e046d11dc63fbdc40effce4e6d15bcecd44593,tests/test_loader.py:test_constructor_with_response,tests/test_loader.py,test_constructor_with_response,6,1,0,1,0,5,8,0,0,0,1,0.0,0.00022285507146918384,0
scrapy_23_c9e046d11dc6_scrapy/extensions/memusage.py___init___0,scrapy,23,c9e046d11dc63fbdc40effce4e6d15bcecd44593,scrapy/extensions/memusage.py:__init__,scrapy/extensions/memusage.py,__init__,19,4,1,2,0,10,10,0,0,0,1,0.0,0.00023734640705886628,0
scrapy_23_c9e046d11dc6_scrapy/utils/misc.py_md5sum_0,scrapy,23,c9e046d11dc63fbdc40effce4e6d15bcecd44593,scrapy/utils/misc.py:md5sum,scrapy/utils/misc.py,md5sum,15,3,2,1,1,4,8,0,0,0,1,0.0,0.0002504201119930364,0
scrapy_23_c9e046d11dc6_scrapy/utils/request.py_request_authenticate_0,scrapy,23,c9e046d11dc63fbdc40effce4e6d15bcecd44593,scrapy/utils/request.py:request_authenticate,scrapy/utils/request.py,request_authenticate,5,1,0,3,0,1,8,0,0,0,1,0.0,0.0002547780136377597,0
scrapy_23_c9e046d11dc6_tests/test_squeues.py_test_serialize_item_0,scrapy,23,c9e046d11dc63fbdc40effce4e6d15bcecd44593,tests/test_squeues.py:test_serialize_item,tests/test_squeues.py,test_serialize_item,7,1,0,1,0,6,7,0,1,0,2,0.0,0.0002296765001641532,0
scrapy_23_c9e046d11dc6_scrapy/pipelines/images.py_file_key_0,scrapy,23,c9e046d11dc63fbdc40effce4e6d15bcecd44593,scrapy/pipelines/images.py:file_key,scrapy/pipelines/images.py,file_key,2,1,0,2,1,1,14,1,1,0,3,0.0,0.00035413817113745207,0
scrapy_24_98c060d0b2cc_scrapy/core/downloader/handlers/http11.py_requestTunnel_1,scrapy,24,98c060d0b2cc76934e16abc03a033f21850fd565,scrapy/core/downloader/handlers/http11.py:requestTunnel,scrapy/core/downloader/handlers/http11.py,requestTunnel,12,2,1,2,1,1,18,0,0,0,1,0.0,0.0002274950989664494,1
scrapy_24_98c060d0b2cc_scrapy/xlib/tx/interfaces.py_fileno_0,scrapy,24,98c060d0b2cc76934e16abc03a033f21850fd565,scrapy/xlib/tx/interfaces.py:fileno,scrapy/xlib/tx/interfaces.py,fileno,11,1,0,0,0,0,2,0,0,0,1,0.0,0.00022117562552943865,0
scrapy_24_98c060d0b2cc_scrapy/pipelines/files.py_stat_file_0,scrapy,24,98c060d0b2cc76934e16abc03a033f21850fd565,scrapy/pipelines/files.py:stat_file,scrapy/pipelines/files.py,stat_file,11,4,1,3,2,4,22,0,2,0,3,0.0,0.00022828380299273708,0
scrapy_24_98c060d0b2cc_tests/test_utils_python.py_test_one_with_encoding_0,scrapy,24,98c060d0b2cc76934e16abc03a033f21850fd565,tests/test_utils_python.py:test_one_with_encoding,tests/test_utils_python.py,test_one_with_encoding,2,1,0,1,0,1,6,0,0,0,1,0.0,0.00022800337489450146,0
scrapy_25_57f87b95d4d7_scrapy/http/request/form.py__get_form_1,scrapy,25,57f87b95d4d705f8afdd8fb9f7551033a7d88ee2,scrapy/http/request/form.py:_get_form,scrapy/http/request/form.py,_get_form,41,14,4,5,4,10,6,1,0,0,2,0.0,0.00032297488836659775,1
scrapy_25_57f87b95d4d7_scrapy/http/request/form.py__get_form_url_1,scrapy,25,57f87b95d4d705f8afdd8fb9f7551033a7d88ee2,scrapy/http/request/form.py:_get_form_url,scrapy/http/request/form.py,_get_form_url,4,2,1,2,2,1,6,1,0,0,2,0.0,0.00032297488836659775,1
scrapy_25_57f87b95d4d7_scrapy/utils/engine.py_print_engine_status_0,scrapy,25,57f87b95d4d705f8afdd8fb9f7551033a7d88ee2,scrapy/utils/engine.py:print_engine_status,scrapy/utils/engine.py,print_engine_status,2,1,0,1,0,2,2,0,1,0,2,0.0,0.0003025618240054066,0
scrapy_25_57f87b95d4d7_tests/test_http_request.py_test_copy_0,scrapy,25,57f87b95d4d705f8afdd8fb9f7551033a7d88ee2,tests/test_http_request.py:test_copy,tests/test_http_request.py,test_copy,25,1,0,1,0,6,7,0,0,0,1,0.0,0.00022431174395417383,0
scrapy_25_57f87b95d4d7_tests/test_exporters.py__get_exporter_0,scrapy,25,57f87b95d4d705f8afdd8fb9f7551033a7d88ee2,tests/test_exporters.py:_get_exporter,tests/test_exporters.py,_get_exporter,2,1,0,2,1,1,10,7,0,0,8,0.0,0.001655035918063902,0
scrapy_25_57f87b95d4d7_scrapy/utils/datatypes.py_appendlist_0,scrapy,25,57f87b95d4d705f8afdd8fb9f7551033a7d88ee2,scrapy/utils/datatypes.py:appendlist,scrapy/utils/datatypes.py,appendlist,4,1,0,3,0,3,3,0,3,0,4,0.0,0.00022856446569608865,0
scrapy_25_57f87b95d4d7_scrapy/commands/bench.py___exit___0,scrapy,25,57f87b95d4d705f8afdd8fb9f7551033a7d88ee2,scrapy/commands/bench.py:__exit__,scrapy/commands/bench.py,__exit__,4,1,0,4,0,3,8,0,0,0,1,0.0,0.0002397523952017415,0
scrapy_25_57f87b95d4d7_scrapy/core/scraper.py__itemproc_finished_0,scrapy,25,57f87b95d4d705f8afdd8fb9f7551033a7d88ee2,scrapy/core/scraper.py:_itemproc_finished,scrapy/core/scraper.py,_itemproc_finished,22,3,2,5,2,12,14,0,0,0,1,0.0,0.00022881139792626436,0
scrapy_26_f249b309ab77_scrapy/settings/__init__.py__getcomposite_1,scrapy,26,f249b309ab779b5ab518f54f309d7a4ac6661ec7,scrapy/settings/__init__.py:_getcomposite,scrapy/settings/__init__.py,_getcomposite,13,2,1,2,2,3,8,0,1,0,2,0.0,0.0002280507093242231,1
scrapy_26_f249b309ab77_scrapy/settings/__init__.py_getbool_1,scrapy,26,f249b309ab779b5ab518f54f309d7a4ac6661ec7,scrapy/settings/__init__.py:getbool,scrapy/settings/__init__.py,getbool,17,1,0,3,1,3,8,0,1,0,2,0.0,0.0002280507093242231,1
scrapy_26_f249b309ab77_tests/test_utils_reqser.py_test_unserializable_callback2_0,scrapy,26,f249b309ab779b5ab518f54f309d7a4ac6661ec7,tests/test_utils_reqser.py:test_unserializable_callback2,tests/test_utils_reqser.py,test_unserializable_callback2,3,1,0,1,0,2,4,0,0,0,1,0.0,0.00023621191540209585,0
scrapy_26_f249b309ab77_tests/test_downloadermiddleware_ajaxcrawlable.py_test_binary_response_0,scrapy,26,f249b309ab779b5ab518f54f309d7a4ac6661ec7,tests/test_downloadermiddleware_ajaxcrawlable.py:test_binary_response,tests/test_downloadermiddleware_ajaxcrawlable.py,test_binary_response,5,1,0,1,0,4,5,0,0,0,1,0.0,0.0002406634823536628,0
scrapy_26_f249b309ab77_scrapy/utils/python.py_stringify_dict_0,scrapy,26,f249b309ab779b5ab518f54f309d7a4ac6661ec7,scrapy/utils/python.py:stringify_dict,scrapy/utils/python.py,stringify_dict,12,5,2,3,1,6,8,0,0,0,1,0.0,0.00023199220089592298,0
scrapy_26_f249b309ab77_scrapy/spiderloader.py_find_by_request_0,scrapy,26,f249b309ab779b5ab518f54f309d7a4ac6661ec7,scrapy/spiderloader.py:find_by_request,scrapy/spiderloader.py,find_by_request,6,1,0,2,1,2,5,0,0,0,1,0.0,0.0002463392302169106,0
scrapy_26_f249b309ab77_extras/qps-bench-server.py___init___0,scrapy,26,f249b309ab779b5ab518f54f309d7a4ac6661ec7,extras/qps-bench-server.py:__init__,extras/qps-bench-server.py,__init__,5,1,0,1,0,3,6,0,1,0,2,0.0,0.0002627358351551822,0
scrapy_26_f249b309ab77_scrapy/xlib/tx/interfaces.py_callLater_0,scrapy,26,f249b309ab779b5ab518f54f309d7a4ac6661ec7,scrapy/xlib/tx/interfaces.py:callLater,scrapy/xlib/tx/interfaces.py,callLater,18,1,0,4,0,0,2,0,0,0,1,0.0,0.00022305955849973892,0
scrapy_27_280eab241680_scrapy/downloadermiddlewares/redirect.py_process_response_1,scrapy,27,280eab241680c93a763a3ef3a9ccd0c257259ca0,scrapy/downloadermiddlewares/redirect.py:process_response,scrapy/downloadermiddlewares/redirect.py,process_response,12,4,2,4,3,6,5,0,2,0,3,0.0,0.0002519259443314655,1
scrapy_27_280eab241680_scrapy/downloadermiddlewares/stats.py_process_request_0,scrapy,27,280eab241680c93a763a3ef3a9ccd0c257259ca0,scrapy/downloadermiddlewares/stats.py:process_request,scrapy/downloadermiddlewares/stats.py,process_request,5,1,0,3,0,5,3,0,0,0,1,0.0,0.00025706563818711265,0
scrapy_27_280eab241680_tests/test_webclient.py_setUp_0,scrapy,27,280eab241680c93a763a3ef3a9ccd0c257259ca0,tests/test_webclient.py:setUp,tests/test_webclient.py,setUp,16,1,0,1,0,24,12,0,1,0,2,0.0,0.00023788356647585804,0
scrapy_27_280eab241680_scrapy/utils/log.py_filter_0,scrapy,27,280eab241680c93a763a3ef3a9ccd0c257259ca0,scrapy/utils/log.py:filter,scrapy/utils/log.py,filter,4,2,1,2,1,3,9,0,0,0,1,0.0,0.0002457583117046889,0
scrapy_28_e2f31f3018c0_scrapy/dupefilters.py___init___1,scrapy,28,e2f31f3018c0037f65982209c22f93b80a5d6e7b,scrapy/dupefilters.py:__init__,scrapy/dupefilters.py,__init__,9,2,1,3,0,6,5,0,1,0,2,0.0,0.0002471297976453538,1
scrapy_28_e2f31f3018c0_scrapy/extensions/throttle.py__adjust_delay_0,scrapy,28,e2f31f3018c0037f65982209c22f93b80a5d6e7b,scrapy/extensions/throttle.py:_adjust_delay,scrapy/extensions/throttle.py,_adjust_delay,26,2,1,4,1,3,3,1,0,0,2,0.0,0.00036987484341092743,0
scrapy_28_e2f31f3018c0_tests/test_downloadermiddleware_httpproxy.py_test_enviroment_proxies_0,scrapy,28,e2f31f3018c0037f65982209c22f93b80a5d6e7b,tests/test_downloadermiddleware_httpproxy.py:test_enviroment_proxies,tests/test_downloadermiddleware_httpproxy.py,test_enviroment_proxies,12,2,1,1,0,7,7,0,0,0,1,0.0,0.00024227394968100142,0
scrapy_28_e2f31f3018c0_tests/test_middleware.py_test_enabled_0,scrapy,28,e2f31f3018c0037f65982209c22f93b80a5d6e7b,tests/test_middleware.py:test_enabled,tests/test_middleware.py,test_enabled,4,1,0,1,0,5,5,0,0,0,1,0.0,0.00023758848234697722,0
scrapy_29_5c4666a3d489_scrapy/utils/request.py_request_httprepr_1,scrapy,29,5c4666a3d489bd3efa2e188de58721a125a5bfad,scrapy/utils/request.py:request_httprepr,scrapy/utils/request.py,request_httprepr,15,2,1,1,1,6,9,0,0,0,1,0.0,0.00026685653241765027,1
scrapy_29_5c4666a3d489_tests/test_downloadermiddleware_decompression.py_test_plain_response_0,scrapy,29,5c4666a3d489bd3efa2e188de58721a125a5bfad,tests/test_downloadermiddleware_decompression.py:test_plain_response,tests/test_downloadermiddleware_decompression.py,test_plain_response,5,1,0,1,0,3,6,0,0,0,1,0.0,0.00024601093696934734,0
scrapy_29_5c4666a3d489_tests/test_pipeline_media.py__mocked_download_func_0,scrapy,29,5c4666a3d489bd3efa2e188de58721a125a5bfad,tests/test_pipeline_media.py:_mocked_download_func,tests/test_pipeline_media.py,_mocked_download_func,3,2,0,2,1,3,13,0,0,0,1,0.0,0.0002325226105027984,0
scrapy_29_5c4666a3d489_scrapy/crawler.py_stop_0,scrapy,29,5c4666a3d489bd3efa2e188de58721a125a5bfad,scrapy/crawler.py:stop,scrapy/crawler.py,stop,4,2,1,1,0,1,17,3,0,0,4,0.0,0.0009839450158392708,0
scrapy_3_be2e910dd06b_scrapy/downloadermiddlewares/redirect.py_process_response_1,scrapy,3,be2e910dd06ba4904e7b10eb5a7e3251e8dab099,scrapy/downloadermiddlewares/redirect.py:process_response,scrapy/downloadermiddlewares/redirect.py,process_response,12,3,1,4,3,5,6,0,2,0,3,0.0,0.00022293431758115082,1
scrapy_3_be2e910dd06b_scrapy/core/downloader/webclient.py_handleResponse_0,scrapy,3,be2e910dd06ba4904e7b10eb5a7e3251e8dab099,scrapy/core/downloader/webclient.py:handleResponse,scrapy/core/downloader/webclient.py,handleResponse,8,3,2,2,0,5,9,0,0,0,1,0.0,0.00021360937060535909,0
scrapy_3_be2e910dd06b_scrapy/commands/parse.py_run_0,scrapy,3,be2e910dd06ba4904e7b10eb5a7e3251e8dab099,scrapy/commands/parse.py:run,scrapy/commands/parse.py,run,13,3,1,3,0,6,11,0,3,0,4,0.0,0.0002106545520163222,0
scrapy_3_be2e910dd06b_tests/test_utils_python.py_test_binaryistext_0,scrapy,3,be2e910dd06ba4904e7b10eb5a7e3251e8dab099,tests/test_utils_python.py:test_binaryistext,tests/test_utils_python.py,test_binaryistext,2,1,0,1,0,1,8,0,0,0,1,0.0,0.00020933543657478788,0
scrapy_30_4d41cc0dc482_scrapy/utils/testproc.py___init___1,scrapy,30,4d41cc0dc4821da07d467b368528c61ce48a0df2,scrapy/utils/testproc.py:__init__,scrapy/utils/testproc.py,__init__,5,1,0,1,0,1,4,0,0,0,1,0.0,0.0002566914273148911,1
scrapy_30_4d41cc0dc482_scrapy/cmdline.py__iter_command_classes_1,scrapy,30,4d41cc0dc4821da07d467b368528c61ce48a0df2,scrapy/cmdline.py:_iter_command_classes,scrapy/cmdline.py,_iter_command_classes,9,4,3,1,0,5,18,1,0,0,2,0.0,0.0004882138065846202,1
scrapy_30_4d41cc0dc482_scrapy/extensions/httpcache.py__request_key_0,scrapy,30,4d41cc0dc4821da07d467b368528c61ce48a0df2,scrapy/extensions/httpcache.py:_request_key,scrapy/extensions/httpcache.py,_request_key,2,1,0,2,1,1,15,2,0,0,3,0.0,0.0006091894642210553,0
scrapy_30_4d41cc0dc482_tests/test_logformatter.py___str___0,scrapy,30,4d41cc0dc4821da07d467b368528c61ce48a0df2,tests/test_logformatter.py:__str__,tests/test_logformatter.py,__str__,2,1,0,1,1,0,5,0,0,0,1,0.0,0.00024815866149413947,0
scrapy_30_4d41cc0dc482_scrapy/resolver.py__cache_result_0,scrapy,30,4d41cc0dc4821da07d467b368528c61ce48a0df2,scrapy/resolver.py:_cache_result,scrapy/resolver.py,_cache_result,3,1,0,3,1,0,3,0,0,0,1,0.0,0.00027546351212054485,0
scrapy_30_4d41cc0dc482_scrapy/xlib/tx/_newclient.py_lineReceived_0,scrapy,30,4d41cc0dc4821da07d467b368528c61ce48a0df2,scrapy/xlib/tx/_newclient.py:lineReceived,scrapy/xlib/tx/_newclient.py,lineReceived,28,7,4,2,0,7,15,0,3,0,4,0.0,0.00022861352269105013,0
scrapy_30_4d41cc0dc482_tests/test_selector_csstranslator.py_setUp_0,scrapy,30,4d41cc0dc4821da07d467b368528c61ce48a0df2,tests/test_selector_csstranslator.py:setUp,tests/test_selector_csstranslator.py,setUp,3,1,0,1,0,2,6,0,0,0,1,0.0,0.00024104802331017971,0
scrapy_30_4d41cc0dc482_tests/test_pipeline_files.py_test_file_not_expired_0,scrapy,30,4d41cc0dc4821da07d467b368528c61ce48a0df2,tests/test_pipeline_files.py:test_file_not_expired,tests/test_pipeline_files.py,test_file_not_expired,18,3,1,1,0,10,13,0,2,0,3,0.0,0.0002350313294622138,0
scrapy_31_5f02ef82e856_scrapy/http/cookies.py_get_header_1,scrapy,31,5f02ef82e8560242eb34b336f385addfdef3211d,scrapy/http/cookies.py:get_header,scrapy/http/cookies.py,get_header,2,1,0,3,1,2,4,0,0,0,1,0.0,0.00023340161099915855,1
scrapy_31_5f02ef82e856_scrapy/http/cookies.py_get_all_1,scrapy,31,5f02ef82e8560242eb34b336f385addfdef3211d,scrapy/http/cookies.py:get_all,scrapy/http/cookies.py,get_all,2,1,0,3,1,2,4,0,0,0,1,0.0,0.00023340161099915855,1
scrapy_31_5f02ef82e856_scrapy/http/cookies.py_header_items_1,scrapy,31,5f02ef82e8560242eb34b336f385addfdef3211d,scrapy/http/cookies.py:header_items,scrapy/http/cookies.py,header_items,5,1,0,1,1,3,4,0,0,0,1,0.0,0.00023340161099915855,1
scrapy_31_5f02ef82e856_scrapy/extensions/httpcache.py___init___0,scrapy,31,5f02ef82e8560242eb34b336f385addfdef3211d,scrapy/extensions/httpcache.py:__init__,scrapy/extensions/httpcache.py,__init__,5,1,0,2,0,3,15,0,0,0,1,0.0,0.00023416164569250688,0
scrapy_31_5f02ef82e856_tests/test_downloadermiddleware_httpcache.py__get_settings_0,scrapy,31,5f02ef82e8560242eb34b336f385addfdef3211d,tests/test_downloadermiddleware_httpcache.py:_get_settings,tests/test_downloadermiddleware_httpcache.py,_get_settings,11,1,0,2,1,2,14,1,0,0,2,0.0,0.0004828829990907561,0
scrapy_31_5f02ef82e856_scrapy/downloadermiddlewares/redirect.py_process_response_0,scrapy,31,5f02ef82e8560242eb34b336f385addfdef3211d,scrapy/downloadermiddlewares/redirect.py:process_response,scrapy/downloadermiddlewares/redirect.py,process_response,12,4,2,4,3,6,5,0,2,0,3,0.0,0.0002486023048661257,0
scrapy_31_5f02ef82e856_scrapy/signalmanager.py_connect_0,scrapy,31,5f02ef82e8560242eb34b336f385addfdef3211d,scrapy/signalmanager.py:connect,scrapy/signalmanager.py,connect,16,1,0,4,1,2,3,0,0,0,1,0.0,0.00025715269516629467,0
scrapy_31_5f02ef82e856_scrapy/xlib/tx/client.py_connectionLost_0,scrapy,31,5f02ef82e8560242eb34b336f385addfdef3211d,scrapy/xlib/tx/client.py:connectionLost,scrapy/xlib/tx/client.py,connectionLost,13,3,2,2,0,8,27,0,1,0,2,0.0,0.00023005230557084376,0
scrapy_31_5f02ef82e856_scrapy/xlib/tx/iweb.py_setETag_0,scrapy,31,5f02ef82e8560242eb34b336f385addfdef3211d,scrapy/xlib/tx/iweb.py:setETag,scrapy/xlib/tx/iweb.py,setETag,20,1,0,1,0,0,2,0,0,0,1,0.0,0.00023177296522769778,0
scrapy_31_5f02ef82e856_scrapy/shell.py_print_help_0,scrapy,31,5f02ef82e8560242eb34b336f385addfdef3211d,scrapy/shell.py:print_help,scrapy/shell.py,print_help,10,4,2,1,0,9,15,1,2,0,4,0.0,0.00048751755847084767,0
scrapy_31_5f02ef82e856_scrapy/xlib/tx/interfaces.py_joinGroup_0,scrapy,31,5f02ef82e8560242eb34b336f385addfdef3211d,scrapy/xlib/tx/interfaces.py:joinGroup,scrapy/xlib/tx/interfaces.py,joinGroup,7,1,0,2,0,0,2,0,0,0,1,0.0,0.00022714250175981913,0
scrapy_31_5f02ef82e856_scrapy/pipelines/media.py_media_to_download_0,scrapy,31,5f02ef82e8560242eb34b336f385addfdef3211d,scrapy/pipelines/media.py:media_to_download,scrapy/pipelines/media.py,media_to_download,3,1,0,3,0,0,9,0,0,0,1,0.0,0.00023973523344372817,0
scrapy_32_342cb622f1ea_scrapy/crawler.py___init___1,scrapy,32,342cb622f1ea93268477da557099010bbd72529a,scrapy/crawler.py:__init__,scrapy/crawler.py,__init__,5,1,0,2,0,5,17,0,1,0,2,0.0,0.00023728857898615914,1
scrapy_32_342cb622f1ea_scrapy/utils/datatypes.py_lists_0,scrapy,32,342cb622f1ea93268477da557099010bbd72529a,scrapy/utils/datatypes.py:lists,scrapy/utils/datatypes.py,lists,3,1,0,1,1,1,3,1,1,0,3,0.0,0.0002865812091798046,0
scrapy_32_342cb622f1ea_scrapy/core/downloader/handlers/ftp.py_dataReceived_0,scrapy,32,342cb622f1ea93268477da557099010bbd72529a,scrapy/core/downloader/handlers/ftp.py:dataReceived,scrapy/core/downloader/handlers/ftp.py,dataReceived,3,1,0,2,0,2,8,0,0,0,1,0.0,0.0002490389079953714,0
scrapy_32_342cb622f1ea_scrapy/xlib/tx/interfaces.py_setTcpKeepAlive_0,scrapy,32,342cb622f1ea93268477da557099010bbd72529a,scrapy/xlib/tx/interfaces.py:setTcpKeepAlive,scrapy/xlib/tx/interfaces.py,setTcpKeepAlive,8,1,0,1,0,0,2,0,0,0,1,0.0,0.00022924557303332936,0
scrapy_33_2d216771976c_scrapy/core/engine.py__next_request_from_scheduler_1,scrapy,33,2d216771976cd7aedfb88ae97418c2d4dcc84917,scrapy/core/engine.py:_next_request_from_scheduler,scrapy/core/engine.py,_next_request_from_scheduler,16,2,1,2,2,13,11,1,3,0,5,0.0,0.00027777827399932064,1
scrapy_33_2d216771976c_scrapy/core/engine.py_close_spider_1,scrapy,33,2d216771976cd7aedfb88ae97418c2d4dcc84917,scrapy/core/engine.py:close_spider,scrapy/core/engine.py,close_spider,46,2,1,3,3,35,11,2,1,0,4,0.0,0.0005741520536366986,1
scrapy_33_2d216771976c_scrapy/log.py_err_1,scrapy,33,2d216771976cd7aedfb88ae97418c2d4dcc84917,scrapy/log.py:err,scrapy/log.py,err,9,2,0,3,0,6,4,0,0,0,1,0.0,0.00031285925199721435,1
scrapy_33_2d216771976c_scrapy/extensions/feedexport.py_close_spider_1,scrapy,33,2d216771976cd7aedfb88ae97418c2d4dcc84917,scrapy/extensions/feedexport.py:close_spider,scrapy/extensions/feedexport.py,close_spider,15,2,1,2,2,6,18,0,0,0,1,0.0,0.000237253695967271,1
scrapy_33_2d216771976c_scrapy/pipelines/media.py_item_completed_1,scrapy,33,2d216771976cd7aedfb88ae97418c2d4dcc84917,scrapy/pipelines/media.py:item_completed,scrapy/pipelines/media.py,item_completed,11,4,3,4,1,1,8,0,0,0,1,0.0,0.00024312424502371367,1
scrapy_33_2d216771976c_scrapy/utils/log.py_filter_1,scrapy,33,2d216771976cd7aedfb88ae97418c2d4dcc84917,scrapy/utils/log.py:filter,scrapy/utils/log.py,filter,4,2,1,2,1,3,10,0,0,0,1,0.0,0.0002463263626908642,1
scrapy_33_2d216771976c_scrapy/core/engine.py__handle_downloader_output_1,scrapy,33,2d216771976cd7aedfb88ae97418c2d4dcc84917,scrapy/core/engine.py:_handle_downloader_output,scrapy/core/engine.py,_handle_downloader_output,11,2,1,4,2,6,11,0,1,0,2,0.0,0.00023543916262255238,1
scrapy_33_2d216771976c_scrapy/utils/signal.py_send_catch_log_deferred_1,scrapy,33,2d216771976cd7aedfb88ae97418c2d4dcc84917,scrapy/utils/signal.py:send_catch_log_deferred,scrapy/utils/signal.py,send_catch_log_deferred,24,3,1,4,2,12,5,0,0,0,1,0.0,0.00027898796289579973,1
scrapy_33_2d216771976c_scrapy/core/scraper.py_enqueue_scrape_1,scrapy,33,2d216771976cd7aedfb88ae97418c2d4dcc84917,scrapy/core/scraper.py:enqueue_scrape,scrapy/core/scraper.py,enqueue_scrape,15,1,0,4,2,8,13,0,4,0,5,0.0,0.00023664885151903145,1
scrapy_33_2d216771976c_scrapy/pipelines/files.py_media_to_download_1,scrapy,33,2d216771976cd7aedfb88ae97418c2d4dcc84917,scrapy/pipelines/files.py:media_to_download,scrapy/pipelines/files.py,media_to_download,36,4,1,3,5,11,19,0,2,0,3,0.0,0.0002379515934075474,1
scrapy_33_2d216771976c_scrapy/downloadermiddlewares/robotstxt.py__logerror_1,scrapy,33,2d216771976cd7aedfb88ae97418c2d4dcc84917,scrapy/downloadermiddlewares/robotstxt.py:_logerror,scrapy/downloadermiddlewares/robotstxt.py,_logerror,5,2,1,4,0,1,5,0,0,0,1,0.0,0.00025358449606973873,1
scrapy_33_2d216771976c_scrapy/pipelines/media.py__process_request_1,scrapy,33,2d216771976cd7aedfb88ae97418c2d4dcc84917,scrapy/pipelines/media.py:_process_request,scrapy/pipelines/media.py,_process_request,28,3,1,3,3,13,8,1,0,0,2,0.0,0.00037014157915401846,1
scrapy_33_2d216771976c_scrapy/core/scraper.py_handle_spider_error_1,scrapy,33,2d216771976cd7aedfb88ae97418c2d4dcc84917,scrapy/core/scraper.py:handle_spider_error,scrapy/core/scraper.py,handle_spider_error,20,2,1,5,1,6,13,0,1,0,2,0.0,0.00023664885151903145,1
scrapy_33_2d216771976c_scrapy/core/scraper.py__log_download_errors_1,scrapy,33,2d216771976cd7aedfb88ae97418c2d4dcc84917,scrapy/core/scraper.py:_log_download_errors,scrapy/core/scraper.py,_log_download_errors,19,5,3,5,1,5,13,0,0,0,1,0.0,0.00023664885151903145,1
scrapy_33_2d216771976c_scrapy/core/scraper.py__itemproc_finished_1,scrapy,33,2d216771976cd7aedfb88ae97418c2d4dcc84917,scrapy/core/scraper.py:_itemproc_finished,scrapy/core/scraper.py,_itemproc_finished,21,3,2,5,2,11,13,0,0,0,1,0.0,0.00023664885151903145,1
scrapy_33_2d216771976c_tests/test_proxy_connect.py_test_https_connect_tunnel_error_0,scrapy,33,2d216771976cd7aedfb88ae97418c2d4dcc84917,tests/test_proxy_connect.py:test_https_connect_tunnel_error,tests/test_proxy_connect.py,test_https_connect_tunnel_error,5,2,1,1,0,4,13,0,1,0,2,0.0,0.00024312424502371367,0
scrapy_33_2d216771976c_tests/test_command_shell.py_test_request_replace_0,scrapy,33,2d216771976cd7aedfb88ae97418c2d4dcc84917,tests/test_command_shell.py:test_request_replace,tests/test_command_shell.py,test_request_replace,5,1,0,1,0,4,4,0,0,0,1,0.0,0.00025127508999464235,0
scrapy_33_2d216771976c_tests/test_utils_reqser.py_test_utf8_body_0,scrapy,33,2d216771976cd7aedfb88ae97418c2d4dcc84917,tests/test_utils_reqser.py:test_utf8_body,tests/test_utils_reqser.py,test_utf8_body,3,1,0,1,0,2,4,0,1,0,2,0.0,0.00024312424502371367,0
scrapy_33_2d216771976c_scrapy/extensions/spiderstate.py_from_crawler_0,scrapy,33,2d216771976cd7aedfb88ae97418c2d4dcc84917,scrapy/extensions/spiderstate.py:from_crawler,scrapy/extensions/spiderstate.py,from_crawler,5,1,0,2,1,4,4,0,0,0,1,0.0,0.000259935362776254,0
scrapy_33_2d216771976c_scrapy/spiders/sitemap.py__parse_sitemap_0,scrapy,33,2d216771976cd7aedfb88ae97418c2d4dcc84917,scrapy/spiders/sitemap.py:_parse_sitemap,scrapy/spiders/sitemap.py,_parse_sitemap,22,11,6,2,1,13,6,0,2,0,3,0.0,0.00025127508999464235,0
scrapy_33_2d216771976c_scrapy/http/cookies.py___init___0,scrapy,33,2d216771976cd7aedfb88ae97418c2d4dcc84917,scrapy/http/cookies.py:__init__,scrapy/http/cookies.py,__init__,2,1,0,2,0,0,3,0,0,0,1,0.0,0.000236375695961762,0
scrapy_33_2d216771976c_scrapy/http/response/text.py_selector_0,scrapy,33,2d216771976cd7aedfb88ae97418c2d4dcc84917,scrapy/http/response/text.py:selector,scrapy/http/response/text.py,selector,5,2,1,1,1,1,6,0,0,0,1,0.0,0.00024088276265670828,0
scrapy_33_2d216771976c_tests/test_crawl.py_test_timeout_failure_0,scrapy,33,2d216771976cd7aedfb88ae97418c2d4dcc84917,tests/test_crawl.py:test_timeout_failure,tests/test_crawl.py,test_timeout_failure,13,1,0,1,0,11,13,0,0,0,1,0.0,0.00023758972066073743,0
scrapy_33_2d216771976c_scrapy/middleware.py__get_mwlist_from_settings_0,scrapy,33,2d216771976cd7aedfb88ae97418c2d4dcc84917,scrapy/middleware.py:_get_mwlist_from_settings,scrapy/middleware.py,_get_mwlist_from_settings,2,1,0,2,0,0,5,1,0,0,2,0.0,0.00037334369682116906,0
scrapy_33_2d216771976c_scrapy/http/response/__init__.py___str___0,scrapy,33,2d216771976cd7aedfb88ae97418c2d4dcc84917,scrapy/http/response/__init__.py:__str__,scrapy/http/response/__init__.py,__str__,2,1,0,1,1,0,5,0,0,0,1,0.0,0.0002463263626908642,0
scrapy_33_2d216771976c_scrapy/xlib/tx/interfaces.py_spawnProcess_0,scrapy,33,2d216771976cd7aedfb88ae97418c2d4dcc84917,scrapy/xlib/tx/interfaces.py:spawnProcess,scrapy/xlib/tx/interfaces.py,spawnProcess,83,1,0,9,0,0,2,0,0,0,1,0.0,0.00022953950340549926,0
scrapy_33_2d216771976c_tests/test_crawl.py__test_delay_0,scrapy,33,2d216771976cd7aedfb88ae97418c2d4dcc84917,tests/test_crawl.py:_test_delay,tests/test_crawl.py,_test_delay,10,2,0,3,0,4,13,1,0,0,2,0.0,0.000491624388921347,0
scrapy_33_2d216771976c_scrapy/utils/datatypes.py___init___0,scrapy,33,2d216771976cd7aedfb88ae97418c2d4dcc84917,scrapy/utils/datatypes.py:__init__,scrapy/utils/datatypes.py,__init__,5,1,0,2,0,0,3,0,1,0,2,0.0,0.00023611961262682185,0
scrapy_33_2d216771976c_scrapy/utils/project.py_project_data_dir_0,scrapy,33,2d216771976cd7aedfb88ae97418c2d4dcc84917,scrapy/utils/project.py:project_data_dir,scrapy/utils/project.py,project_data_dir,15,5,2,1,1,12,8,1,1,0,3,0.0,0.0005185063643986602,0
scrapy_33_2d216771976c_scrapy/http/cookies.py_add_cookie_header_0,scrapy,33,2d216771976cd7aedfb88ae97418c2d4dcc84917,scrapy/http/cookies.py:add_cookie_header,scrapy/http/cookies.py,add_cookie_header,31,9,2,2,1,12,3,0,3,0,4,0.0,0.000236375695961762,0
scrapy_33_2d216771976c_scrapy/downloadermiddlewares/decompression.py__is_gzip_0,scrapy,33,2d216771976cd7aedfb88ae97418c2d4dcc84917,scrapy/downloadermiddlewares/decompression.py:_is_gzip,scrapy/downloadermiddlewares/decompression.py,_is_gzip,9,3,1,2,2,5,10,0,0,0,1,0.0,0.000259935362776254,0
scrapy_33_2d216771976c_scrapy/xlib/tx/_newclient.py_request_0,scrapy,33,2d216771976cd7aedfb88ae97418c2d4dcc84917,scrapy/xlib/tx/_newclient.py:request,scrapy/xlib/tx/_newclient.py,request,63,5,1,2,2,19,15,0,1,0,2,0.0,0.00023143788396496768,0
scrapy_33_2d216771976c_scrapy/statscollectors.py_close_spider_0,scrapy,33,2d216771976cd7aedfb88ae97418c2d4dcc84917,scrapy/statscollectors.py:close_spider,scrapy/statscollectors.py,close_spider,5,2,1,3,0,3,2,0,1,0,2,0.0,0.0002451166737943851,0
scrapy_33_2d216771976c_tests/test_exporters.py__get_exporter_0,scrapy,33,2d216771976cd7aedfb88ae97418c2d4dcc84917,tests/test_exporters.py:_get_exporter,tests/test_exporters.py,_get_exporter,2,1,0,2,1,1,10,7,0,0,8,0.0,0.0017154549203722824,0
scrapy_33_2d216771976c_scrapy/settings/__init__.py___len___0,scrapy,33,2d216771976cd7aedfb88ae97418c2d4dcc84917,scrapy/settings/__init__.py:__len__,scrapy/settings/__init__.py,__len__,2,1,0,1,1,1,8,0,0,0,1,0.0,0.00023664885151903145,0
scrapy_33_2d216771976c_scrapy/pipelines/files.py_from_settings_0,scrapy,33,2d216771976cd7aedfb88ae97418c2d4dcc84917,scrapy/pipelines/files.py:from_settings,scrapy/pipelines/files.py,from_settings,10,1,0,2,1,4,19,0,0,0,1,0.0,0.0002379515934075474,0
scrapy_33_2d216771976c_tests/test_downloader_handlers.py_test_request_signing5_0,scrapy,33,2d216771976cd7aedfb88ae97418c2d4dcc84917,tests/test_downloader_handlers.py:test_request_signing5,tests/test_downloader_handlers.py,test_request_signing5,11,1,0,1,0,3,29,0,1,0,2,0.0,0.00023166095620615193,0
scrapy_33_2d216771976c_scrapy/xlib/tx/interfaces.py_getTcpNoDelay_0,scrapy,33,2d216771976cd7aedfb88ae97418c2d4dcc84917,scrapy/xlib/tx/interfaces.py:getTcpNoDelay,scrapy/xlib/tx/interfaces.py,getTcpNoDelay,4,1,0,0,0,0,2,0,0,0,1,0.0,0.00022953950340549926,0
scrapy_33_2d216771976c_scrapy/xlib/tx/client.py_deliverBody_0,scrapy,33,2d216771976cd7aedfb88ae97418c2d4dcc84917,scrapy/xlib/tx/client.py:deliverBody,scrapy/xlib/tx/client.py,deliverBody,6,1,0,2,0,2,27,1,0,0,2,0.0,0.0004865213698476876,0
scrapy_33_2d216771976c_scrapy/spidermiddlewares/offsite.py_should_follow_0,scrapy,33,2d216771976cd7aedfb88ae97418c2d4dcc84917,scrapy/spidermiddlewares/offsite.py:should_follow,scrapy/spidermiddlewares/offsite.py,should_follow,5,1,0,3,1,3,5,1,0,0,2,0.0,0.0005076191643303483,0
scrapy_33_2d216771976c_scrapy/settings/__init__.py___setitem___0,scrapy,33,2d216771976cd7aedfb88ae97418c2d4dcc84917,scrapy/settings/__init__.py:__setitem__,scrapy/settings/__init__.py,__setitem__,3,1,0,3,0,1,8,0,1,0,2,0.0,0.00023664885151903145,0
scrapy_33_2d216771976c_scrapy/mail.py_send_0,scrapy,33,2d216771976cd7aedfb88ae97418c2d4dcc84917,scrapy/mail.py:send,scrapy/mail.py,send,42,7,2,8,2,26,13,0,1,0,2,0.0,0.0002644716961380506,0
scrapy_33_2d216771976c_scrapy/loader/__init__.py_get_collected_values_0,scrapy,33,2d216771976cd7aedfb88ae97418c2d4dcc84917,scrapy/loader/__init__.py:get_collected_values,scrapy/loader/__init__.py,get_collected_values,2,1,0,2,1,0,10,0,0,0,1,0.0,0.00023664885151903145,0
scrapy_33_2d216771976c_tests/test_commands.py_tearDown_0,scrapy,33,2d216771976cd7aedfb88ae97418c2d4dcc84917,tests/test_commands.py:tearDown,tests/test_commands.py,tearDown,2,1,0,1,0,1,14,0,0,0,1,0.0,0.00023587904949399932,0
scrapy_33_2d216771976c_scrapy/xlib/tx/interfaces.py_lookupNamingAuthorityPointer_0,scrapy,33,2d216771976cd7aedfb88ae97418c2d4dcc84917,scrapy/xlib/tx/interfaces.py:lookupNamingAuthorityPointer,scrapy/xlib/tx/interfaces.py,lookupNamingAuthorityPointer,20,1,0,2,0,0,2,0,0,0,1,0.0,0.00022953950340549926,0
scrapy_33_2d216771976c_scrapy/utils/test.py_assert_aws_environ_0,scrapy,33,2d216771976cd7aedfb88ae97418c2d4dcc84917,scrapy/utils/test.py:assert_aws_environ,scrapy/utils/test.py,assert_aws_environ,11,4,1,0,0,3,7,0,0,0,1,0.0,0.000259935362776254,0
scrapy_33_2d216771976c_scrapy/core/engine.py_add_request_0,scrapy,33,2d216771976cd7aedfb88ae97418c2d4dcc84917,scrapy/core/engine.py:add_request,scrapy/core/engine.py,add_request,2,1,0,2,0,1,11,2,0,0,3,0.0,0.000489473830883162,0
scrapy_33_2d216771976c_scrapy/utils/test.py_get_pythonpath_0,scrapy,33,2d216771976cd7aedfb88ae97418c2d4dcc84917,scrapy/utils/test.py:get_pythonpath,scrapy/utils/test.py,get_pythonpath,5,1,0,0,1,3,7,1,0,0,2,0.0,0.0005139700310368637,0
scrapy_33_2d216771976c_scrapy/xlib/tx/interfaces.py_sendFileDescriptor_0,scrapy,33,2d216771976cd7aedfb88ae97418c2d4dcc84917,scrapy/xlib/tx/interfaces.py:sendFileDescriptor,scrapy/xlib/tx/interfaces.py,sendFileDescriptor,20,1,0,1,0,0,2,0,0,0,1,0.0,0.00022953950340549926,0
scrapy_33_2d216771976c_tests/test_settings/__init__.py_test_set_new_attribute_0,scrapy,33,2d216771976cd7aedfb88ae97418c2d4dcc84917,tests/test_settings/__init__.py:test_set_new_attribute,tests/test_settings/__init__.py,test_set_new_attribute,9,1,0,1,0,5,5,0,0,0,1,0.0,0.0002379515934075474,0
scrapy_33_2d216771976c_tests/test_http_response.py_test_bom_is_removed_from_body_0,scrapy,33,2d216771976cd7aedfb88ae97418c2d4dcc84917,tests/test_http_response.py:test_bom_is_removed_from_body,tests/test_http_response.py,test_bom_is_removed_from_body,26,1,0,1,0,16,4,0,0,0,1,0.0,0.00023587904949399932,0
scrapy_33_2d216771976c_tests/test_commands.py_test_arguments_0,scrapy,33,2d216771976cd7aedfb88ae97418c2d4dcc84917,tests/test_commands.py:test_arguments,tests/test_commands.py,test_arguments,7,1,0,1,0,8,14,0,1,0,2,0.0,0.00023587904949399932,0
scrapy_33_2d216771976c_tests/test_loader.py_test_replace_xpath_re_0,scrapy,33,2d216771976cd7aedfb88ae97418c2d4dcc84917,tests/test_loader.py:test_replace_xpath_re,tests/test_loader.py,test_replace_xpath_re,7,1,0,1,0,8,7,0,0,0,1,0.0,0.00023156815815381928,0
scrapy_33_2d216771976c_scrapy/xlib/tx/interfaces.py_listenUDP_0,scrapy,33,2d216771976cd7aedfb88ae97418c2d4dcc84917,scrapy/xlib/tx/interfaces.py:listenUDP,scrapy/xlib/tx/interfaces.py,listenUDP,6,1,0,4,0,0,2,0,0,0,1,0.0,0.00022953950340549926,0
scrapy_33_2d216771976c_scrapy/responsetypes.py___init___0,scrapy,33,2d216771976cd7aedfb88ae97418c2d4dcc84917,scrapy/responsetypes.py:__init__,scrapy/responsetypes.py,__init__,7,2,1,1,0,7,7,0,0,0,1,0.0,0.00024935058493206195,0
scrapy_33_2d216771976c_scrapy/downloadermiddlewares/redirect.py__redirect_0,scrapy,33,2d216771976cd7aedfb88ae97418c2d4dcc84917,scrapy/downloadermiddlewares/redirect.py:_redirect,scrapy/downloadermiddlewares/redirect.py,_redirect,19,2,1,5,1,6,5,1,0,0,2,0.0,0.00037829242412494715,0
scrapy_33_2d216771976c_scrapy/utils/iterators.py_xmliter_lxml_0,scrapy,33,2d216771976cd7aedfb88ae97418c2d4dcc84917,scrapy/utils/iterators.py:xmliter_lxml,scrapy/utils/iterators.py,xmliter_lxml,13,5,2,4,0,7,10,0,0,0,1,0.0,0.00024935058493206195,0
scrapy_33_2d216771976c_scrapy/http/response/__init__.py__set_url_0,scrapy,33,2d216771976cd7aedfb88ae97418c2d4dcc84917,scrapy/http/response/__init__.py:_set_url,scrapy/http/response/__init__.py,_set_url,6,2,1,2,0,4,5,1,0,0,2,0.0,0.00037334369682116906,0
scrapy_33_2d216771976c_tests/test_spider.py_test_follow_links_attribute_population_0,scrapy,33,2d216771976cd7aedfb88ae97418c2d4dcc84917,tests/test_spider.py:test_follow_links_attribute_population,tests/test_spider.py,test_follow_links_attribute_population,11,1,0,1,0,10,17,0,0,0,1,0.0,0.00023316210117035644,0
scrapy_33_2d216771976c_scrapy/utils/misc.py_walk_modules_0,scrapy,33,2d216771976cd7aedfb88ae97418c2d4dcc84917,scrapy/utils/misc.py:walk_modules,scrapy/utils/misc.py,walk_modules,20,4,3,1,1,7,8,0,0,0,1,0.0,0.0002644716961380506,0
scrapy_33_2d216771976c_scrapy/statscollectors.py_clear_stats_0,scrapy,33,2d216771976cd7aedfb88ae97418c2d4dcc84917,scrapy/statscollectors.py:clear_stats,scrapy/statscollectors.py,clear_stats,2,1,0,2,0,1,2,0,0,0,1,0.0,0.0002451166737943851,0
scrapy_33_2d216771976c_scrapy/downloadermiddlewares/decompression.py_process_response_0,scrapy,33,2d216771976cd7aedfb88ae97418c2d4dcc84917,scrapy/downloadermiddlewares/decompression.py:process_response,scrapy/downloadermiddlewares/decompression.py,process_response,11,4,2,4,3,3,10,0,0,0,1,0.0,0.000259935362776254,0
scrapy_33_2d216771976c_tests/test_toplevel.py_test_spider_shortcut_0,scrapy,33,2d216771976cd7aedfb88ae97418c2d4dcc84917,tests/test_toplevel.py:test_spider_shortcut,tests/test_toplevel.py,test_spider_shortcut,3,1,0,1,0,1,7,0,0,0,1,0.0,0.000247722157571417,0
scrapy_33_2d216771976c_tests/test_downloadermiddleware_httpcompression.py__getresponse_0,scrapy,33,2d216771976cd7aedfb88ae97418c2d4dcc84917,tests/test_downloadermiddleware_httpcompression.py:_getresponse,tests/test_downloadermiddleware_httpcompression.py,_getresponse,20,3,1,2,1,7,9,5,0,0,6,0.0,0.0015142315373130142,0
scrapy_33_2d216771976c_scrapy/xlib/tx/interfaces.py_childDataReceived_0,scrapy,33,2d216771976cd7aedfb88ae97418c2d4dcc84917,scrapy/xlib/tx/interfaces.py:childDataReceived,scrapy/xlib/tx/interfaces.py,childDataReceived,11,1,0,2,0,0,2,0,0,0,1,0.0,0.00022953950340549926,0
scrapy_33_2d216771976c_scrapy/xlib/tx/endpoints.py___init___0,scrapy,33,2d216771976cd7aedfb88ae97418c2d4dcc84917,scrapy/xlib/tx/endpoints.py:__init__,scrapy/xlib/tx/endpoints.py,__init__,14,1,0,5,0,1,19,0,0,0,1,0.0,0.0002333654102285882,0
scrapy_33_2d216771976c_tests/test_downloadermiddleware_httpcompression.py_test_process_response_force_recalculate_encoding_0,scrapy,33,2d216771976cd7aedfb88ae97418c2d4dcc84917,tests/test_downloadermiddleware_httpcompression.py:test_process_response_force_recalculate_encoding,tests/test_downloadermiddleware_httpcompression.py,test_process_response_force_recalculate_encoding,17,1,0,1,0,12,9,0,0,0,1,0.0,0.00024405819600996592,0
scrapy_33_2d216771976c_tests/test_utils_deprecate.py_test_clsdict_0,scrapy,33,2d216771976cd7aedfb88ae97418c2d4dcc84917,tests/test_utils_deprecate.py:test_clsdict,tests/test_utils_deprecate.py,test_clsdict,5,2,1,1,0,3,6,0,0,0,1,0.0,0.00023523754780647253,0
scrapy_33_2d216771976c_tests/test_http_response.py_test_replace_encoding_0,scrapy,33,2d216771976cd7aedfb88ae97418c2d4dcc84917,tests/test_http_response.py:test_replace_encoding,tests/test_http_response.py,test_replace_encoding,10,1,0,1,0,6,4,0,1,0,2,0.0,0.00023587904949399932,0
scrapy_34_e521740b3951_scrapy/item.py___new___1,scrapy,34,e521740b3951bacc80d3c9c1db8652ed5e914b89,scrapy/item.py:__new__,scrapy/item.py,__new__,16,4,3,4,1,9,5,0,0,0,1,0.0,0.00024318974077332752,1
scrapy_34_e521740b3951_scrapy/downloadermiddlewares/httpauth.py_spider_opened_0,scrapy,34,e521740b3951bacc80d3c9c1db8652ed5e914b89,scrapy/downloadermiddlewares/httpauth.py:spider_opened,scrapy/downloadermiddlewares/httpauth.py,spider_opened,5,2,1,2,0,3,2,0,0,0,1,0.0,0.0002799936309944839,0
scrapy_34_e521740b3951_scrapy/xlib/tx/_newclient.py__disconnectParser_0,scrapy,34,e521740b3951bacc80d3c9c1db8652ed5e914b89,scrapy/xlib/tx/_newclient.py:_disconnectParser,scrapy/xlib/tx/_newclient.py,_disconnectParser,21,2,1,2,0,2,15,5,2,0,8,0.0,0.001378883749668775,0
scrapy_34_e521740b3951_tests/test_selector_csstranslator.py_x_0,scrapy,34,e521740b3951bacc80d3c9c1db8652ed5e914b89,tests/test_selector_csstranslator.py:x,tests/test_selector_csstranslator.py,x,2,1,0,3,1,4,6,2,0,0,3,0.0,0.0007545514847115102,0
scrapy_35_0a5bbbaed3e1_scrapy/crawler.py__get_spider_loader_1,scrapy,35,0a5bbbaed3e182d2151b6b34357667901ece353f,scrapy/crawler.py:_get_spider_loader,scrapy/crawler.py,_get_spider_loader,13,2,1,1,1,8,15,2,0,0,3,0.0,0.0007607668205374901,1
scrapy_35_0a5bbbaed3e1_scrapy/core/downloader/webclient.py_lineReceived_0,scrapy,35,0a5bbbaed3e182d2151b6b34357667901ece353f,scrapy/core/downloader/webclient.py:lineReceived,scrapy/core/downloader/webclient.py,lineReceived,2,1,0,2,1,2,8,0,0,0,1,0.0,0.0002473278011187025,0
scrapy_35_0a5bbbaed3e1_scrapy/utils/datatypes.py___contains___0,scrapy,35,0a5bbbaed3e182d2151b6b34357667901ece353f,scrapy/utils/datatypes.py:__contains__,scrapy/utils/datatypes.py,__contains__,2,1,0,2,1,2,3,0,1,0,2,0.0,0.00024179190647804968,0
scrapy_35_0a5bbbaed3e1_scrapy/spiderloader.py_list_0,scrapy,35,0a5bbbaed3e182d2151b6b34357667901ece353f,scrapy/spiderloader.py:list,scrapy/spiderloader.py,list,5,1,0,1,1,2,5,0,0,0,1,0.0,0.00025959193693799484,0
scrapy_36_cb8140a42a27_scrapy/utils/misc.py_create_instance_1,scrapy,36,cb8140a42a27ede87b0880372024f2f1804618b8,scrapy/utils/misc.py:create_instance,scrapy/utils/misc.py,create_instance,23,5,2,5,3,6,14,0,0,0,1,0.0,0.00020702596868429532,1
scrapy_36_cb8140a42a27_tests/test_utils_gz.py_test_gunzip_no_gzip_file_raises_0,scrapy,36,cb8140a42a27ede87b0880372024f2f1804618b8,tests/test_utils_gz.py:test_gunzip_no_gzip_file_raises,tests/test_utils_gz.py,test_gunzip_no_gzip_file_raises,3,2,1,1,0,4,6,0,0,0,1,0.0,0.000203932449788354,0
scrapy_36_cb8140a42a27_tests/test_downloader_handlers.py_render_0,scrapy,36,cb8140a42a27ede87b0880372024f2f1804618b8,tests/test_downloader_handlers.py:render,tests/test_downloader_handlers.py,render,7,1,0,2,1,4,42,0,1,0,2,0.0,0.00019234486205948914,0
scrapy_36_cb8140a42a27_docs/conftest.py_load_response_0,scrapy,36,cb8140a42a27ede87b0880372024f2f1804618b8,docs/conftest.py:load_response,docs/conftest.py,load_response,4,2,1,2,1,5,7,0,0,0,1,0.0,0.00026202186016769627,0
scrapy_37_1d5c270ce8ca_scrapy/http/request/__init__.py__set_url_1,scrapy,37,1d5c270ce8caf954ce83c8db262e2a35707e0c5e,scrapy/http/request/__init__.py:_set_url,scrapy/http/request/__init__.py,_set_url,9,3,1,2,0,6,8,1,0,0,2,0.0,0.00033009883061988887,1
scrapy_37_1d5c270ce8ca_tests/test_http_response.py_test_bom_is_removed_from_body_0,scrapy,37,1d5c270ce8caf954ce83c8db262e2a35707e0c5e,tests/test_http_response.py:test_bom_is_removed_from_body,tests/test_http_response.py,test_bom_is_removed_from_body,26,1,0,1,0,12,9,0,0,0,1,0.0,0.00020759391620240464,0
scrapy_37_1d5c270ce8ca_tests/test_linkextractors.py_test_ftp_links_0,scrapy,37,1d5c270ce8caf954ce83c8db262e2a35707e0c5e,tests/test_linkextractors.py:test_ftp_links,tests/test_linkextractors.py,test_ftp_links,10,1,0,1,0,5,7,0,0,0,1,0.0,0.0002092211162041549,0
scrapy_37_1d5c270ce8ca_tests/test_utils_python.py_test_utf_16_strings_contain_null_bytes_0,scrapy,37,1d5c270ce8caf954ce83c8db262e2a35707e0c5e,tests/test_utils_python.py:test_utf_16_strings_contain_null_bytes,tests/test_utils_python.py,test_utf_16_strings_contain_null_bytes,2,1,0,1,0,2,8,0,0,0,1,0.0,0.00021035434477680243,0
scrapy_38_6cc6bbb5fc5c_scrapy/http/request/form.py__get_clickable_1,scrapy,38,6cc6bbb5fc5c102271829a554772effb0444023c,scrapy/http/request/form.py:_get_clickable,scrapy/http/request/form.py,_get_clickable,45,8,2,2,4,16,9,1,0,0,2,0.0,0.0003616917155052643,1
scrapy_38_6cc6bbb5fc5c_tests/test_utils_misc/__init__.py_test_load_object_0,scrapy,38,6cc6bbb5fc5c102271829a554772effb0444023c,tests/test_utils_misc/__init__.py:test_load_object,tests/test_utils_misc/__init__.py,test_load_object,5,1,0,1,0,3,5,0,0,0,1,0.0,0.0002348272589034517,0
scrapy_38_6cc6bbb5fc5c_scrapy/linkextractors/lxmlhtml.py__iter_links_0,scrapy,38,6cc6bbb5fc5c102271829a554772effb0444023c,scrapy/linkextractors/lxmlhtml.py:_iter_links,scrapy/linkextractors/lxmlhtml.py,_iter_links,9,5,3,2,0,4,10,1,1,0,3,0.0,0.0003833459957749533,0
scrapy_38_6cc6bbb5fc5c_tests/test_downloadermiddleware_cookies.py_test_setting_enabled_cookies_debug_0,scrapy,38,6cc6bbb5fc5c102271829a554772effb0444023c,tests/test_downloadermiddleware_cookies.py:test_setting_enabled_cookies_debug,tests/test_downloadermiddleware_cookies.py,test_setting_enabled_cookies_debug,23,2,1,1,0,9,9,0,0,0,1,0.0,0.00022076954212670675,0
scrapy_39_692975acb40c_scrapy/spiders/__init__.py_start_requests_1,scrapy,39,692975acb40c6394424dfb728b1ffa46b3b3c55d,scrapy/spiders/__init__.py:start_requests,scrapy/spiders/__init__.py,start_requests,12,4,2,1,0,3,11,0,1,0,2,0.0,0.0002951462356414494,1
scrapy_39_692975acb40c_tests/test_http_headers.py_assertSortedEqual_0,scrapy,39,692975acb40c6394424dfb728b1ffa46b3b3c55d,tests/test_http_headers.py:assertSortedEqual,tests/test_http_headers.py,assertSortedEqual,2,1,0,4,1,3,3,1,0,0,2,0.0,0.00044407407698927984,0
scrapy_39_692975acb40c_scrapy/commands/startproject.py_run_0,scrapy,39,692975acb40c6394424dfb728b1ffa46b3b3c55d,scrapy/commands/startproject.py:run,scrapy/commands/startproject.py,run,33,6,1,3,2,25,11,0,2,0,3,0.0,0.00024559586809875015,0
scrapy_39_692975acb40c_tests/test_command_version.py_test_verbose_output_0,scrapy,39,692975acb40c6394424dfb728b1ffa46b3b3c55d,tests/test_command_version.py:test_verbose_output,tests/test_command_version.py,test_verbose_output,9,1,0,1,0,8,5,0,0,0,1,0.0,0.0002669014170607999,0
scrapy_4_c8f3d07e86dd_scrapy/contracts/__init__.py__clean_req_1,scrapy,4,c8f3d07e86dd41074971b5423fb932c2eda6db1e,scrapy/contracts/__init__.py:_clean_req,scrapy/contracts/__init__.py,_clean_req,21,3,1,4,0,10,7,1,1,0,3,0.0,0.00028329652889243836,1
scrapy_4_c8f3d07e86dd_tests/test_utils_log.py_setUp_0,scrapy,4,c8f3d07e86dd41074971b5423fb932c2eda6db1e,tests/test_utils_log.py:setUp,tests/test_utils_log.py,setUp,5,1,0,1,0,3,9,0,0,0,1,0.0,0.00023133376807253248,0
scrapy_4_c8f3d07e86dd_scrapy/utils/url.py_parse_url_0,scrapy,4,c8f3d07e86dd41074971b5423fb932c2eda6db1e,scrapy/utils/url.py:parse_url,scrapy/utils/url.py,parse_url,7,2,1,2,2,3,6,2,0,0,3,0.0,0.000741006824390383,0
scrapy_4_c8f3d07e86dd_tests/test_settings/__init__.py_test_get_settings_priority_0,scrapy,4,c8f3d07e86dd41074971b5423fb932c2eda6db1e,tests/test_settings/__init__.py:test_get_settings_priority,tests/test_settings/__init__.py,test_get_settings_priority,4,2,1,1,0,5,5,0,0,0,1,0.0,0.00022481806138665086,0
scrapy_4_c8f3d07e86dd_scrapy/downloadermiddlewares/decompression.py__is_bzip2_0,scrapy,4,c8f3d07e86dd41074971b5423fb932c2eda6db1e,scrapy/downloadermiddlewares/decompression.py:_is_bzip2,scrapy/downloadermiddlewares/decompression.py,_is_bzip2,8,3,1,2,2,3,10,0,0,0,1,0.0,0.00024925196145870695,0
scrapy_4_c8f3d07e86dd_scrapy/utils/reactor.py___call___0,scrapy,4,c8f3d07e86dd41074971b5423fb932c2eda6db1e,scrapy/utils/reactor.py:__call__,scrapy/utils/reactor.py,__call__,3,1,0,1,1,1,1,0,0,0,1,0.0,0.0002595684970446861,0
scrapy_4_c8f3d07e86dd_tests/test_linkextractors.py_test_encoded_url_0,scrapy,4,c8f3d07e86dd41074971b5423fb932c2eda6db1e,tests/test_linkextractors.py:test_encoded_url,tests/test_linkextractors.py,test_encoded_url,7,1,0,1,0,5,7,0,0,0,1,0.0,0.00022499416156735038,0
scrapy_40_7d24df37380c_scrapy/exporters.py__serialize_value_1,scrapy,40,7d24df37380cd5a5b7394cd2534e240bd2eff0ca,scrapy/exporters.py:_serialize_value,scrapy/exporters.py,_serialize_value,11,5,1,2,5,9,13,1,2,0,4,0.0,0.00047106870578956356,1
scrapy_40_7d24df37380c_scrapy/xlib/tx/client.py___init___0,scrapy,40,7d24df37380cd5a5b7394cd2534e240bd2eff0ca,scrapy/xlib/tx/client.py:__init__,scrapy/xlib/tx/client.py,__init__,3,1,0,3,0,0,27,0,1,0,2,0.0,0.0002230496263214673,0
scrapy_40_7d24df37380c_tests/test_webclient.py_test_earlyHeaders_0,scrapy,40,7d24df37380cd5a5b7394cd2534e240bd2eff0ca,tests/test_webclient.py:test_earlyHeaders,tests/test_webclient.py,test_earlyHeaders,89,1,0,1,0,19,14,0,1,0,2,0.0,0.00022629642154359513,0
scrapy_40_7d24df37380c_tests/test_command_shell.py_test_response_type_html_0,scrapy,40,7d24df37380cd5a5b7394cd2534e240bd2eff0ca,tests/test_command_shell.py:test_response_type_html,tests/test_command_shell.py,test_response_type_html,3,1,0,1,0,2,4,0,0,0,1,0.0,0.00024103187678248288,0
scrapy_5_426da0ed0763_scrapy/http/response/__init__.py_follow_1,scrapy,5,426da0ed07637e7efbcfb0fe49546e187d5d7f67,scrapy/http/response/__init__.py:follow,scrapy/http/response/__init__.py,follow,27,2,1,12,1,3,7,0,1,0,2,0.0,0.00022251672956815588,1
scrapy_5_426da0ed0763_tests/spiders.py_start_requests_0,scrapy,5,426da0ed07637e7efbcfb0fe49546e187d5d7f67,tests/spiders.py:start_requests,tests/spiders.py,start_requests,5,3,2,1,0,3,6,0,0,0,1,0.0,0.00022329988355927928,0
scrapy_5_426da0ed0763_tests/test_downloader_handlers.py_render_0,scrapy,5,426da0ed07637e7efbcfb0fe49546e187d5d7f67,tests/test_downloader_handlers.py:render,tests/test_downloader_handlers.py,render,7,1,0,2,1,4,41,0,1,0,2,0.0,0.00021380141781386538,0
scrapy_5_426da0ed0763_scrapy/utils/python.py_memoizemethod_noargs_0,scrapy,5,426da0ed07637e7efbcfb0fe49546e187d5d7f67,scrapy/utils/python.py:memoizemethod_noargs,scrapy/utils/python.py,memoizemethod_noargs,11,2,1,1,2,3,10,0,0,0,1,0.0,0.00025459981508863465,0
scrapy_6_8aa2e4f9976d_scrapy/pipelines/images.py_convert_image_1,scrapy,6,8aa2e4f9976d31bbe3a0014b4f1f96ace1b87043,scrapy/pipelines/images.py:convert_image,scrapy/pipelines/images.py,convert_image,15,4,2,3,1,8,16,1,0,0,2,0.0,0.0003618419298954397,1
scrapy_6_8aa2e4f9976d_tests/test_responsetypes.py_test_custom_mime_types_loaded_0,scrapy,6,8aa2e4f9976d31bbe3a0014b4f1f96ace1b87043,tests/test_responsetypes.py:test_custom_mime_types_loaded,tests/test_responsetypes.py,test_custom_mime_types_loaded,3,1,0,1,0,2,3,0,0,0,1,0.0,0.00023240101399752127,0
scrapy_6_8aa2e4f9976d_scrapy/downloadermiddlewares/httpcache.py_spider_closed_0,scrapy,6,8aa2e4f9976d31bbe3a0014b4f1f96ace1b87043,scrapy/downloadermiddlewares/httpcache.py:spider_closed,scrapy/downloadermiddlewares/httpcache.py,spider_closed,2,1,0,2,0,1,7,0,0,0,1,0.0,0.00023855058470954285,0
scrapy_6_8aa2e4f9976d_scrapy/http/response/__init__.py___str___0,scrapy,6,8aa2e4f9976d31bbe3a0014b4f1f96ace1b87043,scrapy/http/response/__init__.py:__str__,scrapy/http/response/__init__.py,__str__,2,1,0,1,1,0,7,0,0,0,1,0.0,0.00022446859062788554,0
scrapy_7_e1ceaf3b5fa2_scrapy/http/request/form.py__get_form_url_1,scrapy,7,e1ceaf3b5fa29326f032c4ed3f50943384b9e63d,scrapy/http/request/form.py:_get_form_url,scrapy/http/request/form.py,_get_form_url,4,2,1,2,2,2,8,1,0,0,2,0.0,0.00031569837063441574,1
scrapy_7_e1ceaf3b5fa2_tests/test_feedexport.py_test_store_file_uri_makedirs_0,scrapy,7,e1ceaf3b5fa29326f032c4ed3f50943384b9e63d,tests/test_feedexport.py:test_store_file_uri_makedirs,tests/test_feedexport.py,test_store_file_uri_makedirs,5,1,0,1,1,6,22,0,1,0,2,0.0,0.00023218396578467165,0
scrapy_7_e1ceaf3b5fa2_tests/test_downloadermiddleware_robotstxt.py_test_robotstxt_immediate_error_0,scrapy,7,e1ceaf3b5fa29326f032c4ed3f50943384b9e63d,tests/test_downloadermiddleware_robotstxt.py:test_robotstxt_immediate_error,tests/test_downloadermiddleware_robotstxt.py,test_robotstxt_immediate_error,11,1,0,1,2,8,11,0,1,0,2,0.0,0.00023662015566434165,0
scrapy_7_e1ceaf3b5fa2_scrapy/http/cookies.py_has_header_0,scrapy,7,e1ceaf3b5fa29326f032c4ed3f50943384b9e63d,scrapy/http/cookies.py:has_header,scrapy/http/cookies.py,has_header,2,1,0,2,1,0,4,1,0,0,2,0.0,0.0003008982169705338,0
scrapy_8_f2f9350c47db_scrapy/item.py___new___1,scrapy,8,f2f9350c47db73bdfb60773601b59b0633e1595a,scrapy/item.py:__new__,scrapy/item.py,__new__,16,4,3,4,1,10,5,0,0,0,1,0.0,0.0002582874259572098,1
scrapy_8_f2f9350c47db_tests/test_settings/__init__.py_test_set_equal_priority_0,scrapy,8,f2f9350c47db73bdfb60773601b59b0633e1595a,tests/test_settings/__init__.py:test_set_equal_priority,tests/test_settings/__init__.py,test_set_equal_priority,4,1,0,1,0,3,5,0,0,0,1,0.0,0.00023313441185828925,0
scrapy_8_f2f9350c47db_tests/test_utils_iterators.py_test_xmliter_unusual_node_0,scrapy,8,f2f9350c47db73bdfb60773601b59b0633e1595a,tests/test_utils_iterators.py:test_xmliter_unusual_node,tests/test_utils_iterators.py,test_xmliter_unusual_node,11,1,0,1,0,5,6,0,0,0,1,0.0,0.0002354644885978351,0
scrapy_8_f2f9350c47db_scrapy/utils/url.py_url_is_from_spider_0,scrapy,8,f2f9350c47db73bdfb60773601b59b0633e1595a,scrapy/utils/url.py:url_is_from_spider,scrapy/utils/url.py,url_is_from_spider,4,1,0,2,1,3,6,0,1,0,2,0.0,0.00026218027315336265,0
scrapy_9_a9c69458ff16_scrapy/mail.py_send_1,scrapy,9,a9c69458ff1667cc4d20ba25bb6a0dd9a5a08ce6,scrapy/mail.py:send,scrapy/mail.py,send,45,8,2,9,2,27,13,0,1,0,2,0.0,0.00024307348198295025,1
scrapy_9_a9c69458ff16_tests/test_closespider.py_setUp_0,scrapy,9,a9c69458ff1667cc4d20ba25bb6a0dd9a5a08ce6,tests/test_closespider.py:setUp,tests/test_closespider.py,setUp,3,1,0,1,0,2,5,0,0,0,1,0.0,0.0002330269923446239,0
scrapy_9_a9c69458ff16_tests/test_http_response.py_test_replace_0,scrapy,9,a9c69458ff1667cc4d20ba25bb6a0dd9a5a08ce6,tests/test_http_response.py:test_replace,tests/test_http_response.py,test_replace,11,1,0,1,0,11,7,0,1,0,2,0.0,0.00021647983294032164,0
scrapy_9_a9c69458ff16_conftest.py_chdir_0,scrapy,9,a9c69458ff1667cc4d20ba25bb6a0dd9a5a08ce6,conftest.py:chdir,conftest.py,chdir,3,1,0,1,0,1,4,0,0,0,1,0.0,0.0003267942289690034,0
spacy_1_9ce059dd067e_spacy/errors.py_add_codes_1,spacy,1,9ce059dd067ecc3f097d04023e3cfa0d70d35bb8,spacy/errors.py:add_codes,spacy/errors.py,add_codes,9,1,0,1,2,3,1,0,0,0,1,0.0,0.0003259364189240942,1
spacy_1_9ce059dd067e_spacy/lang/ko/__init__.py_check_spaces_0,spacy,1,9ce059dd067ecc3f097d04023e3cfa0d70d35bb8,spacy/lang/ko/__init__.py:check_spaces,spacy/lang/ko/__init__.py,check_spaces,11,4,2,2,0,2,9,1,0,0,2,0.0,0.00047025957026255164,0
spacy_1_9ce059dd067e_spacy/lang/fi/lex_attrs.py_like_num_0,spacy,1,9ce059dd067ecc3f097d04023e3cfa0d70d35bb8,spacy/lang/fi/lex_attrs.py:like_num,spacy/lang/fi/lex_attrs.py,like_num,13,6,2,1,4,8,2,0,0,0,1,0.0,0.000596982337291441,0
spacy_1_9ce059dd067e_spacy/_ml.py_cpu_softmax_0,spacy,1,9ce059dd067ecc3f097d04023e3cfa0d70d35bb8,spacy/_ml.py:cpu_softmax,spacy/_ml.py,cpu_softmax,7,1,0,2,2,2,27,0,0,0,1,0.0,0.00029353734413382817,0
spacy_1_9ce059dd067e_spacy/tests/doc/test_doc_api.py_test_doc_api_sents_empty_string_0,spacy,1,9ce059dd067ecc3f097d04023e3cfa0d70d35bb8,spacy/tests/doc/test_doc_api.py:test_doc_api_sents_empty_string,spacy/tests/doc/test_doc_api.py,test_doc_api_sents_empty_string,5,1,0,1,0,3,7,0,0,0,1,0.0,0.0003093417708607872,0
spacy_1_9ce059dd067e_spacy/tests/regression/test_issue1501-2000.py_test_issue1945_0,spacy,1,9ce059dd067ecc3f097d04023e3cfa0d70d35bb8,spacy/tests/regression/test_issue1501-2000.py:test_issue1945,spacy/tests/regression/test_issue1501-2000.py,test_issue1945,9,1,0,0,0,6,16,0,0,0,1,0.0,0.00029660244507481417,0
spacy_1_9ce059dd067e_spacy/tests/lang/id/test_text.py_test_id_lex_attrs_capitals_0,spacy,1,9ce059dd067ecc3f097d04023e3cfa0d70d35bb8,spacy/tests/lang/id/test_text.py:test_id_lex_attrs_capitals,spacy/tests/lang/id/test_text.py,test_id_lex_attrs_capitals,3,1,0,1,0,3,3,0,0,0,1,0.0,0.00044209895536724287,0
spacy_2_efec28ce70a0_spacy/util.py_load_model_from_path_1,spacy,2,efec28ce70a0ff69471cc379867deebe7eb881e0,spacy/util.py:load_model_from_path,spacy/util.py,load_model_from_path,24,6,2,3,1,13,26,2,3,0,6,0.0,0.0005153148604619291,1
spacy_2_efec28ce70a0_spacy/tests/lang/sr/test_tokenizer.py_test_sr_tokenizer_splits_trailing_dot_0,spacy,2,efec28ce70a0ff69471cc379867deebe7eb881e0,spacy/tests/lang/sr/test_tokenizer.py:test_sr_tokenizer_splits_trailing_dot,spacy/tests/lang/sr/test_tokenizer.py,test_sr_tokenizer_splits_trailing_dot,3,1,0,2,0,1,2,0,0,0,1,0.0,0.00031477301925736845,0
spacy_2_efec28ce70a0_spacy/tests/matcher/test_phrase_matcher.py_test_matcher_phrase_matcher_0,spacy,2,efec28ce70a0ff69471cc379867deebe7eb881e0,spacy/tests/matcher/test_phrase_matcher.py:test_matcher_phrase_matcher,spacy/tests/matcher/test_phrase_matcher.py,test_matcher_phrase_matcher,27,1,0,1,0,26,6,0,0,0,1,0.0,0.00030808090681728247,0
spacy_2_efec28ce70a0_spacy/lang/th/__init__.py___call___0,spacy,2,efec28ce70a0ff69471cc379867deebe7eb881e0,spacy/lang/th/__init__.py:__call__,spacy/lang/th/__init__.py,__call__,4,1,0,2,1,4,12,0,0,0,1,0.0,0.0003354229662153478,0
spacy_3_dac70f29eb3b_bin/wiki_entity_linking/wikipedia_processor.py__process_wp_text_1,spacy,3,dac70f29eb3b1f21ae9e2c6346666bf6a46307b6,bin/wiki_entity_linking/wikipedia_processor.py:_process_wp_text,bin/wiki_entity_linking/wikipedia_processor.py,_process_wp_text,18,4,1,3,4,6,9,1,2,0,4,0.0,0.0004046936692457045,1
spacy_3_dac70f29eb3b_spacy/tests/doc/test_retokenize_merge.py_test_doc_retokenize_merge_hang_0,spacy,3,dac70f29eb3b1f21ae9e2c6346666bf6a46307b6,spacy/tests/doc/test_retokenize_merge.py:test_doc_retokenize_merge_hang,spacy/tests/doc/test_retokenize_merge.py,test_doc_retokenize_merge_hang,6,2,1,1,0,4,6,0,0,0,1,0.0,0.00030092543689156336,0
spacy_3_dac70f29eb3b_spacy/tests/util.py_get_doc_0,spacy,3,dac70f29eb3b1f21ae9e2c6346666bf6a46307b6,spacy/tests/util.py:get_doc,spacy/tests/util.py,get_doc,51,16,6,8,1,16,11,0,0,0,1,0.0,0.0003135608755807811,0
spacy_3_dac70f29eb3b_spacy/tests/util.py_apply_transition_sequence_0,spacy,3,dac70f29eb3b1f21ae9e2c6346666bf6a46307b6,spacy/tests/util.py:apply_transition_sequence,spacy/tests/util.py,apply_transition_sequence,10,5,2,3,0,4,11,0,0,0,1,0.0,0.0003135608755807811,0
spacy_4_abd5c06374ea_spacy/cli/converters/conllu2json.py_read_conllx_1,spacy,4,abd5c06374eab5db0cf897b73543b1f3eb007e12,spacy/cli/converters/conllu2json.py:read_conllx,spacy/cli/converters/conllu2json.py,read_conllx,30,14,4,3,0,13,3,1,0,0,2,0.0,0.00042490926056606775,1
spacy_4_abd5c06374ea_spacy/tests/morphology/test_morph_features.py_test_morphology_tags_hash_independent_of_order_0,spacy,4,abd5c06374eab5db0cf897b73543b1f3eb007e12,spacy/tests/morphology/test_morph_features.py:test_morphology_tags_hash_independent_of_order,spacy/tests/morphology/test_morph_features.py,test_morphology_tags_hash_independent_of_order,4,1,0,1,0,2,6,0,0,0,1,0.0,0.0003245488330244321,0
spacy_4_abd5c06374ea_spacy/util.py_itershuffle_0,spacy,4,abd5c06374eab5db0cf897b73543b1f3eb007e12,spacy/util.py:itershuffle,spacy/util.py,itershuffle,27,8,4,2,0,12,24,0,1,0,2,0.0,0.000298416200922178,0
spacy_4_abd5c06374ea_spacy/tests/lang/da/test_exceptions.py_test_da_tokenizer_handles_ambiguous_abbr_0,spacy,4,abd5c06374eab5db0cf897b73543b1f3eb007e12,spacy/tests/lang/da/test_exceptions.py:test_da_tokenizer_handles_ambiguous_abbr,spacy/tests/lang/da/test_exceptions.py,test_da_tokenizer_handles_ambiguous_abbr,3,1,0,2,0,2,2,0,0,0,1,0.0,0.0003381314472781873,0
spacy_5_bdfb696677a7_spacy/language.py_evaluate_1,spacy,5,bdfb696677a7591ced018e7597c00929e97c6837,spacy/language.py:evaluate,spacy/language.py,evaluate,41,9,2,6,1,17,30,0,3,0,4,0.0,0.00030485218222978474,1
spacy_5_bdfb696677a7_spacy/tests/doc/test_span.py_test_spans_span_sent_0,spacy,5,bdfb696677a7591ced018e7597c00929e97c6837,spacy/tests/doc/test_span.py:test_spans_span_sent,spacy/tests/doc/test_span.py,test_spans_span_sent,11,1,0,2,0,2,8,0,0,0,1,0.0,0.0003123249987607099,0
spacy_5_bdfb696677a7_spacy/tests/regression/test_issue3001-3500.py_test_issue3209_0,spacy,5,bdfb696677a7591ced018e7597c00929e97c6837,spacy/tests/regression/test_issue3001-3500.py:test_issue3209,spacy/tests/regression/test_issue3001-3500.py,test_issue3209,17,1,0,0,0,11,16,0,0,0,1,0.0,0.0003104034173670434,0
spacy_5_bdfb696677a7_spacy/tokens/underscore.py_get_0,spacy,5,bdfb696677a7591ced018e7597c00929e97c6837,spacy/tokens/underscore.py:get,spacy/tokens/underscore.py,get,2,1,0,2,1,1,4,1,1,0,3,0.0,0.0006510473916988263,0
spacy_6_6b874ef09611_spacy/language.py_remove_pipe_1,spacy,6,6b874ef09611ac32ad038203423d44087cbeb3ae,spacy/language.py:remove_pipe,spacy/language.py,remove_pipe,13,3,1,2,1,5,30,1,0,0,2,0.0,0.0004713752210010691,1
spacy_6_6b874ef09611_spacy/tests/regression/test_issue3526.py_test_entity_ruler_from_disk_old_format_safe_0,spacy,6,6b874ef09611ac32ad038203423d44087cbeb3ae,spacy/tests/regression/test_issue3526.py:test_entity_ruler_from_disk_old_format_safe,spacy/tests/regression/test_issue3526.py,test_entity_ruler_from_disk_old_format_safe,11,3,2,2,0,9,8,0,0,0,1,0.0,0.0003348668784297948,0
spacy_6_6b874ef09611_spacy/tests/pipeline/test_textcat.py_test_simple_train_0,spacy,6,6b874ef09611ac32ad038203423d44087cbeb3ae,spacy/tests/pipeline/test_textcat.py:test_simple_train,spacy/tests/pipeline/test_textcat.py,test_simple_train,17,3,2,0,0,9,8,0,0,0,1,0.0,0.00036748391603532056,0
spacy_6_6b874ef09611_spacy/lemmatizer.py_num_0,spacy,6,6b874ef09611ac32ad038203423d44087cbeb3ae,spacy/lemmatizer.py:num,spacy/lemmatizer.py,num,2,1,0,3,1,1,5,0,0,0,1,0.0,0.0003239945325612863,0
spacy_7_da6e0de34f49_spacy/util.py_filter_spans_1,spacy,7,da6e0de34f4947fdebc839df3969c641014cfa97,spacy/util.py:filter_spans,spacy/util.py,filter_spans,20,3,2,1,1,6,23,0,1,0,2,0.0,0.00031972826908934025,1
spacy_7_da6e0de34f49_examples/information_extraction/entity_relations.py_filter_spans_1,spacy,7,da6e0de34f4947fdebc839df3969c641014cfa97,examples/information_extraction/entity_relations.py:filter_spans,examples/information_extraction/entity_relations.py,filter_spans,11,3,2,1,1,5,3,1,0,0,2,0.0,0.0007371289940351718,1
spacy_7_da6e0de34f49_spacy/tests/parser/test_nn_beam.py_moves_0,spacy,7,da6e0de34f4947fdebc839df3969c641014cfa97,spacy/tests/parser/test_nn_beam.py:moves,spacy/tests/parser/test_nn_beam.py,moves,6,1,0,1,1,4,11,0,0,0,1,0.0,0.0003327969439444598,0
spacy_7_da6e0de34f49_examples/keras_parikh_entailment/keras_decomposable_attention.py_test_build_model_0,spacy,7,da6e0de34f4947fdebc839df3969c641014cfa97,examples/keras_parikh_entailment/keras_decomposable_attention.py:test_build_model,examples/keras_parikh_entailment/keras_decomposable_attention.py,test_build_model,5,1,0,0,0,2,3,0,1,0,2,0.0,0.0003623494525889637,0
spacy_7_da6e0de34f49_spacy/displacy/__init__.py_parse_deps_0,spacy,7,da6e0de34f4947fdebc839df3969c641014cfa97,spacy/displacy/__init__.py:parse_deps,spacy/displacy/__init__.py,parse_deps,53,15,3,2,1,18,8,0,1,0,2,0.0,0.0003623494525889637,0
spacy_7_da6e0de34f49_spacy/tests/lang/en/test_exceptions.py_test_en_tokenizer_excludes_ambiguous_0,spacy,7,da6e0de34f4947fdebc839df3969c641014cfa97,spacy/tests/lang/en/test_exceptions.py:test_en_tokenizer_excludes_ambiguous,spacy/tests/lang/en/test_exceptions.py,test_en_tokenizer_excludes_ambiguous,3,1,0,2,0,2,2,0,0,0,1,0.0,0.00033655817231739667,0
spacy_7_da6e0de34f49_spacy/tests/parser/test_nn_beam.py_test_create_beam_0,spacy,7,da6e0de34f4947fdebc839df3969c641014cfa97,spacy/tests/parser/test_nn_beam.py:test_create_beam,spacy/tests/parser/test_nn_beam.py,test_create_beam,2,1,0,1,0,0,11,0,0,0,1,0.0,0.0003327969439444598,0
spacy_7_da6e0de34f49_spacy/tests/morphology/test_morph_features.py_test_add_morphology_with_string_names_0,spacy,7,da6e0de34f4947fdebc839df3969c641014cfa97,spacy/tests/morphology/test_morph_features.py:test_add_morphology_with_string_names,spacy/tests/morphology/test_morph_features.py,test_add_morphology_with_string_names,2,1,0,1,0,1,6,0,0,0,1,0.0,0.00034784185743620726,0
thefuck_1_2ced7a7f33ae_thefuck/rules/pip_unknown_command.py_get_new_command_1,thefuck,1,2ced7a7f33ae0bec3ffc7a43ce95330bdf6cfcb9,thefuck/rules/pip_unknown_command.py:get_new_command,thefuck/rules/pip_unknown_command.py,get_new_command,6,1,0,1,1,3,3,0,0,0,1,0.0,0.0005233537392326791,1
thefuck_1_2ced7a7f33ae_thefuck/shells/fish.py__put_to_history_0,thefuck,1,2ced7a7f33ae0bec3ffc7a43ce95330bdf6cfcb9,thefuck/shells/fish.py:_put_to_history,thefuck/shells/fish.py,_put_to_history,10,4,3,2,0,7,9,1,2,0,4,0.0,0.0008195784111072816,0
thefuck_1_2ced7a7f33ae_tests/shells/test_fish.py_Popen_0,thefuck,1,2ced7a7f33ae0bec3ffc7a43ce95330bdf6cfcb9,tests/shells/test_fish.py:Popen,tests/shells/test_fish.py,Popen,8,1,0,2,1,1,3,0,0,0,1,0.0,0.0004362573535893612,0
thefuck_1_2ced7a7f33ae_tests/rules/test_brew_link.py_new_command_0,thefuck,1,2ced7a7f33ae0bec3ffc7a43ce95330bdf6cfcb9,tests/rules/test_brew_link.py:new_command,tests/rules/test_brew_link.py,new_command,2,1,0,1,1,1,3,0,0,0,1,0.0,0.00046819539439131325,0
thefuck_10_8bd6c5da67e5_thefuck/rules/man.py_get_new_command_1,thefuck,10,8bd6c5da67e55c64257345efa4e3cc454c42475c,thefuck/rules/man.py:get_new_command,thefuck/rules/man.py,get_new_command,19,3,1,1,3,6,1,0,0,0,1,0.0,0.0008363919482772722,1
thefuck_10_8bd6c5da67e5_thefuck/shells/fish.py__get_overridden_aliases_0,thefuck,10,8bd6c5da67e55c64257345efa4e3cc454c42475c,thefuck/shells/fish.py:_get_overridden_aliases,thefuck/shells/fish.py,_get_overridden_aliases,7,2,1,1,1,5,8,1,0,0,2,0.0,0.0018516872808348507,0
thefuck_10_8bd6c5da67e5_thefuck/rules/npm_wrong_command.py_get_new_command_0,thefuck,10,8bd6c5da67e55c64257345efa4e3cc454c42475c,thefuck/rules/npm_wrong_command.py:get_new_command,thefuck/rules/npm_wrong_command.py,get_new_command,5,1,0,1,1,4,3,0,2,0,3,0.0,0.0007131932340138508,0
thefuck_10_8bd6c5da67e5_tests/rules/test_git_not_command.py_git_not_command_0,thefuck,10,8bd6c5da67e55c64257345efa4e3cc454c42475c,tests/rules/test_git_not_command.py:git_not_command,tests/rules/test_git_not_command.py,git_not_command,6,1,0,0,1,0,3,0,0,0,1,0.0,0.0006863491123840005,0
thefuck_11_92f3c8fb52b3_thefuck/rules/git_push.py_get_new_command_1,thefuck,11,92f3c8fb52b32b79005b4864c31a5c2d8c45f4b1,thefuck/rules/git_push.py:get_new_command,thefuck/rules/git_push.py,get_new_command,3,1,0,1,1,4,2,0,0,0,1,0.0,0.0007824925107870254,1
thefuck_11_92f3c8fb52b3_thefuck/rules/git_pull_uncommitted_changes.py_get_new_command_0,thefuck,11,92f3c8fb52b32b79005b4864c31a5c2d8c45f4b1,thefuck/rules/git_pull_uncommitted_changes.py:get_new_command,thefuck/rules/git_pull_uncommitted_changes.py,get_new_command,2,1,0,1,1,1,2,0,0,0,1,0.0,0.0008130809951223345,0
thefuck_11_92f3c8fb52b3_tests/rules/test_history.py_test_not_match_0,thefuck,11,92f3c8fb52b32b79005b4864c31a5c2d8c45f4b1,tests/rules/test_history.py:test_not_match,tests/rules/test_history.py,test_not_match,2,1,0,1,0,2,3,0,0,0,1,0.0,0.0007082007504065724,0
thefuck_11_92f3c8fb52b3_tests/rules/test_git_checkout.py_test_get_new_command_0,thefuck,11,92f3c8fb52b32b79005b4864c31a5c2d8c45f4b1,tests/rules/test_git_checkout.py:test_get_new_command,tests/rules/test_git_checkout.py,test_get_new_command,3,1,0,4,0,2,4,0,2,0,3,0.0,0.0006863491123840005,0
thefuck_12_4c2fc490f280_thefuck/rules/no_command.py_match_1,thefuck,12,4c2fc490f280ca3921785d8f58a37274ced35ce6,thefuck/rules/no_command.py:match,thefuck/rules/no_command.py,match,5,1,0,1,1,3,3,0,0,0,1,0.0,0.0008342220322258897,1
thefuck_12_4c2fc490f280_tests/rules/test_git_branch_exists.py_test_match_0,thefuck,12,4c2fc490f280ca3921785d8f58a37274ced35ce6,tests/rules/test_git_branch_exists.py:test_match,tests/rules/test_git_branch_exists.py,test_match,2,1,0,3,0,2,3,0,0,0,1,0.0,0.0007810036585080359,0
thefuck_12_4c2fc490f280_tests/rules/test_cd_mkdir.py_test_not_match_0,thefuck,12,4c2fc490f280ca3921785d8f58a37274ced35ce6,tests/rules/test_cd_mkdir.py:test_not_match,tests/rules/test_cd_mkdir.py,test_not_match,2,1,0,1,0,1,3,0,0,0,1,0.0,0.0008146367787696685,0
thefuck_12_4c2fc490f280_tests/test_logs.py_test_debug_0,thefuck,12,4c2fc490f280ca3921785d8f58a37274ced35ce6,tests/test_logs.py:test_debug,tests/test_logs.py,test_debug,4,1,0,4,0,2,2,0,0,0,1,0.0,0.0008931140593801447,0
thefuck_13_2af65071d84a_thefuck/rules/git_branch_exists.py_match_1,thefuck,13,2af65071d84a7d1d14a4126364d9b4c9b5241f3c,thefuck/rules/git_branch_exists.py:match,thefuck/rules/git_branch_exists.py,match,4,1,0,1,1,0,4,0,0,0,1,0.0,0.0008365487062939835,1
thefuck_13_2af65071d84a_thefuck/rules/git_branch_exists.py_get_new_command_1,thefuck,13,2af65071d84a7d1d14a4126364d9b4c9b5241f3c,thefuck/rules/git_branch_exists.py:get_new_command,thefuck/rules/git_branch_exists.py,get_new_command,8,2,1,1,0,3,4,0,0,0,1,0.0,0.0008365487062939835,1
thefuck_13_2af65071d84a_tests/test_ui.py_test_without_confirmation_0,thefuck,13,2af65071d84a7d1d14a4126364d9b4c9b5241f3c,tests/test_ui.py:test_without_confirmation,tests/test_ui.py,test_without_confirmation,4,1,0,4,0,3,5,0,0,0,1,0.0,0.0007381809834150992,0
thefuck_13_2af65071d84a_tests/rules/test_git_rebase_no_changes.py_test_match_0,thefuck,13,2af65071d84a7d1d14a4126364d9b4c9b5241f3c,tests/rules/test_git_rebase_no_changes.py:test_match,tests/rules/test_git_rebase_no_changes.py,test_match,4,1,0,1,0,6,3,0,0,0,1,0.0,0.0008169262185156021,0
thefuck_13_2af65071d84a_thefuck/types.py___eq___0,thefuck,13,2af65071d84a7d1d14a4126364d9b4c9b5241f3c,thefuck/types.py:__eq__,thefuck/types.py,__eq__,6,2,1,2,2,1,11,0,0,0,1,0.0,0.0007362421933983769,0
thefuck_13_2af65071d84a_thefuck/rules/git_remote_seturl_add.py_match_0,thefuck,13,2af65071d84a7d1d14a4126364d9b4c9b5241f3c,thefuck/rules/git_remote_seturl_add.py:match,thefuck/rules/git_remote_seturl_add.py,match,2,1,0,1,1,0,2,0,0,0,1,0.0,0.000880795035290458,0
thefuck_13_2af65071d84a_thefuck/specific/archlinux.py_get_pkgfile_0,thefuck,13,2af65071d84a7d1d14a4126364d9b4c9b5241f3c,thefuck/specific/archlinux.py:get_pkgfile,thefuck/specific/archlinux.py,get_pkgfile,22,4,2,1,2,6,1,0,0,0,1,0.0,0.00116579976555257,0
thefuck_13_2af65071d84a_tests/test_utils.py_test_old_match_0,thefuck,13,2af65071d84a7d1d14a4126364d9b4c9b5241f3c,tests/test_utils.py:test_old_match,tests/test_utils.py,test_old_match,8,2,1,2,1,4,6,0,0,0,1,0.0,0.0007143501885820523,0
thefuck_14_183b70c8b888_thefuck/shells/fish.py__get_overridden_aliases_1,thefuck,14,183b70c8b8885843efefd2bd4e74dc0a7d42d173,thefuck/shells/fish.py:_get_overridden_aliases,thefuck/shells/fish.py,_get_overridden_aliases,6,2,1,1,2,4,5,1,0,0,2,0.0,0.002164328599569251,1
thefuck_14_183b70c8b888_thefuck/types.py___repr___0,thefuck,14,183b70c8b8885843efefd2bd4e74dc0a7d42d173,thefuck/types.py:__repr__,thefuck/types.py,__repr__,3,1,0,1,1,1,11,0,0,0,1,0.0,0.0007612193667409375,0
thefuck_14_183b70c8b888_tests/shells/test_zsh.py_test_to_shell_0,thefuck,14,183b70c8b8885843efefd2bd4e74dc0a7d42d173,tests/shells/test_zsh.py:test_to_shell,tests/shells/test_zsh.py,test_to_shell,2,1,0,2,0,1,3,0,0,0,1,0.0,0.0007780201380318739,0
thefuck_14_183b70c8b888_thefuck/rules/mvn_no_command.py_match_0,thefuck,14,183b70c8b8885843efefd2bd4e74dc0a7d42d173,thefuck/rules/mvn_no_command.py:match,thefuck/rules/mvn_no_command.py,match,2,1,0,1,1,0,1,0,0,0,1,0.0,0.0009734377182609735,0
thefuck_15_3a39deb48599_thefuck/rules/git_add.py_get_new_command_1,thefuck,15,3a39deb485995e67afb1919972cd1c9aaedf4c32,thefuck/rules/git_add.py:get_new_command,thefuck/rules/git_add.py,get_new_command,7,1,0,1,1,3,3,0,0,0,1,0.0,0.0009103681861177222,1
thefuck_15_3a39deb48599_thefuck/rules/git_add.py_match_1,thefuck,15,3a39deb485995e67afb1919972cd1c9aaedf4c32,thefuck/rules/git_add.py:match,thefuck/rules/git_add.py,match,3,1,0,1,1,0,3,0,0,0,1,0.0,0.0009103681861177222,1
thefuck_15_3a39deb48599_thefuck/rules/git_push_pull.py_match_0,thefuck,15,3a39deb485995e67afb1919972cd1c9aaedf4c32,thefuck/rules/git_push_pull.py:match,thefuck/rules/git_push_pull.py,match,5,1,0,1,1,0,3,0,0,0,1,0.0,0.000878510163642148,0
thefuck_15_3a39deb48599_tests/rules/test_git_checkout.py_test_match_0,thefuck,15,3a39deb485995e67afb1919972cd1c9aaedf4c32,tests/rules/test_git_checkout.py:test_match,tests/rules/test_git_checkout.py,test_match,2,1,0,1,0,1,4,0,1,0,2,0.0,0.000803817717813593,0
thefuck_15_3a39deb48599_thefuck/shells/tcsh.py_get_aliases_0,thefuck,15,3a39deb485995e67afb1919972cd1c9aaedf4c32,thefuck/shells/tcsh.py:get_aliases,thefuck/shells/tcsh.py,get_aliases,6,1,0,1,1,6,5,0,1,0,2,0.0,0.0008250181937556545,0
thefuck_15_3a39deb48599_thefuck/shells/fish.py__script_from_history_0,thefuck,15,3a39deb485995e67afb1919972cd1c9aaedf4c32,thefuck/shells/fish.py:_script_from_history,thefuck/shells/fish.py,_script_from_history,5,2,1,2,2,1,5,0,0,0,1,0.0,0.0007829116543716164,0
thefuck_15_3a39deb48599_tests/shells/test_fish.py_test_and__0,thefuck,15,3a39deb485995e67afb1919972cd1c9aaedf4c32,tests/shells/test_fish.py:test_and_,tests/shells/test_fish.py,test_and_,2,1,0,2,0,1,2,0,0,0,1,0.0,0.0007782658624956217,0
thefuck_15_3a39deb48599_thefuck/rules/apt_invalid_operation.py_match_0,thefuck,15,3a39deb485995e67afb1919972cd1c9aaedf4c32,thefuck/rules/apt_invalid_operation.py:match,thefuck/rules/apt_invalid_operation.py,match,2,1,0,1,1,0,4,0,0,0,1,0.0,0.0008166298188208281,0
thefuck_16_d92765d5df66_thefuck/shells/zsh.py_app_alias_1,thefuck,16,d92765d5df6607cb2f2fb67cee7b63f64ac7aa6b,thefuck/shells/zsh.py:app_alias,thefuck/shells/zsh.py,app_alias,11,2,1,2,2,1,5,0,0,0,1,0.0,0.0008342632794530389,1
thefuck_16_d92765d5df66_thefuck/shells/fish.py_app_alias_1,thefuck,16,d92765d5df6607cb2f2fb67cee7b63f64ac7aa6b,thefuck/shells/fish.py:app_alias,thefuck/shells/fish.py,app_alias,11,1,0,2,1,1,5,0,0,0,1,0.0,0.0008035454652159937,1
thefuck_16_d92765d5df66_thefuck/shells/bash.py_app_alias_1,thefuck,16,d92765d5df6607cb2f2fb67cee7b63f64ac7aa6b,thefuck/shells/bash.py:app_alias,thefuck/shells/bash.py,app_alias,10,2,1,2,2,1,4,0,0,0,1,0.0,0.0008362387889862407,1
thefuck_16_d92765d5df66_thefuck/types.py_run_1,thefuck,16,d92765d5df6607cb2f2fb67cee7b63f64ac7aa6b,thefuck/types.py:run,thefuck/types.py,run,12,2,1,2,0,5,11,0,0,0,1,0.0,0.0007862585128521182,1
thefuck_16_d92765d5df66_tests/specific/test_git.py_test_git_support_0,thefuck,16,d92765d5df6607cb2f2fb67cee7b63f64ac7aa6b,tests/specific/test_git.py:test_git_support,tests/specific/test_git.py,test_git_support,6,1,0,3,1,2,3,0,0,0,1,0.0,0.0009036687692623752,0
thefuck_16_d92765d5df66_tests/rules/test_heroku_not_command.py_suggest_stderr_0,thefuck,16,d92765d5df6607cb2f2fb67cee7b63f64ac7aa6b,tests/rules/test_heroku_not_command.py:suggest_stderr,tests/rules/test_heroku_not_command.py,suggest_stderr,4,1,0,1,1,1,3,3,0,0,4,0.0,0.0031097754972921896,0
thefuck_16_d92765d5df66_tests/rules/test_composer_not_command.py_test_get_new_command_0,thefuck,16,d92765d5df6607cb2f2fb67cee7b63f64ac7aa6b,tests/rules/test_composer_not_command.py:test_get_new_command,tests/rules/test_composer_not_command.py,test_get_new_command,7,1,0,2,0,4,3,0,0,0,1,0.0,0.0008512232290476039,0
thefuck_16_d92765d5df66_thefuck/rules/tsuru_login.py_match_0,thefuck,16,d92765d5df6607cb2f2fb67cee7b63f64ac7aa6b,thefuck/rules/tsuru_login.py:match,thefuck/rules/tsuru_login.py,match,3,1,0,1,1,0,2,0,0,0,1,0.0,0.0009407200513136572,0
thefuck_16_d92765d5df66_thefuck/shells/generic.py_and__0,thefuck,16,d92765d5df6607cb2f2fb67cee7b63f64ac7aa6b,thefuck/shells/generic.py:and_,thefuck/shells/generic.py,and_,2,1,0,2,1,1,8,0,0,0,1,0.0,0.0007882885807898785,0
thefuck_16_d92765d5df66_tests/conftest.py_no_cache_0,thefuck,16,d92765d5df6607cb2f2fb67cee7b63f64ac7aa6b,tests/conftest.py:no_cache,tests/conftest.py,no_cache,2,1,0,1,0,1,4,0,0,0,1,0.0,0.0008162595355710898,0
thefuck_16_d92765d5df66_tests/functional/test_zsh.py_proc_0,thefuck,16,d92765d5df6607cb2f2fb67cee7b63f64ac7aa6b,tests/functional/test_zsh.py:proc,tests/functional/test_zsh.py,proc,11,2,1,3,1,8,2,0,0,0,1,0.0,0.0008362387889862407,0
thefuck_16_d92765d5df66_thefuck/logs.py_debug_0,thefuck,16,d92765d5df6607cb2f2fb67cee7b63f64ac7aa6b,thefuck/logs.py:debug,thefuck/logs.py,debug,7,2,1,1,0,5,6,1,1,0,3,0.0,0.0015279422004845274,0
thefuck_16_d92765d5df66_tests/rules/test_git_push_pull.py_test_get_new_command_0,thefuck,16,d92765d5df6607cb2f2fb67cee7b63f64ac7aa6b,tests/rules/test_git_push_pull.py:test_get_new_command,tests/rules/test_git_push_pull.py,test_get_new_command,2,1,0,2,0,1,3,0,0,0,1,0.0,0.0008722014451335125,0
thefuck_16_d92765d5df66_tests/rules/test_fix_file.py_test_not_file_0,thefuck,16,d92765d5df6607cb2f2fb67cee7b63f64ac7aa6b,tests/rules/test_fix_file.py:test_not_file,tests/rules/test_fix_file.py,test_not_file,5,1,0,3,0,4,4,0,0,0,1,0.0,0.0008362387889862407,0
thefuck_16_d92765d5df66_thefuck/shells/tcsh.py__get_history_file_name_0,thefuck,16,d92765d5df6607cb2f2fb67cee7b63f64ac7aa6b,thefuck/shells/tcsh.py:_get_history_file_name,thefuck/shells/tcsh.py,_get_history_file_name,3,1,0,1,1,2,5,0,0,0,1,0.0,0.0008468248695723212,0
thefuck_16_d92765d5df66_thefuck/rules/dirty_unzip.py_match_0,thefuck,16,d92765d5df6607cb2f2fb67cee7b63f64ac7aa6b,thefuck/rules/dirty_unzip.py:match,thefuck/rules/dirty_unzip.py,match,9,3,1,1,3,2,4,0,2,0,3,0.0,0.0008538822566297082,0
thefuck_17_f7f0660114a0_thefuck/shells/zsh.py_get_aliases_1,thefuck,17,f7f0660114a02fe49578ec5684dd02c81042d175,thefuck/shells/zsh.py:get_aliases,thefuck/shells/zsh.py,get_aliases,4,1,0,1,1,3,5,0,1,0,2,0.0,0.0008463162789950117,1
thefuck_17_f7f0660114a0_thefuck/shells/bash.py_app_alias_1,thefuck,17,f7f0660114a02fe49578ec5684dd02c81042d175,thefuck/shells/bash.py:app_alias,thefuck/shells/bash.py,app_alias,10,2,1,2,2,1,5,0,0,0,1,0.0,0.0008483124581754062,1
thefuck_17_f7f0660114a0_thefuck/shells/bash.py_get_aliases_1,thefuck,17,f7f0660114a02fe49578ec5684dd02c81042d175,thefuck/shells/bash.py:get_aliases,thefuck/shells/bash.py,get_aliases,6,1,0,1,1,6,5,0,1,0,2,0.0,0.0008483124581754062,1
thefuck_17_f7f0660114a0_thefuck/utils.py_compatibility_call_0,thefuck,17,f7f0660114a02fe49578ec5684dd02c81042d175,thefuck/utils.py:compatibility_call,thefuck/utils.py,compatibility_call,19,3,1,2,1,7,18,0,0,0,1,0.0,0.0015099597818693702,0
thefuck_17_f7f0660114a0_tests/test_ui.py_test_with_confirmation_with_side_effct_0,thefuck,17,f7f0660114a02fe49578ec5684dd02c81042d175,tests/test_ui.py:test_with_confirmation_with_side_effct,tests/test_ui.py,test_with_confirmation_with_side_effct,6,1,0,4,0,4,5,0,1,0,2,0.0,0.0007996983059512654,0
thefuck_17_f7f0660114a0_thefuck/rules/git_two_dashes.py_match_0,thefuck,17,f7f0660114a02fe49578ec5684dd02c81042d175,thefuck/rules/git_two_dashes.py:match,thefuck/rules/git_two_dashes.py,match,3,1,0,1,1,0,2,0,0,0,1,0.0,0.0009480019855643987,0
thefuck_17_f7f0660114a0_tests/rules/test_history.py_test_get_new_command_0,thefuck,17,f7f0660114a02fe49578ec5684dd02c81042d175,tests/rules/test_history.py:test_get_new_command,tests/rules/test_history.py,test_get_new_command,2,1,0,2,0,2,3,0,0,0,1,0.0,0.0008369185162478731,0
thefuck_17_f7f0660114a0_tests/rules/test_apt_invalid_operation.py_test_match_0,thefuck,17,f7f0660114a02fe49578ec5684dd02c81042d175,tests/rules/test_apt_invalid_operation.py:test_match,tests/rules/test_apt_invalid_operation.py,test_match,2,1,0,2,0,2,4,0,0,0,1,0.0,0.0008483124581754062,0
thefuck_17_f7f0660114a0_thefuck/utils.py_get_all_executables_0,thefuck,17,f7f0660114a02fe49578ec5684dd02c81042d175,thefuck/utils.py:get_all_executables,thefuck/utils.py,get_all_executables,20,3,1,0,3,14,18,0,2,0,3,0.0,0.0015099597818693702,0
thefuck_17_f7f0660114a0_tests/rules/test_brew_unknown_command.py_brew_unknown_cmd2_0,thefuck,17,f7f0660114a02fe49578ec5684dd02c81042d175,tests/rules/test_brew_unknown_command.py:brew_unknown_cmd2,tests/rules/test_brew_unknown_command.py,brew_unknown_cmd2,2,1,0,0,1,0,4,0,0,0,1,0.0,0.0008635043807454501,0
thefuck_17_f7f0660114a0_thefuck/shells/fish.py__script_from_history_0,thefuck,17,f7f0660114a02fe49578ec5684dd02c81042d175,thefuck/shells/fish.py:_script_from_history,thefuck/shells/fish.py,_script_from_history,5,2,1,2,2,1,5,0,0,0,1,0.0,0.0008151664452953102,0
thefuck_17_f7f0660114a0_thefuck/rules/git_add.py_match_0,thefuck,17,f7f0660114a02fe49578ec5684dd02c81042d175,thefuck/rules/git_add.py:match,thefuck/rules/git_add.py,match,3,1,0,1,1,0,3,0,0,0,1,0.0,0.0009480019855643987,0
thefuck_18_b65a9a0a4fd9_thefuck/rules/sudo.py_match_1,thefuck,18,b65a9a0a4fd9bef394b45a1d367d29aa1e1c403e,thefuck/rules/sudo.py:match,thefuck/rules/sudo.py,match,6,3,2,1,2,4,0,0,0,0,1,0.0,0.001278217108760049,1
thefuck_18_b65a9a0a4fd9_thefuck/rules/fix_file.py__search_0,thefuck,18,b65a9a0a4fd9bef394b45a1d367d29aa1e1c403e,thefuck/rules/fix_file.py:_search,thefuck/rules/fix_file.py,_search,5,3,2,1,1,3,5,2,0,0,3,0.0,0.0026055159923938347,0
thefuck_18_b65a9a0a4fd9_thefuck/rules/gulp_not_task.py_get_gulp_tasks_0,thefuck,18,b65a9a0a4fd9bef394b45a1d367d29aa1e1c403e,thefuck/rules/gulp_not_task.py:get_gulp_tasks,thefuck/rules/gulp_not_task.py,get_gulp_tasks,5,1,0,0,1,3,3,1,0,0,2,0.0,0.001966030569460607,0
thefuck_18_b65a9a0a4fd9_tests/rules/test_pacman.py_test_not_match_0,thefuck,18,b65a9a0a4fd9bef394b45a1d367d29aa1e1c403e,tests/rules/test_pacman.py:test_not_match,tests/rules/test_pacman.py,test_not_match,2,1,0,1,0,1,5,0,0,0,1,0.0,0.00093081395951701,0
thefuck_19_959b96cf6ec8_thefuck/rules/git_push_force.py_get_new_command_1,thefuck,19,959b96cf6ec8cedda05dc58efe0e0f3bd6ed2f4e,thefuck/rules/git_push_force.py:get_new_command,thefuck/rules/git_push_force.py,get_new_command,2,1,0,1,1,1,2,0,0,0,1,0.0,0.001076499630410461,1
thefuck_19_959b96cf6ec8_thefuck/shells.py_get_aliases_0,thefuck,19,959b96cf6ec8cedda05dc58efe0e0f3bd6ed2f4e,thefuck/shells.py:get_aliases,thefuck/shells.py,get_aliases,6,1,0,1,1,6,11,1,3,0,5,0.0,0.002091848186611669,0
thefuck_19_959b96cf6ec8_thefuck/rules/mercurial.py_extract_possibilities_0,thefuck,19,959b96cf6ec8cedda05dc58efe0e0f3bd6ed2f4e,thefuck/rules/mercurial.py:extract_possibilities,thefuck/rules/mercurial.py,extract_possibilities,8,3,1,1,3,4,2,1,0,0,2,0.0,0.0019966619741086556,0
thefuck_19_959b96cf6ec8_thefuck/rules/brew_install.py__get_formulas_0,thefuck,19,959b96cf6ec8cedda05dc58efe0e0f3bd6ed2f4e,thefuck/rules/brew_install.py:_get_formulas,thefuck/rules/brew_install.py,_get_formulas,11,5,3,0,0,3,4,1,0,0,2,0.0,0.0035504763966515388,0
thefuck_2_40ab4eb62db5_thefuck/utils.py_get_all_executables_1,thefuck,2,40ab4eb62db57627bff10cf029d29c94704086a2,thefuck/utils.py:get_all_executables,thefuck/utils.py,get_all_executables,21,5,1,0,3,12,19,1,1,0,3,0.0,0.0011439610128661881,1
thefuck_2_40ab4eb62db5_thefuck/rules/cd_correction.py_get_new_command_0,thefuck,2,40ab4eb62db57627bff10cf029d29c94704086a2,thefuck/rules/cd_correction.py:get_new_command,thefuck/rules/cd_correction.py,get_new_command,30,8,3,1,2,9,5,0,1,0,2,0.0,0.0005224826238834062,0
thefuck_2_40ab4eb62db5_thefuck/rules/sed_unterminated_s.py_get_new_command_0,thefuck,2,40ab4eb62db57627bff10cf029d29c94704086a2,thefuck/rules/sed_unterminated_s.py:get_new_command,thefuck/rules/sed_unterminated_s.py,get_new_command,8,3,2,1,1,5,3,0,0,0,1,0.0,0.0005573014632090967,0
thefuck_2_40ab4eb62db5_thefuck/rules/fab_command_not_found.py_get_new_command_0,thefuck,2,40ab4eb62db57627bff10cf029d29c94704086a2,thefuck/rules/fab_command_not_found.py:get_new_command,thefuck/rules/fab_command_not_found.py,get_new_command,14,2,1,1,1,6,1,0,1,0,2,0.0,0.0005573014632090967,0
thefuck_20_0a6a3db65d2f_thefuck/rules/dirty_unzip.py__zip_file_1,thefuck,20,0a6a3db65d2fc480c5b2f1135137f34c9f06b742,thefuck/rules/dirty_unzip.py:_zip_file,thefuck/rules/dirty_unzip.py,_zip_file,11,4,3,1,2,4,3,3,0,0,4,0.0,0.0031370783664217126,1
thefuck_20_0a6a3db65d2f_thefuck/rules/dirty_unzip.py_get_new_command_1,thefuck,20,0a6a3db65d2fc480c5b2f1135137f34c9f06b742,thefuck/rules/dirty_unzip.py:get_new_command,thefuck/rules/dirty_unzip.py,get_new_command,2,1,0,1,1,2,3,0,1,0,2,0.0,0.0009979116997550388,1
thefuck_20_0a6a3db65d2f_tests/rules/test_brew_install.py_brew_no_available_formula_0,thefuck,20,0a6a3db65d2fc480c5b2f1135137f34c9f06b742,tests/rules/test_brew_install.py:brew_no_available_formula,tests/rules/test_brew_install.py,brew_no_available_formula,2,1,0,0,1,0,4,0,0,0,1,0.0,0.0009445505886439276,0
thefuck_20_0a6a3db65d2f_thefuck/types.py___eq___0,thefuck,20,0a6a3db65d2fc480c5b2f1135137f34c9f06b742,thefuck/types.py:__eq__,thefuck/types.py,__eq__,7,2,1,2,2,1,9,0,0,0,1,0.0,0.0008981154034587422,0
thefuck_20_0a6a3db65d2f_thefuck/shells.py_app_alias_0,thefuck,20,0a6a3db65d2fc480c5b2f1135137f34c9f06b742,thefuck/shells.py:app_alias,thefuck/shells.py,app_alias,2,1,0,1,1,2,11,0,1,0,2,0.0,0.0009094858888509667,0
thefuck_20_0a6a3db65d2f_tests/rules/test_go_run.py_test_get_new_command_0,thefuck,20,0a6a3db65d2fc480c5b2f1135137f34c9f06b742,tests/rules/test_go_run.py:test_get_new_command,tests/rules/test_go_run.py,test_get_new_command,2,1,0,2,0,1,3,0,0,0,1,0.0,0.001033800588643928,0
thefuck_20_0a6a3db65d2f_tests/rules/test_git_push_force.py_test_get_new_command_0,thefuck,20,0a6a3db65d2fc480c5b2f1135137f34c9f06b742,tests/rules/test_git_push_force.py:test_get_new_command,tests/rules/test_git_push_force.py,test_get_new_command,2,1,0,2,0,1,3,0,0,0,1,0.0,0.000998100588643928,0
thefuck_20_0a6a3db65d2f_thefuck/rules/python_execute.py_match_0,thefuck,20,0a6a3db65d2fc480c5b2f1135137f34c9f06b742,thefuck/rules/python_execute.py:match,thefuck/rules/python_execute.py,match,2,1,0,1,1,1,1,0,0,0,1,0.0,0.0011641339219772616,0
thefuck_21_71dc2666ccf6_thefuck/rules/git_fix_stash.py_match_1,thefuck,21,71dc2666ccf62e653291d9a7a08e2c6c3320425b,thefuck/rules/git_fix_stash.py:match,thefuck/rules/git_fix_stash.py,match,3,1,0,1,1,1,3,0,0,0,1,0.0,0.0010597023070259264,1
thefuck_21_71dc2666ccf6_tests/rules/test_java.py_test_match_0,thefuck,21,71dc2666ccf62e653291d9a7a08e2c6c3320425b,tests/rules/test_java.py:test_match,tests/rules/test_java.py,test_match,2,1,0,1,0,1,3,0,0,0,1,0.0,0.001052906768061617,0
thefuck_21_71dc2666ccf6_thefuck/rules/cp_omitting_directory.py_match_0,thefuck,21,71dc2666ccf62e653291d9a7a08e2c6c3320425b,thefuck/rules/cp_omitting_directory.py:match,thefuck/rules/cp_omitting_directory.py,match,3,1,0,1,1,1,3,0,0,0,1,0.0,0.0010961184905496555,0
thefuck_21_71dc2666ccf6_thefuck/utils.py_for_app_0,thefuck,21,71dc2666ccf62e653291d9a7a08e2c6c3320425b,thefuck/utils.py:for_app,thefuck/utils.py,for_app,9,2,1,1,3,3,17,0,1,0,2,0.0,0.0016647886905629121,0
thefuck_22_faa7ee603057_thefuck/types.py__realise_1,thefuck,22,faa7ee603057fa98c25507d30180c055d10d13d4,thefuck/types.py:_realise,thefuck/types.py,_realise,8,1,0,1,0,6,3,3,1,0,5,0.0,0.0033166816954576855,1
thefuck_22_faa7ee603057_thefuck/rules/switch_lang.py_get_new_command_0,thefuck,22,faa7ee603057fa98c25507d30180c055d10d13d4,thefuck/rules/switch_lang.py:get_new_command,thefuck/rules/switch_lang.py,get_new_command,3,1,0,2,1,2,2,0,2,0,3,0.0,0.0009903624356013697,0
thefuck_22_faa7ee603057_tests/rules/test_git_push_force.py_test_not_match_0,thefuck,22,faa7ee603057fa98c25507d30180c055d10d13d4,tests/rules/test_git_push_force.py:test_not_match,tests/rules/test_git_push_force.py,test_not_match,2,1,0,1,0,1,3,0,0,0,1,0.0,0.0010329277262338397,0
thefuck_22_faa7ee603057_tests/rules/test_man.py_test_match_0,thefuck,22,faa7ee603057fa98c25507d30180c055d10d13d4,tests/rules/test_man.py:test_match,tests/rules/test_man.py,test_match,2,1,0,1,0,1,3,0,0,0,1,0.0,0.0010329277262338397,0
thefuck_23_4129ff2717cc_thefuck/utils.py_cache_1,thefuck,23,4129ff2717cc6e6fa51d70cc4e6c31d56ef8e2c9,thefuck/utils.py:cache,thefuck/utils.py,cache,34,6,2,1,6,16,13,0,0,0,1,0.0,0.0016637632545605067,1
thefuck_23_4129ff2717cc_thefuck/types.py___getattr___0,thefuck,23,4129ff2717cc6e6fa51d70cc4e6c31d56ef8e2c9,thefuck/types.py:__getattr__,thefuck/types.py,__getattr__,2,1,0,2,1,1,3,0,0,0,1,0.0,0.0009385586202602144,0
thefuck_23_4129ff2717cc_tests/test_ui.py_test_command_selector_0,thefuck,23,4129ff2717cc6e6fa51d70cc4e6c31d56ef8e2c9,tests/test_ui.py:test_command_selector,tests/test_ui.py,test_command_selector,14,1,0,0,0,6,5,0,0,0,1,0.0,0.0009352603429977183,0
thefuck_23_4129ff2717cc_tests/rules/test_mvn_no_command.py_test_match_0,thefuck,23,4129ff2717cc6e6fa51d70cc4e6c31d56ef8e2c9,tests/rules/test_mvn_no_command.py:test_match,tests/rules/test_mvn_no_command.py,test_match,2,1,0,1,0,1,3,0,0,0,1,0.0,0.0010347532104340153,0
thefuck_23_4129ff2717cc_tests/rules/test_git_push.py_test_match_0,thefuck,23,4129ff2717cc6e6fa51d70cc4e6c31d56ef8e2c9,tests/rules/test_git_push.py:test_match,tests/rules/test_git_push.py,test_match,4,1,0,1,0,6,3,0,0,0,1,0.0,0.0010347532104340153,0
thefuck_23_4129ff2717cc_tests/rules/test_ls_lah.py_test_match_0,thefuck,23,4129ff2717cc6e6fa51d70cc4e6c31d56ef8e2c9,tests/rules/test_ls_lah.py:test_match,tests/rules/test_ls_lah.py,test_match,7,1,0,0,0,12,2,0,0,0,1,0.0,0.0010720630357226265,0
thefuck_23_4129ff2717cc_tests/rules/test_switch_lang.py_test_match_0,thefuck,23,4129ff2717cc6e6fa51d70cc4e6c31d56ef8e2c9,tests/rules/test_switch_lang.py:test_match,tests/rules/test_switch_lang.py,test_match,2,1,0,1,0,1,3,0,0,0,1,0.0,0.0010347532104340153,0
thefuck_24_12394ca8423a_thefuck/types.py__remove_duplicates_1,thefuck,24,12394ca8423a438915fed996383b44471fc1139d,thefuck/types.py:_remove_duplicates,thefuck/types.py,_remove_duplicates,8,1,0,2,1,2,3,1,0,0,2,0.0,0.003880163191317439,1
thefuck_24_12394ca8423a_thefuck/types.py__get_first_two_unique_1,thefuck,24,12394ca8423a438915fed996383b44471fc1139d,thefuck/types.py:_get_first_two_unique,thefuck/types.py,_get_first_two_unique,12,5,2,1,3,1,3,1,0,0,2,0.0,0.0018051224040455433,1
thefuck_24_12394ca8423a_tests/rules/test_ssh_known_host.py_ssh_error_0,thefuck,24,12394ca8423a438915fed996383b44471fc1139d,tests/rules/test_ssh_known_host.py:ssh_error,tests/rules/test_ssh_known_host.py,ssh_error,33,3,1,1,2,8,5,0,0,0,1,0.0,0.0010359557933270556,0
thefuck_24_12394ca8423a_thefuck/rules/grep_recursive.py_match_0,thefuck,24,12394ca8423a438915fed996383b44471fc1139d,thefuck/rules/grep_recursive.py:match,thefuck/rules/grep_recursive.py,match,2,1,0,2,1,1,1,0,0,0,1,0.0,0.0012170587305816868,0
thefuck_24_12394ca8423a_tests/test_ui.py_test_with_confirmation_0,thefuck,24,12394ca8423a438915fed996383b44471fc1139d,tests/test_ui.py:test_with_confirmation,tests/test_ui.py,test_with_confirmation,6,1,0,4,0,4,5,0,1,0,2,0.0,0.0009561359563014582,0
thefuck_24_12394ca8423a_tests/rules/test_apt_get.py_test_get_new_command_mocked_0,thefuck,24,12394ca8423a438915fed996383b44471fc1139d,tests/rules/test_apt_get.py:test_get_new_command_mocked,tests/rules/test_apt_get.py,test_get_new_command_mocked,4,1,0,4,0,3,5,0,0,0,1,0.0,0.0010040278585168167,0
thefuck_24_12394ca8423a_tests/rules/test_brew_unknown_command.py_test_get_new_command_0,thefuck,24,12394ca8423a438915fed996383b44471fc1139d,tests/rules/test_brew_unknown_command.py:test_get_new_command,tests/rules/test_brew_unknown_command.py,test_get_new_command,6,1,0,2,0,4,4,0,0,0,1,0.0,0.0010359557933270556,0
thefuck_24_12394ca8423a_tests/rules/test_git_push_pull.py_test_match_0,thefuck,24,12394ca8423a438915fed996383b44471fc1139d,tests/rules/test_git_push_pull.py:test_match,tests/rules/test_git_push_pull.py,test_match,2,1,0,1,0,1,3,0,0,0,1,0.0,0.0010614981411752468,0
thefuck_25_42a8b4f63926_thefuck/rules/mkdir_p.py_get_new_command_1,thefuck,25,42a8b4f639269886e468762e6d100b6f01aad8ab,thefuck/rules/mkdir_p.py:get_new_command,thefuck/rules/mkdir_p.py,get_new_command,2,1,0,2,1,1,2,0,0,0,1,0.0,0.0013236263517225763,1
thefuck_25_42a8b4f63926_thefuck/shells.py_app_alias_0,thefuck,25,42a8b4f639269886e468762e6d100b6f01aad8ab,thefuck/shells.py:app_alias,thefuck/shells.py,app_alias,14,1,0,2,1,1,7,0,1,0,2,0.0,0.001046963312627385,0
thefuck_25_42a8b4f63926_tests/rules/test_composer_not_command.py_composer_not_command_0,thefuck,25,42a8b4f639269886e468762e6d100b6f01aad8ab,tests/rules/test_composer_not_command.py:composer_not_command,tests/rules/test_composer_not_command.py,composer_not_command,14,1,0,0,1,0,3,0,0,0,1,0.0,0.001123055806852226,0
thefuck_25_42a8b4f63926_tests/rules/test_git_pull.py_test_get_new_command_0,thefuck,25,42a8b4f639269886e468762e6d100b6f01aad8ab,tests/rules/test_git_pull.py:test_get_new_command,tests/rules/test_git_pull.py,test_get_new_command,3,1,0,1,0,2,3,0,0,0,1,0.0,0.0011502392670567213,0
thefuck_26_7cb0388ed084_thefuck/rules/vagrant_up.py_get_new_command_1,thefuck,26,7cb0388ed0845545e878b29783bbf8e901a02745,thefuck/rules/vagrant_up.py:get_new_command,thefuck/rules/vagrant_up.py,get_new_command,6,2,1,2,1,3,1,0,0,0,1,0.0,0.0013119199019630482,1
thefuck_26_7cb0388ed084_tests/test_shells.py_test_put_to_history_0,thefuck,26,7cb0388ed0845545e878b29783bbf8e901a02745,tests/test_shells.py:test_put_to_history,tests/test_shells.py,test_put_to_history,6,1,0,4,0,3,2,0,0,0,1,0.0,0.0010209608171187524,0
thefuck_26_7cb0388ed084_thefuck/types.py_update_0,thefuck,26,7cb0388ed0845545e878b29783bbf8e901a02745,thefuck/types.py:update,thefuck/types.py,update,7,1,0,2,1,3,1,0,0,0,1,0.0,0.0012354580201726461,0
thefuck_26_7cb0388ed084_thefuck/shells.py_thefuck_alias_0,thefuck,26,7cb0388ed0845545e878b29783bbf8e901a02745,thefuck/shells.py:thefuck_alias,thefuck/shells.py,thefuck_alias,2,1,0,0,1,1,7,0,0,0,1,0.0,0.0010377058506793402,0
thefuck_27_bc6b107066d3_thefuck/rules/open.py_get_new_command_1,thefuck,27,bc6b107066d3f1e60b4cfcaa8cf6399e98cf1b1c,thefuck/rules/open.py:get_new_command,thefuck/rules/open.py,get_new_command,2,1,0,2,1,0,0,0,0,0,1,0.0,0.001530223119591147,1
thefuck_27_bc6b107066d3_thefuck/archlinux.py_archlinux_env_0,thefuck,27,bc6b107066d3f1e60b4cfcaa8cf6399e98cf1b1c,thefuck/archlinux.py:archlinux_env,thefuck/archlinux.py,archlinux_env,11,3,2,0,2,3,2,0,0,0,1,0.0,0.0014338853436004699,0
thefuck_27_bc6b107066d3_thefuck/rules/no_command.py_match_0,thefuck,27,bc6b107066d3f1e60b4cfcaa8cf6399e98cf1b1c,thefuck/rules/no_command.py:match,thefuck/rules/no_command.py,match,4,1,0,2,1,4,2,0,0,0,1,0.0,0.0013359856146031798,0
thefuck_27_bc6b107066d3_thefuck/rules/dirty_unzip.py_match_0,thefuck,27,bc6b107066d3f1e60b4cfcaa8cf6399e98cf1b1c,thefuck/rules/dirty_unzip.py:match,thefuck/rules/dirty_unzip.py,match,4,1,0,2,1,3,2,0,2,0,3,0.0,0.001193648907812445,0
thefuck_28_88831c424f56_thefuck/rules/fix_file.py_get_new_command_1,thefuck,28,88831c424f569e6a55fc98883d3eeecc7d425b18,thefuck/rules/fix_file.py:get_new_command,thefuck/rules/fix_file.py,get_new_command,9,1,0,2,1,6,4,0,1,0,2,0.0,0.001165234166437243,1
thefuck_28_88831c424f56_thefuck/utils.py_which_0,thefuck,28,88831c424f569e6a55fc98883d3eeecc7d425b18,thefuck/utils.py:which,thefuck/utils.py,which,18,5,3,1,4,8,12,0,0,0,1,0.0,0.0019300245412039304,0
thefuck_28_88831c424f56_tests/test_shells.py_test_to_shell_0,thefuck,28,88831c424f569e6a55fc98883d3eeecc7d425b18,tests/test_shells.py:test_to_shell,tests/test_shells.py,test_to_shell,2,1,0,2,0,1,2,0,0,0,1,0.0,0.001043721748365826,0
thefuck_28_88831c424f56_tests/rules/test_git_not_command.py_git_not_command_closest_0,thefuck,28,88831c424f569e6a55fc98883d3eeecc7d425b18,tests/rules/test_git_not_command.py:git_not_command_closest,tests/rules/test_git_not_command.py,git_not_command_closest,7,1,0,0,1,0,3,0,0,0,1,0.0,0.0011035069925745006,0
thefuck_29_4a2f869c6d6e_thefuck/types.py_update_1,thefuck,29,4a2f869c6d6ef03d8d7ada1121cc6631d7ef979e,thefuck/types.py:update,thefuck/types.py,update,5,1,0,2,1,3,1,0,0,0,1,0.0,0.0012384679463437632,1
thefuck_29_4a2f869c6d6e_thefuck/utils.py_get_all_executables_0,thefuck,29,4a2f869c6d6ef03d8d7ada1121cc6631d7ef979e,thefuck/utils.py:get_all_executables,thefuck/utils.py,get_all_executables,15,3,1,0,3,10,12,0,0,0,1,0.0,0.0019300245412039304,0
thefuck_29_4a2f869c6d6e_thefuck/shells.py__get_history_line_0,thefuck,29,4a2f869c6d6ef03d8d7ada1121cc6631d7ef979e,thefuck/shells.py:_get_history_line,thefuck/shells.py,_get_history_line,2,1,0,2,1,3,7,1,0,0,2,0.0,0.0013526142125599991,0
thefuck_29_4a2f869c6d6e_thefuck/rules/whois.py_match_0,thefuck,29,4a2f869c6d6ef03d8d7ada1121cc6631d7ef979e,thefuck/rules/whois.py:match,thefuck/rules/whois.py,match,18,1,0,2,1,1,1,0,0,0,1,0.0,0.0015116025777473432,0
thefuck_3_ac343fb1bd7d_thefuck/shells/fish.py_info_1,thefuck,3,ac343fb1bd7dadbb9e1a9fd7e3071f5778e338a4,thefuck/shells/fish.py:info,thefuck/shells/fish.py,info,6,1,0,1,1,5,8,0,0,0,1,0.0,0.0004708563575708351,1
thefuck_3_ac343fb1bd7d_tests/test_types.py_test_is_match_0,thefuck,3,ac343fb1bd7dadbb9e1a9fd7e3071f5778e338a4,tests/test_types.py:test_is_match,tests/test_types.py,test_is_match,3,1,0,1,0,3,9,0,0,0,1,0.0,0.0004636602895081243,0
thefuck_3_ac343fb1bd7d_thefuck/shells/fish.py__put_to_history_0,thefuck,3,ac343fb1bd7dadbb9e1a9fd7e3071f5778e338a4,thefuck/shells/fish.py:_put_to_history,thefuck/shells/fish.py,_put_to_history,10,4,3,2,0,7,8,1,2,0,4,0.0,0.0008768841628579851,0
thefuck_3_ac343fb1bd7d_thefuck/utils.py_get_alias_0,thefuck,3,ac343fb1bd7dadbb9e1a9fd7e3071f5778e338a4,thefuck/utils.py:get_alias,thefuck/utils.py,get_alias,2,1,0,0,1,1,19,2,0,0,3,0.0,0.0017646330763288565,0
thefuck_30_de513cacb150_thefuck/rules/fix_file.py_match_1,thefuck,30,de513cacb150049e3f95434f8d6d30b7ed1e0ea7,thefuck/rules/fix_file.py:match,thefuck/rules/fix_file.py,match,2,1,0,2,1,1,4,0,1,0,2,0.0,0.0012435194062089489,1
thefuck_30_de513cacb150_thefuck/rules/gulp_not_task.py_get_new_command_0,thefuck,30,de513cacb150049e3f95434f8d6d30b7ed1e0ea7,thefuck/rules/gulp_not_task.py:get_new_command,thefuck/rules/gulp_not_task.py,get_new_command,5,1,0,2,1,4,3,0,1,0,2,0.0,0.0013250700560162533,0
thefuck_30_de513cacb150_tests/test_conf.py_test_from_file_0,thefuck,30,de513cacb150049e3f95434f8d6d30b7ed1e0ea7,tests/test_conf.py:test_from_file,tests/test_conf.py,test_from_file,12,1,0,2,0,3,5,0,0,0,1,0.0,0.0011282541527247452,0
thefuck_30_de513cacb150_thefuck/shells.py_app_alias_0,thefuck,30,de513cacb150049e3f95434f8d6d30b7ed1e0ea7,thefuck/shells.py:app_alias,thefuck/shells.py,app_alias,14,1,0,2,1,1,7,0,1,0,2,0.0,0.0011746808847681407,0
thefuck_31_66e2ec7e3f0d_thefuck/rules/git_diff_staged.py_get_new_command_1,thefuck,31,66e2ec7e3f0d3f848c01d87bb3503b0ff90fc78a,thefuck/rules/git_diff_staged.py:get_new_command,thefuck/rules/git_diff_staged.py,get_new_command,2,1,0,2,1,1,1,0,0,0,1,0.0,0.001720193341210815,1
thefuck_31_66e2ec7e3f0d_tests/rules/test_git_not_command.py_git_not_command_closest_0,thefuck,31,66e2ec7e3f0d3f848c01d87bb3503b0ff90fc78a,tests/rules/test_git_not_command.py:git_not_command_closest,tests/rules/test_git_not_command.py,git_not_command_closest,7,1,0,0,1,0,3,0,0,0,1,0.0,0.001431144491672331,0
thefuck_31_66e2ec7e3f0d_thefuck/rules/git_branch_list.py_get_new_command_0,thefuck,31,66e2ec7e3f0d3f848c01d87bb3503b0ff90fc78a,thefuck/rules/git_branch_list.py:get_new_command,thefuck/rules/git_branch_list.py,get_new_command,2,1,0,2,1,1,1,0,0,0,1,0.0,0.0017100925806549274,0
thefuck_31_66e2ec7e3f0d_tests/rules/test_mercurial.py_test_match_0,thefuck,31,66e2ec7e3f0d3f848c01d87bb3503b0ff90fc78a,tests/rules/test_mercurial.py:test_match,tests/rules/test_mercurial.py,test_match,2,1,0,1,0,1,3,0,0,0,1,0.0,0.0014768333489129626,0
thefuck_32_cb33c912e5f2_thefuck/rules/ls_lah.py_match_1,thefuck,32,cb33c912e5f2f4c2da6b70d708ff0437bfcd3b94,thefuck/rules/ls_lah.py:match,thefuck/rules/ls_lah.py,match,2,1,0,2,1,0,0,0,0,0,1,0.0,0.002338172970408762,1
thefuck_32_cb33c912e5f2_thefuck/conf.py___add___0,thefuck,32,cb33c912e5f2f4c2da6b70d708ff0437bfcd3b94,thefuck/conf.py:__add__,thefuck/conf.py,__add__,2,1,0,2,1,2,5,0,0,0,1,0.0,0.0019210930966998166,0
thefuck_32_cb33c912e5f2_thefuck/shells.py_thefuck_alias_0,thefuck,32,cb33c912e5f2f4c2da6b70d708ff0437bfcd3b94,thefuck/shells.py:thefuck_alias,thefuck/shells.py,thefuck_alias,2,1,0,0,1,1,6,0,0,0,1,0.0,0.0016072928722918843,0
thefuck_32_cb33c912e5f2_thefuck/rules/rm_root.py_match_0,thefuck,32,cb33c912e5f2f4c2da6b70d708ff0437bfcd3b94,thefuck/rules/rm_root.py:match,thefuck/rules/rm_root.py,match,4,1,0,2,1,2,1,0,0,0,1,0.0,0.0020177118301215055,0
thefuck_4_68949a592248_thefuck/shells/fish.py__get_aliases_1,thefuck,4,68949a592248913b52bfd50036893553153fcddb,thefuck/shells/fish.py:_get_aliases,thefuck/shells/fish.py,_get_aliases,9,3,2,1,1,7,8,1,0,0,2,0.0,0.0007815266478329444,1
thefuck_4_68949a592248_thefuck/rules/yarn_help.py_get_new_command_0,thefuck,4,68949a592248913b52bfd50036893553153fcddb,thefuck/rules/yarn_help.py:get_new_command,thefuck/rules/yarn_help.py,get_new_command,6,1,0,1,1,2,3,0,0,0,1,0.0,0.0005828189632776399,0
thefuck_4_68949a592248_tests/rules/test_missing_space_before_subcommand.py_test_get_new_command_0,thefuck,4,68949a592248913b52bfd50036893553153fcddb,tests/rules/test_missing_space_before_subcommand.py:test_get_new_command,tests/rules/test_missing_space_before_subcommand.py,test_get_new_command,2,1,0,2,0,2,3,0,0,0,1,0.0,0.0005273601575331194,0
thefuck_4_68949a592248_thefuck/rules/man.py_get_new_command_0,thefuck,4,68949a592248913b52bfd50036893553153fcddb,thefuck/rules/man.py:get_new_command,thefuck/rules/man.py,get_new_command,25,4,1,1,4,7,1,0,0,0,1,0.0,0.0006229867637311551,0
thefuck_5_7c858fadb345_thefuck/rules/git_push.py_match_1,thefuck,5,7c858fadb3458be829d3d43666ccb46c3ed5b8a0,thefuck/rules/git_push.py:match,thefuck/rules/git_push.py,match,3,1,0,1,1,0,3,0,0,0,1,0.0,0.0005623643214486179,1
thefuck_5_7c858fadb345_tests/rules/test_mvn_no_command.py_test_not_match_0,thefuck,5,7c858fadb3458be829d3d43666ccb46c3ed5b8a0,tests/rules/test_mvn_no_command.py:test_not_match,tests/rules/test_mvn_no_command.py,test_not_match,2,1,0,1,0,1,3,0,0,0,1,0.0,0.0005468866007973755,0
thefuck_5_7c858fadb345_tests/rules/test_tsuru_login.py_test_get_new_command_0,thefuck,5,7c858fadb3458be829d3d43666ccb46c3ed5b8a0,tests/rules/test_tsuru_login.py:test_get_new_command,tests/rules/test_tsuru_login.py,test_get_new_command,2,1,0,2,0,1,3,0,0,0,1,0.0,0.0005468866007973755,0
thefuck_5_7c858fadb345_thefuck/rules/git_fix_stash.py_get_new_command_0,thefuck,5,7c858fadb3458be829d3d43666ccb46c3ed5b8a0,thefuck/rules/git_fix_stash.py:get_new_command,thefuck/rules/git_fix_stash.py,get_new_command,10,2,1,1,2,4,3,0,0,0,1,0.0,0.0005654598655788664,0
thefuck_6_797ca1c5647c_thefuck/rules/git_branch_exists.py_match_1,thefuck,6,797ca1c5647c565f62e21a8e29515c8b0fbe275f,thefuck/rules/git_branch_exists.py:match,thefuck/rules/git_branch_exists.py,match,3,1,0,1,1,0,4,0,0,0,1,0.0,0.0005601532184984405,1
thefuck_6_797ca1c5647c_thefuck/rules/git_branch_exists.py_get_new_command_1,thefuck,6,797ca1c5647c565f62e21a8e29515c8b0fbe275f,thefuck/rules/git_branch_exists.py:get_new_command,thefuck/rules/git_branch_exists.py,get_new_command,10,2,1,1,0,3,4,0,0,0,1,0.0,0.0005601532184984405,1
thefuck_6_797ca1c5647c_thefuck/rules/mkdir_p.py_match_0,thefuck,6,797ca1c5647c565f62e21a8e29515c8b0fbe275f,thefuck/rules/mkdir_p.py:match,thefuck/rules/mkdir_p.py,match,3,1,0,1,1,0,2,0,0,0,1,0.0,0.0006305056126992257,0
thefuck_6_797ca1c5647c_tests/test_ui.py_test_with_confirmation_select_second_0,thefuck,6,797ca1c5647c565f62e21a8e29515c8b0fbe275f,tests/test_ui.py:test_with_confirmation_select_second,tests/test_ui.py,test_with_confirmation_select_second,8,1,0,4,0,5,5,0,1,0,2,0.0,0.0004942230301980101,0
thefuck_6_797ca1c5647c_thefuck/rules/brew_cask_dependency.py_get_new_command_0,thefuck,6,797ca1c5647c565f62e21a8e29515c8b0fbe275f,thefuck/rules/brew_cask_dependency.py:get_new_command,thefuck/rules/brew_cask_dependency.py,get_new_command,3,1,0,1,1,2,3,0,1,0,2,0.0,0.0005375831168129982,0
thefuck_6_797ca1c5647c_thefuck/logs.py_failed_0,thefuck,6,797ca1c5647c565f62e21a8e29515c8b0fbe275f,thefuck/logs.py:failed,thefuck/logs.py,failed,5,1,0,1,0,4,6,0,1,0,2,0.0,0.000498274074090269,0
thefuck_6_797ca1c5647c_thefuck/rules/composer_not_command.py_get_new_command_0,thefuck,6,797ca1c5647c565f62e21a8e29515c8b0fbe275f,thefuck/rules/composer_not_command.py:get_new_command,thefuck/rules/composer_not_command.py,get_new_command,6,2,1,1,1,5,2,0,0,0,1,0.0,0.0006253463724821448,0
thefuck_6_797ca1c5647c_tests/rules/test_git_rebase_merge_dir.py_test_not_match_0,thefuck,6,797ca1c5647c565f62e21a8e29515c8b0fbe275f,tests/rules/test_git_rebase_merge_dir.py:test_not_match,tests/rules/test_git_rebase_merge_dir.py,test_not_match,2,1,0,1,0,2,3,0,0,0,1,0.0,0.0005337207081475341,0
thefuck_7_64d6835e15a2_thefuck/rules/php_s.py_match_1,thefuck,7,64d6835e15a22cf8803d398cbb593f748c550e8a,thefuck/rules/php_s.py:match,thefuck/rules/php_s.py,match,2,1,0,1,1,0,1,0,0,0,1,0.0,0.0006497028973788655,1
thefuck_7_64d6835e15a2_thefuck/rules/mercurial.py_extract_possibilities_0,thefuck,7,64d6835e15a22cf8803d398cbb593f748c550e8a,thefuck/rules/mercurial.py:extract_possibilities,thefuck/rules/mercurial.py,extract_possibilities,8,3,1,1,3,4,2,1,0,0,2,0.0,0.001130164828873105,0
thefuck_7_64d6835e15a2_tests/rules/test_git_branch_exists.py_test_not_match_0,thefuck,7,64d6835e15a22cf8803d398cbb593f748c550e8a,tests/rules/test_git_branch_exists.py:test_not_match,tests/rules/test_git_branch_exists.py,test_not_match,2,1,0,1,0,2,3,0,0,0,1,0.0,0.0005403385420143334,0
thefuck_7_64d6835e15a2_thefuck/shells/generic.py_from_shell_0,thefuck,7,64d6835e15a22cf8803d398cbb593f748c550e8a,thefuck/shells/generic.py:from_shell,thefuck/shells/generic.py,from_shell,3,1,0,2,1,1,11,0,1,0,2,0.0,0.0005019335721809167,0
thefuck_8_449cb9a00693_thefuck/rules/dnf_no_such_command.py__get_operations_1,thefuck,8,449cb9a00693c8b4d97d5fda8d732cf0978e117e,thefuck/rules/dnf_no_such_command.py:_get_operations,thefuck/rules/dnf_no_such_command.py,_get_operations,7,1,0,0,1,3,5,1,1,0,3,0.0,0.0010611692602142389,1
thefuck_8_449cb9a00693_thefuck/rules/dnf_no_such_command.py__parse_operations_1,thefuck,8,449cb9a00693c8b4d97d5fda8d732cf0978e117e,thefuck/rules/dnf_no_such_command.py:_parse_operations,thefuck/rules/dnf_no_such_command.py,_parse_operations,6,1,0,1,1,2,5,1,0,0,2,0.0,0.0015587587918946795,1
thefuck_8_449cb9a00693_tests/test_ui.py_test_without_confirmation_with_side_effects_0,thefuck,8,449cb9a00693c8b4d97d5fda8d732cf0978e117e,tests/test_ui.py:test_without_confirmation_with_side_effects,tests/test_ui.py,test_without_confirmation_with_side_effects,6,1,0,4,0,3,5,0,0,0,1,0.0,0.0005323144601113229,0
thefuck_8_449cb9a00693_thefuck/rules/git_add.py__get_missing_file_0,thefuck,8,449cb9a00693c8b4d97d5fda8d732cf0978e117e,thefuck/rules/git_add.py:_get_missing_file,thefuck/rules/git_add.py,_get_missing_file,6,2,1,1,1,3,5,2,0,0,3,0.0,0.0015677704119902002,0
thefuck_8_449cb9a00693_tests/rules/test_brew_uninstall.py_test_not_match_0,thefuck,8,449cb9a00693c8b4d97d5fda8d732cf0978e117e,tests/rules/test_brew_uninstall.py:test_not_match,tests/rules/test_brew_uninstall.py,test_not_match,3,1,0,1,0,2,3,0,0,0,1,0.0,0.0005647229968399193,0
thefuck_8_449cb9a00693_thefuck/rules/grep_arguments_order.py_match_0,thefuck,8,449cb9a00693c8b4d97d5fda8d732cf0978e117e,thefuck/rules/grep_arguments_order.py:match,thefuck/rules/grep_arguments_order.py,match,3,1,0,1,1,1,2,0,1,0,2,0.0,0.0006310303987678599,0
thefuck_8_449cb9a00693_tests/rules/test_git_help_aliased.py_test_match_0,thefuck,8,449cb9a00693c8b4d97d5fda8d732cf0978e117e,tests/rules/test_git_help_aliased.py:test_match,tests/rules/test_git_help_aliased.py,test_match,2,1,0,2,0,2,3,0,0,0,1,0.0,0.0005890293993863667,0
thefuck_8_449cb9a00693_thefuck/rules/open.py_match_0,thefuck,8,449cb9a00693c8b4d97d5fda8d732cf0978e117e,thefuck/rules/open.py:match,thefuck/rules/open.py,match,4,1,0,1,1,5,2,0,1,0,2,0.0,0.000603246243148665,0
thefuck_9_ce6b82c92d78_thefuck/rules/git_push.py_get_new_command_1,thefuck,9,ce6b82c92d78ae283cb3db001766b76f6647bc47,thefuck/rules/git_push.py:get_new_command,thefuck/rules/git_push.py,get_new_command,19,6,1,1,1,9,2,0,0,0,1,0.0,0.0007778586399791716,1
thefuck_9_ce6b82c92d78_tests/rules/test_django_south_merge.py_test_match_0,thefuck,9,ce6b82c92d78ae283cb3db001766b76f6647bc47,tests/rules/test_django_south_merge.py:test_match,tests/rules/test_django_south_merge.py,test_match,6,1,0,1,0,10,3,0,0,0,1,0.0,0.0007213769282207339,0
thefuck_9_ce6b82c92d78_tests/test_ui.py_test_with_confirmation_abort_0,thefuck,9,ce6b82c92d78ae283cb3db001766b76f6647bc47,tests/test_ui.py:test_with_confirmation_abort,tests/test_ui.py,test_with_confirmation_abort,4,1,0,4,0,4,5,0,1,0,2,0.0,0.000651847694620231,0
thefuck_9_ce6b82c92d78_tests/rules/test_git_push_pull.py_test_match_0,thefuck,9,ce6b82c92d78ae283cb3db001766b76f6647bc47,tests/rules/test_git_push_pull.py:test_match,tests/rules/test_git_push_pull.py,test_match,2,1,0,1,0,1,3,0,0,0,1,0.0,0.0007213769282207339,0
tornado_1_6a5a0bfa370b_tornado/websocket.py__receive_frame_loop_1,tornado,1,6a5a0bfa370b6c0d3dbbf9589a560a98202d2baa,tornado/websocket.py:_receive_frame_loop,tornado/websocket.py,_receive_frame_loop,7,4,2,1,0,3,24,1,3,0,5,7.757402868517624e-05,0.0002861657011499095,1
tornado_1_6a5a0bfa370b_tornado/websocket.py_set_nodelay_1,tornado,1,6a5a0bfa370b6c0d3dbbf9589a560a98202d2baa,tornado/websocket.py:set_nodelay,tornado/websocket.py,set_nodelay,16,1,0,2,0,1,24,0,0,0,1,0.0,0.0002579428596076746,1
tornado_1_6a5a0bfa370b_tornado/test/httpserver_test.py_test_manual_protocol_0,tornado,1,6a5a0bfa370b6c0d3dbbf9589a560a98202d2baa,tornado/test/httpserver_test.py:test_manual_protocol,tornado/test/httpserver_test.py,test_manual_protocol,2,1,0,1,0,2,27,0,1,0,2,0.0,0.00025552077540788625,0
tornado_1_6a5a0bfa370b_tornado/test/gen_test.py_test_multi_delayed_0,tornado,1,6a5a0bfa370b6c0d3dbbf9589a560a98202d2baa,tornado/test/gen_test.py:test_multi_delayed,tornado/test/gen_test.py,test_multi_delayed,10,1,0,1,0,5,20,0,1,0,2,0.0,0.0002560072933457644,0
tornado_1_6a5a0bfa370b_tornado/testing.py_get_httpserver_options_0,tornado,1,6a5a0bfa370b6c0d3dbbf9589a560a98202d2baa,tornado/testing.py:get_httpserver_options,tornado/testing.py,get_httpserver_options,2,1,0,1,1,2,26,1,1,0,3,0.0,0.000545225471154906,0
tornado_1_6a5a0bfa370b_tornado/test/log_test.py_test_log_file_0,tornado,1,6a5a0bfa370b6c0d3dbbf9589a560a98202d2baa,tornado/test/log_test.py:test_log_file,tornado/test/log_test.py,test_log_file,19,5,2,1,0,17,14,0,0,0,1,0.0,0.00026157813344047676,0
tornado_1_6a5a0bfa370b_tornado/test/gen_test.py_test_multi_0,tornado,1,6a5a0bfa370b6c0d3dbbf9589a560a98202d2baa,tornado/test/gen_test.py:test_multi,tornado/test/gen_test.py,test_multi,7,1,0,1,0,4,20,0,1,0,2,0.0,0.0002560072933457644,0
tornado_1_6a5a0bfa370b_tornado/test/gen_test.py_get_0,tornado,1,6a5a0bfa370b6c0d3dbbf9589a560a98202d2baa,tornado/test/gen_test.py:get,tornado/test/gen_test.py,get,8,1,0,1,0,3,20,3,0,0,4,0.0,0.0014542357657873972,0
tornado_10_ecd8968c5135_tornado/websocket.py_on_connection_close_1,tornado,10,ecd8968c5135b810cd607b5902dda2cd32122b39,tornado/websocket.py:on_connection_close,tornado/websocket.py,on_connection_close,6,2,1,1,0,7,20,0,4,0,5,0.0,0.00023751342820502047,1
tornado_10_ecd8968c5135_tornado/web.py_finish_1,tornado,10,ecd8968c5135b810cd607b5902dda2cd32122b39,tornado/web.py:finish,tornado/web.py,finish,7,2,1,1,0,4,44,7,10,0,18,0.00030718516733845155,0.001148880879857196,1
tornado_10_ecd8968c5135_tornado/test/gen_test.py_test_return_value_tuple_0,tornado,10,ecd8968c5135b810cd607b5902dda2cd32122b39,tornado/test/gen_test.py:test_return_value_tuple,tornado/test/gen_test.py,test_return_value_tuple,9,2,1,1,1,2,20,0,1,0,2,0.0,0.00023469970544085888,0
tornado_10_ecd8968c5135_tornado/web.py_html_body_0,tornado,10,ecd8968c5135b810cd607b5902dda2cd32122b39,tornado/web.py:html_body,tornado/web.py,html_body,5,1,0,1,1,0,44,1,1,0,3,1.0986593967755775e-06,0.000270507865755603,0
tornado_10_ecd8968c5135_tornado/test/httpserver_test.py_test_empty_request_0,tornado,10,ecd8968c5135b810cd607b5902dda2cd32122b39,tornado/test/httpserver_test.py:test_empty_request,tornado/test/httpserver_test.py,test_empty_request,4,1,0,1,0,4,24,0,1,0,2,0.0,0.00023485223481836426,0
tornado_10_ecd8968c5135_tornado/web.py_get_template_namespace_0,tornado,10,ecd8968c5135b810cd607b5902dda2cd32122b39,tornado/web.py:get_template_namespace,tornado/web.py,get_template_namespace,22,1,0,1,1,2,44,1,0,0,2,0.0,0.00031107738355751067,0
tornado_10_ecd8968c5135_tornado/http1connection.py___init___0,tornado,10,ecd8968c5135b810cd607b5902dda2cd32122b39,tornado/http1connection.py:__init__,tornado/http1connection.py,__init__,47,2,1,5,0,3,10,0,1,0,2,0.0,0.00023953918092613587,0
tornado_10_ecd8968c5135_tornado/test/iostream_test.py_test_read_callback_error_0,tornado,10,ecd8968c5135b810cd607b5902dda2cd32122b39,tornado/test/iostream_test.py:test_read_callback_error,tornado/test/iostream_test.py,test_read_callback_error,17,4,3,1,0,11,22,0,1,0,2,0.0,0.0002356832386120572,0
tornado_11_79ef301eb05c_tornado/http1connection.py__read_body_1,tornado,11,79ef301eb05cac82c075198e502d94dad296f6aa,tornado/http1connection.py:_read_body,tornado/http1connection.py,_read_body,48,13,3,4,4,12,10,1,3,0,5,0.0,0.0002981697819043595,1
tornado_11_79ef301eb05c_demos/s3server/s3server.py_get_0,tornado,11,79ef301eb05cac82c075198e502d94dad296f6aa,demos/s3server/s3server.py:get,demos/s3server/s3server.py,get,53,11,2,2,0,27,10,0,2,0,3,0.0,0.000259779672550267,0
tornado_11_79ef301eb05c_tornado/test/template_test.py_test_unicode_apply_0,tornado,11,79ef301eb05cac82c075198e502d94dad296f6aa,tornado/test/template_test.py:test_unicode_apply,tornado/test/template_test.py,test_unicode_apply,5,1,0,1,1,7,8,0,0,0,1,0.0,0.0002485257788703154,0
tornado_11_79ef301eb05c_tornado/concurrent.py_set_exception_0,tornado,11,79ef301eb05cac82c075198e502d94dad296f6aa,tornado/concurrent.py:set_exception,tornado/concurrent.py,set_exception,6,1,0,2,0,2,11,1,1,0,3,0.0,0.00028429992217829966,0
tornado_12_4ee9ba94de11_tornado/auth.py_facebook_request_1,tornado,12,4ee9ba94de11aaa4f932560fa2b3d8ceb8c61d2a,tornado/auth.py:facebook_request,tornado/auth.py,facebook_request,52,1,0,6,1,1,20,1,1,0,3,0.0,0.0003320692804876609,1
tornado_12_4ee9ba94de11_tornado/auth.py__on_access_token_1,tornado,12,4ee9ba94de11aaa4f932560fa2b3d8ceb8c61d2a,tornado/auth.py:_on_access_token,tornado/auth.py,_on_access_token,19,2,1,7,1,9,20,0,3,0,4,0.0,0.0002568684186543144,1
tornado_12_4ee9ba94de11_tornado/test/gen_test.py_test_resume_after_exception_in_yield_0,tornado,12,4ee9ba94de11aaa4f932560fa2b3d8ceb8c61d2a,tornado/test/gen_test.py:test_resume_after_exception_in_yield,tornado/test/gen_test.py,test_resume_after_exception_in_yield,12,3,1,1,0,8,19,0,1,0,2,0.0,0.000251895671345871,0
tornado_12_4ee9ba94de11_tornado/web.py_settings_0,tornado,12,4ee9ba94de11aaa4f932560fa2b3d8ceb8c61d2a,tornado/web.py:settings,tornado/web.py,settings,3,1,0,1,1,0,42,0,0,0,1,0.0,0.00025344013837603195,0
tornado_12_4ee9ba94de11_tornado/gen.py_Task_0,tornado,12,4ee9ba94de11aaa4f932560fa2b3d8ceb8c61d2a,tornado/gen.py:Task,tornado/gen.py,Task,27,4,1,3,4,8,21,0,3,0,4,0.0,0.00025491548268632514,0
tornado_12_4ee9ba94de11_tornado/auth.py__oauth_get_user_0,tornado,12,4ee9ba94de11aaa4f932560fa2b3d8ceb8c61d2a,tornado/auth.py:_oauth_get_user,tornado/auth.py,_oauth_get_user,2,1,0,3,0,1,20,1,0,0,2,0.0,0.00041250737297198506,0
tornado_12_4ee9ba94de11_maint/test/redbot/red_test.py_test_static_0,tornado,12,4ee9ba94de11aaa4f932560fa2b3d8ceb8c61d2a,maint/test/redbot/red_test.py:test_static,maint/test/redbot/red_test.py,test_static,7,1,0,1,0,1,10,0,1,0,2,0.0,0.0002558551614532205,0
tornado_12_4ee9ba94de11_tornado/web.py_headers_received_0,tornado,12,4ee9ba94de11aaa4f932560fa2b3d8ceb8c61d2a,tornado/web.py:headers_received,tornado/web.py,headers_received,7,2,1,3,1,4,42,0,2,0,3,0.0,0.00025344013837603195,0
tornado_13_d7d9c467cda3_tornado/http1connection.py__can_keep_alive_1,tornado,13,d7d9c467cda38f4c9352172ba7411edc29a85196,tornado/http1connection.py:_can_keep_alive,tornado/http1connection.py,_can_keep_alive,13,5,2,3,4,4,10,1,0,0,2,0.0,0.000300245261987675,1
tornado_13_d7d9c467cda3_tornado/template.py_each_child_0,tornado,13,d7d9c467cda38f4c9352172ba7411edc29a85196,tornado/template.py:each_child,tornado/template.py,each_child,2,1,0,1,1,0,12,1,0,0,2,0.0,0.0004053520336179859,0
tornado_13_d7d9c467cda3_demos/s3server/s3server.py_put_0,tornado,13,d7d9c467cda38f4c9352172ba7411edc29a85196,demos/s3server/s3server.py:put,demos/s3server/s3server.py,put,17,4,1,3,0,17,10,0,1,0,2,0.0,0.00026209786096933845,0
tornado_13_d7d9c467cda3_tornado/test/web_test.py_get_app_kwargs_0,tornado,13,d7d9c467cda38f4c9352172ba7411edc29a85196,tornado/test/web_test.py:get_app_kwargs,tornado/test/web_test.py,get_app_kwargs,2,1,0,1,1,1,30,1,1,0,3,0.0,0.000355777702025604,0
tornado_14_81ee310adcd9_tornado/ioloop.py_initialize_1,tornado,14,81ee310adcd905fbdf7c98d9fb6ef0c5a46026c2,tornado/ioloop.py:initialize,tornado/ioloop.py,initialize,25,2,1,4,0,11,26,0,3,0,4,0.0,0.0002714046439495071,1
tornado_14_81ee310adcd9_tornado/netutil.py_close_0,tornado,14,81ee310adcd905fbdf7c98d9fb6ef0c5a46026c2,tornado/netutil.py:close,tornado/netutil.py,close,7,1,0,1,0,0,14,0,0,0,1,0.0,0.0002769763461474434,0
tornado_14_81ee310adcd9_tornado/web.py__ui_module_0,tornado,14,81ee310adcd905fbdf7c98d9fb6ef0c5a46026c2,tornado/web.py:_ui_module,tornado/web.py,_ui_module,9,3,1,3,2,3,42,1,1,0,3,0.0,0.00048159043033135275,0
tornado_14_81ee310adcd9_tornado/iostream.py__handle_read_0,tornado,14,81ee310adcd905fbdf7c98d9fb6ef0c5a46026c2,tornado/iostream.py:_handle_read,tornado/iostream.py,_handle_read,14,5,1,1,2,5,17,1,5,0,7,0.0,0.0002850892156678345,0
tornado_15_fdfaf3dffa49_tornado/web.py_validate_absolute_path_1,tornado,15,fdfaf3dffa49479c7461050eacca07bc5ee8d207,tornado/web.py:validate_absolute_path,tornado/web.py,validate_absolute_path,40,6,2,3,2,11,42,1,1,0,3,0.0,0.0005009888371874689,1
tornado_15_fdfaf3dffa49_tornado/test/queues_test.py_test_nonblocking_get_0,tornado,15,fdfaf3dffa49479c7461050eacca07bc5ee8d207,tornado/test/queues_test.py:test_nonblocking_get,tornado/test/queues_test.py,test_nonblocking_get,4,1,0,1,0,4,6,0,0,0,1,0.0,0.0002625847373459499,0
tornado_15_fdfaf3dffa49_tornado/ioloop.py_handle_callback_exception_0,tornado,15,fdfaf3dffa49479c7461050eacca07bc5ee8d207,tornado/ioloop.py:handle_callback_exception,tornado/ioloop.py,handle_callback_exception,11,1,0,2,0,1,26,3,0,0,4,0.0,0.0005835478215787699,0
tornado_15_fdfaf3dffa49_tornado/test/web_test.py_test_set_cookie_0,tornado,15,fdfaf3dffa49479c7461050eacca07bc5ee8d207,tornado/test/web_test.py:test_set_cookie,tornado/test/web_test.py,test_set_cookie,7,1,0,1,0,4,27,0,0,0,1,0.0,0.00025755545441084486,0
tornado_16_b450ff270df0_tornado/gen.py_next_1,tornado,16,b450ff270df0395ee80f4ee5896a92bfe7f9b6ae,tornado/gen.py:next,tornado/gen.py,next,12,2,1,1,1,3,14,1,1,0,3,0.0,0.0006452753658092918,1
tornado_16_b450ff270df0_tornado/gen.py___init___1,tornado,16,b450ff270df0395ee80f4ee5896a92bfe7f9b6ae,tornado/gen.py:__init__,tornado/gen.py,__init__,19,2,1,4,0,3,14,0,2,0,3,0.0,0.00026379705606244345,1
tornado_16_b450ff270df0_tornado/web.py_prepare_0,tornado,16,b450ff270df0395ee80f4ee5896a92bfe7f9b6ae,tornado/web.py:prepare,tornado/web.py,prepare,16,1,0,1,0,0,42,1,0,0,2,0.0,0.0003066593838786026,0
tornado_16_b450ff270df0_tornado/test/options_test.py_test_multiple_string_0,tornado,16,b450ff270df0395ee80f4ee5896a92bfe7f9b6ae,tornado/test/options_test.py:test_multiple_string,tornado/test/options_test.py,test_multiple_string,5,1,0,1,0,4,11,0,0,0,1,0.0,0.00026794049296159005,0
tornado_16_b450ff270df0_tornado/web.py__find_groups_0,tornado,16,b450ff270df0395ee80f4ee5896a92bfe7f9b6ae,tornado/web.py:_find_groups,tornado/web.py,_find_groups,27,7,3,1,2,8,42,1,0,0,2,0.0,0.00028994547401828995,0
tornado_16_b450ff270df0_tornado/test/httpclient_test.py_test_put_307_0,tornado,16,b450ff270df0395ee80f4ee5896a92bfe7f9b6ae,tornado/test/httpclient_test.py:test_put_307,tornado/test/httpclient_test.py,test_put_307,5,1,0,1,0,3,23,0,0,0,1,0.0,0.0002608800618829756,0
tornado_16_b450ff270df0_tornado/queues.py___repr___0,tornado,16,b450ff270df0395ee80f4ee5896a92bfe7f9b6ae,tornado/queues.py:__repr__,tornado/queues.py,__repr__,3,1,0,1,1,4,6,0,1,0,2,0.0,0.00026618789470928613,0
tornado_16_b450ff270df0_tornado/test/web_test.py_test_finish_in_prepare_0,tornado,16,b450ff270df0395ee80f4ee5896a92bfe7f9b6ae,tornado/test/web_test.py:test_finish_in_prepare,tornado/test/web_test.py,test_finish_in_prepare,3,1,0,1,0,2,27,0,0,0,1,0.0,0.0002588809081496808,0
tornado_2_2ca8821d006f_tornado/http1connection.py_write_headers_1,tornado,2,2ca8821d006f6693f920a4b183a3a7c985a5c8ad,tornado/http1connection.py:write_headers,tornado/http1connection.py,write_headers,87,11,2,4,1,27,12,0,2,0,3,0.0,0.0002611147497210138,1
tornado_2_2ca8821d006f_tornado/test/web_test.py_get_app_kwargs_0,tornado,2,2ca8821d006f6693f920a4b183a3a7c985a5c8ad,tornado/test/web_test.py:get_app_kwargs,tornado/test/web_test.py,get_app_kwargs,2,1,0,1,1,0,30,1,2,0,4,0.0,0.0003669700517414156,0
tornado_2_2ca8821d006f_tornado/iostream.py_write_0,tornado,2,2ca8821d006f6693f920a4b183a3a7c985a5c8ad,tornado/iostream.py:write,tornado/iostream.py,write,38,5,2,2,1,13,21,1,5,0,7,0.0,0.0005241133357567292,0
tornado_2_2ca8821d006f_tornado/queues.py__init_0,tornado,2,2ca8821d006f6693f920a4b183a3a7c985a5c8ad,tornado/queues.py:_init,tornado/queues.py,_init,2,1,0,1,0,1,9,1,0,0,2,0.0,0.0004930889307088035,0
tornado_3_940fd87fe914_tornado/httpclient.py_close_1,tornado,3,940fd87fe9145d1154c8457221f86d56ea063c65,tornado/httpclient.py:close,tornado/httpclient.py,close,20,4,2,1,1,2,14,2,0,0,3,0.0,0.000613926024857262,1
tornado_3_940fd87fe914_tornado/test/auth_test.py_test_oauth10a_get_user_0,tornado,3,940fd87fe9145d1154c8457221f86d56ea063c65,tornado/test/auth_test.py:test_oauth10a_get_user,tornado/test/auth_test.py,test_oauth10a_get_user,9,1,0,1,0,6,10,0,0,0,1,0.0,0.0002598212416620049,0
tornado_3_940fd87fe914_tornado/ioloop.py_split_fd_0,tornado,3,940fd87fe9145d1154c8457221f86d56ea063c65,tornado/ioloop.py:split_fd,tornado/ioloop.py,split_fd,21,2,1,2,2,2,23,0,1,0,2,0.0,0.00027438174490234437,0
tornado_3_940fd87fe914_tornado/test/web_test.py_get_login_url_0,tornado,3,940fd87fe9145d1154c8457221f86d56ea063c65,tornado/test/web_test.py:get_login_url,tornado/test/web_test.py,get_login_url,2,1,0,1,1,0,30,0,0,0,1,0.0,0.00025673747445300086,0
tornado_4_a8420fc681c5_tornado/web.py_get_1,tornado,4,a8420fc681c5423d072978f00eab4d0645057d16,tornado/web.py:get,tornado/web.py,get,74,17,3,3,4,21,41,22,13,0,36,0.0,0.00559701586937726,1
tornado_4_a8420fc681c5_maint/scripts/custom_fixers/fix_future_imports.py_finish_tree_0,tornado,4,a8420fc681c5423d072978f00eab4d0645057d16,maint/scripts/custom_fixers/fix_future_imports.py:finish_tree,maint/scripts/custom_fixers/fix_future_imports.py,finish_tree,25,5,2,3,2,10,4,0,2,0,3,0.0,0.00029416016053795756,0
tornado_4_a8420fc681c5_tornado/test/auth_test.py_test_oauth2_redirect_0,tornado,4,a8420fc681c5423d072978f00eab4d0645057d16,tornado/test/auth_test.py:test_oauth2_redirect,tornado/test/auth_test.py,test_oauth2_redirect,4,1,0,1,0,3,10,0,0,0,1,0.0,0.0002605057179899475,0
tornado_4_a8420fc681c5_tornado/test/web_test.py_test_render_method_return_future_0,tornado,4,a8420fc681c5423d072978f00eab4d0645057d16,tornado/test/web_test.py:test_render_method_return_future,tornado/test/web_test.py,test_render_method_return_future,4,1,0,1,0,4,30,0,0,0,1,0.0,0.00025741855336345053,0
tornado_5_2d4053daa56c_tornado/ioloop.py__update_next_1,tornado,5,2d4053daa56c609d642b214399e046671d4a593e,tornado/ioloop.py:_update_next,tornado/ioloop.py,_update_next,5,2,1,2,0,1,35,1,0,0,2,0.0,0.0003505853682702531,1
tornado_5_2d4053daa56c_tornado/test/web_test.py_get_0,tornado,5,2d4053daa56c609d642b214399e046671d4a593e,tornado/test/web_test.py:get,tornado/test/web_test.py,get,2,1,0,1,0,1,29,18,2,0,21,1.2503905029678226e-05,0.006863916864266796,0
tornado_5_2d4053daa56c_tornado/test/concurrent_test.py_test_call_with_executor_0,tornado,5,2d4053daa56c609d642b214399e046671d4a593e,tornado/test/concurrent_test.py:test_call_with_executor,tornado/test/concurrent_test.py,test_call_with_executor,12,1,0,1,1,5,18,0,0,0,1,0.0,0.00022500326741587936,0
tornado_5_2d4053daa56c_tornado/test/gen_test.py_test_task_refcounting_0,tornado,5,2d4053daa56c609d642b214399e046671d4a593e,tornado/test/gen_test.py:test_task_refcounting,tornado/test/gen_test.py,test_task_refcounting,17,1,0,1,0,10,24,0,1,0,2,0.0,0.00022328908469209185,0
tornado_6_fb74e4816ccf_tornado/platform/asyncio.py_close_1,tornado,6,fb74e4816ccfa7fc6a7abd8c8aab1f415cfc1b13,tornado/platform/asyncio.py:close,tornado/platform/asyncio.py,close,4,2,1,2,0,3,6,1,1,0,3,0.0,0.0003324187573397018,1
tornado_6_fb74e4816ccf_tornado/platform/asyncio.py_initialize_1,tornado,6,fb74e4816ccfa7fc6a7abd8c8aab1f415cfc1b13,tornado/platform/asyncio.py:initialize,tornado/platform/asyncio.py,initialize,10,3,1,2,0,4,6,0,2,0,3,0.0,0.00023086053644681226,1
tornado_6_fb74e4816ccf_tornado/test/web_test.py_test_finish_in_prepare_0,tornado,6,fb74e4816ccfa7fc6a7abd8c8aab1f415cfc1b13,tornado/test/web_test.py:test_finish_in_prepare,tornado/test/web_test.py,test_finish_in_prepare,3,1,0,1,0,2,29,0,0,0,1,0.0,0.00022300255970174603,0
tornado_6_fb74e4816ccf_tornado/routing.py__unquote_or_none_0,tornado,6,fb74e4816ccfa7fc6a7abd8c8aab1f415cfc1b13,tornado/routing.py:_unquote_or_none,tornado/routing.py,_unquote_or_none,10,2,1,1,2,1,9,1,0,0,2,0.0,0.0005422381726723338,0
tornado_6_fb74e4816ccf_tornado/gen.py_Task_0,tornado,6,fb74e4816ccfa7fc6a7abd8c8aab1f415cfc1b13,tornado/gen.py:Task,tornado/gen.py,Task,32,4,1,3,4,9,23,0,3,0,4,0.0,0.00022668247988494647,0
tornado_6_fb74e4816ccf_tornado/test/tcpclient_test.py_test_source_ip_success_0,tornado,6,fb74e4816ccfa7fc6a7abd8c8aab1f415cfc1b13,tornado/test/tcpclient_test.py:test_source_ip_success,tornado/test/tcpclient_test.py,test_source_ip_success,5,1,0,1,0,1,12,0,1,0,2,0.0,0.00022573092100676765,0
tornado_6_fb74e4816ccf_tornado/test/web_test.py_test_path_traversal_protection_0,tornado,6,fb74e4816ccfa7fc6a7abd8c8aab1f415cfc1b13,tornado/test/web_test.py:test_path_traversal_protection,tornado/test/web_test.py,test_path_traversal_protection,12,2,1,1,0,5,29,0,1,0,2,0.0,0.00022300255970174603,0
tornado_6_fb74e4816ccf_tornado/test/twisted_test.py_connectionLost_0,tornado,6,fb74e4816ccfa7fc6a7abd8c8aab1f415cfc1b13,tornado/test/twisted_test.py:connectionLost,tornado/test/twisted_test.py,connectionLost,2,1,0,2,0,1,33,1,1,0,3,0.0,0.0011462712954720031,0
tornado_7_fa3409179588_tornado/ioloop.py_run_in_executor_1,tornado,7,fa3409179588536f2f743d16e537f6f9827fa92f,tornado/ioloop.py:run_in_executor,tornado/ioloop.py,run_in_executor,18,4,2,4,1,5,34,0,0,0,1,0.0,0.00024616574946536164,1
tornado_7_fa3409179588_tornado/web.py_settings_0,tornado,7,fa3409179588536f2f743d16e537f6f9827fa92f,tornado/web.py:settings,tornado/web.py,settings,3,1,0,1,1,0,44,0,0,0,1,0.0,0.00023246434170411912,0
tornado_7_fa3409179588_tornado/httpserver.py__unapply_xheaders_0,tornado,7,fa3409179588536f2f743d16e537f6f9827fa92f,tornado/httpserver.py:_unapply_xheaders,tornado/httpserver.py,_unapply_xheaders,8,1,0,1,0,0,10,1,0,0,2,0.0,0.000918626829802609,0
tornado_7_fa3409179588_tornado/test/web_test.py_post_0,tornado,7,fa3409179588536f2f743d16e537f6f9827fa92f,tornado/test/web_test.py:post,tornado/test/web_test.py,post,2,1,0,1,0,1,30,0,2,0,3,0.0,0.00022996564121991665,0
tornado_8_34c43f477597_tornado/websocket.py_accept_connection_1,tornado,8,34c43f4775971ab9b2b8ed43356f218add6387b2,tornado/websocket.py:accept_connection,tornado/websocket.py,accept_connection,9,3,1,1,1,4,20,1,3,0,5,0.0,0.0009349614718710161,1
tornado_8_34c43f477597_tornado/websocket.py_on_connection_close_0,tornado,8,34c43f4775971ab9b2b8ed43356f218add6387b2,tornado/websocket.py:on_connection_close,tornado/websocket.py,on_connection_close,6,2,1,1,0,7,20,0,5,0,6,0.0,0.00023395298095733964,0
tornado_8_34c43f477597_tornado/test/web_test.py_get_0,tornado,8,34c43f4775971ab9b2b8ed43356f218add6387b2,tornado/test/web_test.py:get,tornado/test/web_test.py,get,5,1,0,1,0,1,30,18,2,0,21,0.0,0.0068845024601594295,0
tornado_8_34c43f477597_tornado/test/twisted_test.py_setUp_0,tornado,8,34c43f4775971ab9b2b8ed43356f218add6387b2,tornado/test/twisted_test.py:setUp,tornado/test/twisted_test.py,setUp,5,1,0,1,0,4,32,1,2,0,4,0.0,0.000273329853605911,0
tornado_9_c9d2a3fa5739_tornado/httputil.py_url_concat_1,tornado,9,c9d2a3fa573987629ad576e991c2f3b65f4daab4,tornado/httputil.py:url_concat,tornado/httputil.py,url_concat,34,3,2,2,1,14,22,0,0,0,1,0.0,0.00023752411792144328,1
tornado_9_c9d2a3fa5739_tornado/ioloop.py_add_timeout_0,tornado,9,c9d2a3fa573987629ad576e991c2f3b65f4daab4,tornado/ioloop.py:add_timeout,tornado/ioloop.py,add_timeout,33,3,2,5,2,7,29,3,2,0,6,0.0,0.0009135700138949223,0
tornado_9_c9d2a3fa5739_tornado/test/template_test.py_test_simple_0,tornado,9,c9d2a3fa573987629ad576e991c2f3b65f4daab4,tornado/test/template_test.py:test_simple,tornado/test/template_test.py,test_simple,4,1,0,1,0,3,8,0,0,0,1,0.0,0.0002368075543638182,0
tornado_9_c9d2a3fa5739_tornado/auth.py_authenticate_redirect_0,tornado,9,c9d2a3fa573987629ad576e991c2f3b65f4daab4,tornado/auth.py:authenticate_redirect,tornado/auth.py,authenticate_redirect,23,1,0,4,0,4,20,0,3,0,4,0.0,0.0002391140202032966,0
tqdm_1_8cc777fe8401_tqdm/contrib/__init__.py_tenumerate_1,tqdm,1,8cc777fe8401a05d07f2c97e65d15e4460feab88,tqdm/contrib/__init__.py:tenumerate,tqdm/contrib/__init__.py,tenumerate,18,4,2,5,2,6,7,0,0,0,1,0.0,0.0021632300267106996,1
tqdm_1_8cc777fe8401_tqdm/tests/tests_perf.py_worker_0,tqdm,1,8cc777fe8401a05d07f2c97e65d15e4460feab88,tqdm/tests/tests_perf.py:worker,tqdm/tests/tests_perf.py,worker,10,4,2,2,2,3,13,1,0,0,2,0.0,0.0023757355919718196,0
tqdm_1_8cc777fe8401_tqdm/tests/tests_tqdm.py_test_auto_0,tqdm,1,8cc777fe8401a05d07f2c97e65d15e4460feab88,tqdm/tests/tests_tqdm.py:test_auto,tqdm/tests/tests_tqdm.py,test_auto,5,1,0,0,0,2,28,0,1,0,2,0.0,0.001955583008501789,0
tqdm_1_8cc777fe8401_tqdm/tests/tests_tqdm.py_write_0,tqdm,1,8cc777fe8401a05d07f2c97e65d15e4460feab88,tqdm/tests/tests_tqdm.py:write,tqdm/tests/tests_tqdm.py,write,2,1,0,2,0,1,28,5,0,0,6,0.0,0.004799679533818064,0
tqdm_2_bef86db56654_tqdm/std.py_format_meter_1,tqdm,2,bef86db56654d271838b145ad77f7040a73a7b4d,tqdm/std.py:format_meter,tqdm/std.py,format_meter,201,39,3,13,6,37,21,1,3,0,5,0.0003986623827945709,0.0076212011391448755,1
tqdm_2_bef86db56654_tqdm/utils.py_disp_trim_1,tqdm,2,bef86db56654d271838b145ad77f7040a73a7b4d,tqdm/utils.py:disp_trim,tqdm/utils.py,disp_trim,12,4,1,2,3,4,18,0,1,0,2,0.0,0.0022213102334411247,1
tqdm_2_bef86db56654_tqdm/tests/tests_tqdm.py_time_0,tqdm,2,bef86db56654d271838b145ad77f7040a73a7b4d,tqdm/tests/tests_tqdm.py:time,tqdm/tests/tests_tqdm.py,time,3,1,0,1,1,0,28,0,0,0,1,0.0,0.002184261013339462,0
tqdm_2_bef86db56654_tqdm/utils.py___eq___0,tqdm,2,bef86db56654d271838b145ad77f7040a73a7b4d,tqdm/utils.py:__eq__,tqdm/utils.py,__eq__,2,1,0,2,1,0,18,0,0,0,1,0.0,0.0022213102334411247,0
tqdm_2_bef86db56654_tqdm/gui.py_update_0,tqdm,2,bef86db56654d271838b145ad77f7040a73a7b4d,tqdm/gui.py:update,tqdm/gui.py,update,50,11,5,2,1,5,8,0,1,0,2,0.0,0.0024272665296314992,0
tqdm_2_bef86db56654_tqdm/tests/tests_main.py_test_manpath_0,tqdm,2,bef86db56654d271838b145ad77f7040a73a7b4d,tqdm/tests/tests_main.py:test_manpath,tqdm/tests/tests_main.py,test_manpath,13,3,1,0,0,7,8,0,0,0,1,0.0,0.00236854019652759,0
tqdm_2_bef86db56654_tqdm/tests/tests_tqdm.py_closing_0,tqdm,2,bef86db56654d271838b145ad77f7040a73a7b4d,tqdm/tests/tests_tqdm.py:closing,tqdm/tests/tests_tqdm.py,closing,2,1,0,1,1,0,28,48,0,0,49,0.0,0.05150023324037203,0
tqdm_2_bef86db56654_tqdm/utils.py___repr___0,tqdm,2,bef86db56654d271838b145ad77f7040a73a7b4d,tqdm/utils.py:__repr__,tqdm/utils.py,__repr__,3,1,0,1,1,3,18,0,0,0,1,0.0,0.0022213102334411247,0
tqdm_4_03b347646492_tqdm/_tqdm.py_format_meter_1,tqdm,4,03b347646492131d889871939b40457d29147216,tqdm/_tqdm.py:format_meter,tqdm/_tqdm.py,format_meter,199,32,3,13,4,31,20,1,2,0,4,0.0003053347159811038,0.00917363122616865,1
tqdm_4_03b347646492_benchmarks/benchmarks.py_track_tqdm_0,tqdm,4,03b347646492131d889871939b40457d29147216,benchmarks/benchmarks.py:track_tqdm,benchmarks/benchmarks.py,track_tqdm,6,2,1,1,1,3,4,0,0,0,1,0.0,0.002941234869265173,0
tqdm_4_03b347646492_tqdm/tests/tests_main.py___call___0,tqdm,4,03b347646492131d889871939b40457d29147216,tqdm/tests/tests_main.py:__call__,tqdm/tests/tests_main.py,__call__,2,1,0,3,1,0,8,0,0,0,1,0.0,0.002750646580023818,0
tqdm_4_03b347646492_tqdm/tests/tests_tqdm.py_test_unit_scale_0,tqdm,4,03b347646492131d889871939b40457d29147216,tqdm/tests/tests_tqdm.py:test_unit_scale,tqdm/tests/tests_tqdm.py,test_unit_scale,7,3,2,0,0,5,24,0,2,0,3,0.0,0.002540256910082062,0
tqdm_5_19b08ab34fdb_tqdm/_tqdm.py___init___1,tqdm,5,19b08ab34fdbfa0275bc5cb2430436c724c7e759,tqdm/_tqdm.py:__init__,tqdm/_tqdm.py,__init__,226,28,3,23,1,27,17,0,5,0,6,0.0,0.00275455191880145,1
tqdm_5_19b08ab34fdb_tqdm/tests/tests_synchronisation.py_test_monitor_thread_0,tqdm,5,19b08ab34fdbfa0275bc5cb2430436c724c7e759,tqdm/tests/tests_synchronisation.py:test_monitor_thread,tqdm/tests/tests_synchronisation.py,test_monitor_thread,20,1,0,0,0,8,7,0,2,0,3,0.0,0.0029090508211255814,0
tqdm_5_19b08ab34fdb_tqdm/_tqdm.py_format_sizeof_0,tqdm,5,19b08ab34fdbfa0275bc5cb2430436c724c7e759,tqdm/_tqdm.py:format_sizeof,tqdm/_tqdm.py,format_sizeof,28,5,4,3,4,7,17,1,0,0,2,0.0,0.008261047504073693,0
tqdm_5_19b08ab34fdb_tqdm/tests/tests_perf.py_checkCpuTime_0,tqdm,5,19b08ab34fdbfa0275bc5cb2430436c724c7e759,tqdm/tests/tests_perf.py:checkCpuTime,tqdm/tests/tests_perf.py,checkCpuTime,17,3,1,1,2,7,10,1,1,0,3,0.0,0.009530420529906283,0
tqdm_6_a4b9c86db548_tqdm/_tqdm.py___len___1,tqdm,6,a4b9c86db548b2d0dbb5af7a6bbdc26ab47e1eec,tqdm/_tqdm.py:__len__,tqdm/_tqdm.py,__len__,5,4,0,1,1,3,18,0,0,0,1,0.0,0.0028304137612977023,1
tqdm_6_a4b9c86db548_tqdm/_utils.py__environ_cols_windows_0,tqdm,6,a4b9c86db548b2d0dbb5af7a6bbdc26ab47e1eec,tqdm/_utils.py:_environ_cols_windows,tqdm/_utils.py,_environ_cols_windows,23,6,3,1,2,4,16,0,0,0,1,0.0,0.0029047498333340067,0
tqdm_6_a4b9c86db548_tqdm/tests/tests_tqdm.py_test_smoothing_0,tqdm,6,a4b9c86db548b2d0dbb5af7a6bbdc26ab47e1eec,tqdm/tests/tests_tqdm.py:test_smoothing,tqdm/tests/tests_tqdm.py,test_smoothing,96,18,5,0,0,71,19,0,8,0,9,0.0,0.002815892483156411,0
tqdm_6_a4b9c86db548_tqdm/tests/tests_perf.py_test_iter_overhead_simplebar_hard_0,tqdm,6,a4b9c86db548b2d0dbb5af7a6bbdc26ab47e1eec,tqdm/tests/tests_perf.py:test_iter_overhead_simplebar_hard,tqdm/tests/tests_perf.py,test_iter_overhead_simplebar_hard,27,9,4,0,0,13,10,0,3,0,4,0.0,0.0029380240751026385,0
tqdm_8_08b8ad1ff3bd_tqdm/_tqdm.py_format_meter_1,tqdm,8,08b8ad1ff3bd003ef8309faaa0cc108ffa40317d,tqdm/_tqdm.py:format_meter,tqdm/_tqdm.py,format_meter,162,28,3,10,4,29,4,5,2,0,8,0.0012881064834693002,0.019770078899405654,1
tqdm_8_08b8ad1ff3bd_tqdm/tests/tests_tqdm.py_test_min_interval_0,tqdm,8,08b8ad1ff3bd003ef8309faaa0cc108ffa40317d,tqdm/tests/tests_tqdm.py:test_min_interval,tqdm/tests/tests_tqdm.py,test_min_interval,7,3,2,0,0,6,14,0,3,0,4,0.0,0.004392279386878995,0
tqdm_8_08b8ad1ff3bd_tqdm/_tqdm.py___lt___0,tqdm,8,08b8ad1ff3bd003ef8309faaa0cc108ffa40317d,tqdm/_tqdm.py:__lt__,tqdm/_tqdm.py,__lt__,3,1,0,2,1,0,4,0,0,0,1,0.0,0.004437571957078765,0
tqdm_8_08b8ad1ff3bd_tqdm/tests/tests_perf.py_cpu_sleep_0,tqdm,8,08b8ad1ff3bd003ef8309faaa0cc108ffa40317d,tqdm/tests/tests_perf.py:cpu_sleep,tqdm/tests/tests_perf.py,cpu_sleep,5,2,1,1,0,2,10,1,0,0,2,0.0,0.015227360511255325,0
tqdm_9_9da1d5d116ae_tqdm/_tqdm.py___iter___1,tqdm,9,9da1d5d116aec7a23d8f6dc22d5e23ecb1c40a7c,tqdm/_tqdm.py:__iter__,tqdm/_tqdm.py,__iter__,114,16,7,1,0,26,7,0,2,0,3,0.0,0.023357956455391588,1
tqdm_9_9da1d5d116ae_tqdm/_tqdm.py___init___1,tqdm,9,9da1d5d116aec7a23d8f6dc22d5e23ecb1c40a7c,tqdm/_tqdm.py:__init__,tqdm/_tqdm.py,__init__,164,18,3,14,0,31,7,0,2,0,3,0.0,0.023357956455391588,1
tqdm_9_9da1d5d116ae_tqdm/_tqdm.py_format_sizeof_1,tqdm,9,9da1d5d116aec7a23d8f6dc22d5e23ecb1c40a7c,tqdm/_tqdm.py:format_sizeof,tqdm/_tqdm.py,format_sizeof,25,5,4,2,4,7,7,1,0,0,2,0.0,0.06207195528154372,1
tqdm_9_9da1d5d116ae_tqdm/_tqdm.py___len___1,tqdm,9,9da1d5d116aec7a23d8f6dc22d5e23ecb1c40a7c,tqdm/_tqdm.py:__len__,tqdm/_tqdm.py,__len__,2,1,0,1,1,1,7,0,0,0,1,0.0,0.023357956455391588,1
tqdm_9_9da1d5d116ae_tqdm/_tqdm.py_close_0,tqdm,9,9da1d5d116aec7a23d8f6dc22d5e23ecb1c40a7c,tqdm/_tqdm.py:close,tqdm/_tqdm.py,close,26,7,3,1,1,8,7,1,1,0,3,0.0,0.03329880173794009,0
tqdm_9_9da1d5d116ae_tqdm/tests/tests_tqdm.py_test_trange_0,tqdm,9,9da1d5d116aec7a23d8f6dc22d5e23ecb1c40a7c,tqdm/tests/tests_tqdm.py:test_trange,tqdm/tests/tests_tqdm.py,test_trange,14,3,1,0,0,10,9,0,0,0,1,0.0,0.022998368793717756,0
tqdm_9_9da1d5d116ae_tqdm/tests/tests_tqdm.py_test_unit_0,tqdm,9,9da1d5d116aec7a23d8f6dc22d5e23ecb1c40a7c,tqdm/tests/tests_tqdm.py:test_unit,tqdm/tests/tests_tqdm.py,test_unit,7,2,1,0,0,6,9,0,0,0,1,0.0,0.022998368793717756,0
tqdm_9_9da1d5d116ae_tqdm/_utils.py__supports_unicode_0,tqdm,9,9da1d5d116aec7a23d8f6dc22d5e23ecb1c40a7c,tqdm/_utils.py:_supports_unicode,tqdm/_utils.py,_supports_unicode,4,2,1,1,2,2,4,0,1,0,2,0.0,0.02783282513399929,0
tqdm_9_9da1d5d116ae_tqdm/tests/tests_tqdm.py_test_min_interval_0,tqdm,9,9da1d5d116aec7a23d8f6dc22d5e23ecb1c40a7c,tqdm/tests/tests_tqdm.py:test_min_interval,tqdm/tests/tests_tqdm.py,test_min_interval,7,2,1,0,0,6,9,0,0,0,1,0.0,0.022998368793717756,0
tqdm_9_9da1d5d116ae_tqdm/tests/tests_tqdm.py_test_leave_option_0,tqdm,9,9da1d5d116aec7a23d8f6dc22d5e23ecb1c40a7c,tqdm/tests/tests_tqdm.py:test_leave_option,tqdm/tests/tests_tqdm.py,test_leave_option,17,3,1,0,0,14,9,0,0,0,1,0.0,0.022998368793717756,0
tqdm_9_9da1d5d116ae_tqdm/tests/tests_tqdm.py_test_file_output_0,tqdm,9,9da1d5d116aec7a23d8f6dc22d5e23ecb1c40a7c,tqdm/tests/tests_tqdm.py:test_file_output,tqdm/tests/tests_tqdm.py,test_file_output,7,3,2,0,0,5,9,0,0,0,1,0.0,0.022998368793717756,0
tqdm_9_9da1d5d116ae_tqdm/tests/tests_tqdm.py_test_iterate_over_csv_rows_0,tqdm,9,9da1d5d116aec7a23d8f6dc22d5e23ecb1c40a7c,tqdm/tests/tests_tqdm.py:test_iterate_over_csv_rows,tqdm/tests/tests_tqdm.py,test_iterate_over_csv_rows,14,3,1,0,0,9,9,0,0,0,1,0.0,0.022998368793717756,0
tqdm_9_9da1d5d116ae_tqdm/tests/tests_tqdm.py_test_min_iters_0,tqdm,9,9da1d5d116aec7a23d8f6dc22d5e23ecb1c40a7c,tqdm/tests/tests_tqdm.py:test_min_iters,tqdm/tests/tests_tqdm.py,test_min_iters,15,3,1,0,0,14,9,0,0,0,1,0.0,0.022998368793717756,0
tqdm_9_9da1d5d116ae_tqdm/tests/tests_tqdm.py_test_format_meter_0,tqdm,9,9da1d5d116aec7a23d8f6dc22d5e23ecb1c40a7c,tqdm/tests/tests_tqdm.py:test_format_meter,tqdm/tests/tests_tqdm.py,test_format_meter,22,3,1,0,0,9,9,0,0,0,1,0.0,0.022998368793717756,0
tqdm_9_9da1d5d116ae_tqdm/_utils.py__environ_cols_0,tqdm,9,9da1d5d116aec7a23d8f6dc22d5e23ecb1c40a7c,tqdm/_utils.py:_environ_cols,tqdm/_utils.py,_environ_cols,17,7,3,1,4,4,4,0,0,0,1,0.0,0.02783282513399929,0
tqdm_9_9da1d5d116ae_tqdm/_tqdm.py_update_0,tqdm,9,9da1d5d116aec7a23d8f6dc22d5e23ecb1c40a7c,tqdm/_tqdm.py:update,tqdm/_tqdm.py,update,96,14,5,2,1,25,7,0,1,0,2,0.0,0.023357956455391588,0
youtube-dl_1_99036a129808_youtube_dl/utils.py__match_one_1,youtube-dl,1,99036a1298089068dcf80c0985bfcc3f8c24f281,youtube_dl/utils.py:_match_one,youtube_dl/utils.py,_match_one,68,11,4,2,3,40,41,1,1,0,3,0.0,0.00034428016398437765,1
youtube-dl_1_99036a129808_youtube_dl/extractor/espn.py__real_extract_0,youtube-dl,1,99036a1298089068dcf80c0985bfcc3f8c24f281,youtube_dl/extractor/espn.py:_real_extract,youtube_dl/extractor/espn.py,_real_extract,76,13,5,2,2,41,6,0,1,0,2,0.0,0.00019395065338035728,0
youtube-dl_1_99036a129808_youtube_dl/extractor/canvas.py__real_initialize_0,youtube-dl,1,99036a1298089068dcf80c0985bfcc3f8c24f281,youtube_dl/extractor/canvas.py:_real_initialize,youtube_dl/extractor/canvas.py,_real_initialize,2,1,0,1,0,1,7,0,1,0,2,0.0,0.0001877276502322498,0
youtube-dl_1_99036a129808_youtube_dl/aes.py_aes_decrypt_text_0,youtube-dl,1,99036a1298089068dcf80c0985bfcc3f8c24f281,youtube_dl/aes.py:aes_decrypt_text,youtube_dl/aes.py,aes_decrypt_text,36,1,0,3,2,11,4,0,4,0,5,0.0,0.00016594713921387364,0
youtube-dl_10_85d586617750_youtube_dl/utils.py_js_to_json_1,youtube-dl,10,85d586617750d38d742a24f141b099f6b898d269,youtube_dl/utils.py:js_to_json,youtube_dl/utils.py,js_to_json,23,4,1,1,4,8,37,0,0,0,1,0.0,0.0003033076812080734,1
youtube-dl_10_85d586617750_youtube_dl/extractor/bambuser.py__real_extract_0,youtube-dl,10,85d586617750d38d742a24f141b099f6b898d269,youtube_dl/extractor/bambuser.py:_real_extract,youtube_dl/extractor/bambuser.py,_real_extract,27,3,2,2,1,9,6,0,0,0,1,0.0,0.00037870326619734334,0
youtube-dl_10_85d586617750_youtube_dl/extractor/ku6.py__real_extract_0,youtube-dl,10,85d586617750d38d742a24f141b099f6b898d269,youtube_dl/extractor/ku6.py:_real_extract,youtube_dl/extractor/ku6.py,_real_extract,15,1,0,2,1,4,2,0,0,0,1,0.0,0.00041881806501593865,0
youtube-dl_10_85d586617750_youtube_dl/downloader/external.py_supports_0,youtube-dl,10,85d586617750d38d742a24f141b099f6b898d269,youtube_dl/downloader/external.py:supports,youtube_dl/downloader/external.py,supports,2,1,0,2,1,0,6,0,0,0,1,0.0,0.0003169881910918121,0
youtube-dl_11_b568561eba6f_youtube_dl/utils.py_str_to_int_1,youtube-dl,11,b568561eba6f4aceb87419e21aba11567c5de7da,youtube_dl/utils.py:str_to_int,youtube_dl/utils.py,str_to_int,6,2,1,1,2,2,41,1,0,0,2,0.0,0.00024266863616642783,1
youtube-dl_11_b568561eba6f_youtube_dl/extractor/npo.py__get_info_0,youtube-dl,11,b568561eba6f4aceb87419e21aba11567c5de7da,youtube_dl/extractor/npo.py:_get_info,youtube_dl/extractor/npo.py,_get_info,112,17,6,3,3,51,5,1,0,0,2,0.0,0.00022181622871989402,0
youtube-dl_11_b568561eba6f_youtube_dl/extractor/testurl.py__real_extract_0,youtube-dl,11,b568561eba6f4aceb87419e21aba11567c5de7da,youtube_dl/extractor/testurl.py:_real_extract,youtube_dl/extractor/testurl.py,_real_extract,50,9,3,2,1,24,5,0,0,0,1,0.0,0.00024177068560652924,0
youtube-dl_11_b568561eba6f_youtube_dl/extractor/ustudio.py__real_extract_0,youtube-dl,11,b568561eba6f4aceb87419e21aba11567c5de7da,youtube_dl/extractor/ustudio.py:_real_extract,youtube_dl/extractor/ustudio.py,_real_extract,37,1,0,2,2,19,4,0,0,0,1,0.0,0.00021183900027657644,0
youtube-dl_12_435e382423f8_youtube_dl/YoutubeDL.py__build_format_filter_1,youtube-dl,12,435e382423f860aca82a58d7c3db58cbfa242b40,youtube_dl/YoutubeDL.py:_build_format_filter,youtube_dl/YoutubeDL.py,_build_format_filter,62,11,3,2,3,29,35,1,0,0,2,0.0,0.00021397050114678833,1
youtube-dl_12_435e382423f8_youtube_dl/extractor/youtube.py__process_page_0,youtube-dl,12,435e382423f860aca82a58d7c3db58cbfa242b40,youtube_dl/extractor/youtube.py:_process_page,youtube_dl/extractor/youtube.py,_process_page,3,2,1,2,0,2,13,3,1,0,5,0.0,0.00043454454654270343,0
youtube-dl_12_435e382423f8_youtube_dl/extractor/iqiyi.py_split_time_odd_even_0,youtube-dl,12,435e382423f860aca82a58d7c3db58cbfa242b40,youtube_dl/extractor/iqiyi.py:split_time_odd_even,youtube_dl/extractor/iqiyi.py,split_time_odd_even,3,1,0,1,0,2,8,0,2,0,3,0.0,0.000157926783561369,0
youtube-dl_12_435e382423f8_youtube_dl/extractor/filmon.py__real_extract_0,youtube-dl,12,435e382423f860aca82a58d7c3db58cbfa242b40,youtube_dl/extractor/filmon.py:_real_extract,youtube_dl/extractor/filmon.py,_real_extract,55,9,2,2,1,23,4,0,0,0,1,0.0,0.00021071554212097842,0
youtube-dl_13_6945b9e78f38_youtube_dl/utils.py_urljoin_1,youtube-dl,13,6945b9e78f38284eb4e440b7badea2fc60b66c2f,youtube_dl/utils.py:urljoin,youtube_dl/utils.py,urljoin,13,6,1,2,4,9,41,0,0,0,1,0.0,0.00015203133078896578,1
youtube-dl_13_6945b9e78f38_test/test_download.py_process_info_0,youtube-dl,13,6945b9e78f38284eb4e440b7badea2fc60b66c2f,test/test_download.py:process_info,test/test_download.py,process_info,3,1,0,2,1,3,13,0,0,0,1,0.0,0.00016391029223447953,0
youtube-dl_13_6945b9e78f38_youtube_dl/extractor/pluralsight.py__download_course_rpc_0,youtube-dl,13,6945b9e78f38284eb4e440b7badea2fc60b66c2f,youtube_dl/extractor/pluralsight.py:_download_course_rpc,youtube_dl/extractor/pluralsight.py,_download_course_rpc,16,2,1,4,1,5,9,1,0,0,2,0.0,0.0003481255712664462,0
youtube-dl_13_6945b9e78f38_youtube_dl/extractor/echomsk.py__real_extract_0,youtube-dl,13,6945b9e78f38284eb4e440b7badea2fc60b66c2f,youtube_dl/extractor/echomsk.py:_real_extract,youtube_dl/extractor/echomsk.py,_real_extract,26,3,2,2,1,6,3,0,0,0,1,0.0,0.000240666658497799,0
youtube-dl_14_562de77f41d0_youtube_dl/extractor/youtube.py__extract_chapters_1,youtube-dl,14,562de77f41d0c08df9dbb08cfa86ba6c7d239c5a,youtube_dl/extractor/youtube.py:_extract_chapters,youtube_dl/extractor/youtube.py,_extract_chapters,33,10,2,2,3,9,13,1,0,0,2,0.0,0.00016548294769146984,1
youtube-dl_14_562de77f41d0_youtube_dl/extractor/youtube.py__real_extract_1,youtube-dl,14,562de77f41d0c08df9dbb08cfa86ba6c7d239c5a,youtube_dl/extractor/youtube.py:_real_extract,youtube_dl/extractor/youtube.py,_real_extract,5,1,0,2,0,2,13,0,15,0,16,0.0,0.00015360563336183945,1
youtube-dl_14_562de77f41d0_youtube_dl/downloader/common.py_format_retries_0,youtube-dl,14,562de77f41d0c08df9dbb08cfa86ba6c7d239c5a,youtube_dl/downloader/common.py:format_retries,youtube_dl/downloader/common.py,format_retries,2,2,0,1,1,1,8,1,0,0,2,0.0,0.0002446650432223392,0
youtube-dl_14_562de77f41d0_youtube_dl/extractor/pbs.py__extract_webpage_0,youtube-dl,14,562de77f41d0c08df9dbb08cfa86ba6c7d239c5a,youtube_dl/extractor/pbs.py:_extract_webpage,youtube_dl/extractor/pbs.py,_extract_webpage,92,13,3,2,4,29,5,1,1,0,3,0.0,0.0002753481052405511,0
youtube-dl_14_562de77f41d0_youtube_dl/extractor/adobetv.py__extract_playlist_entries_0,youtube-dl,14,562de77f41d0c08df9dbb08cfa86ba6c7d239c5a,youtube_dl/extractor/adobetv.py:_extract_playlist_entries,youtube_dl/extractor/adobetv.py,_extract_playlist_entries,3,1,0,3,1,2,6,1,0,0,2,0.0,0.00020790192744014983,0
youtube-dl_14_562de77f41d0_youtube_dl/extractor/generic.py__real_extract_0,youtube-dl,14,562de77f41d0c08df9dbb08cfa86ba6c7d239c5a,youtube_dl/extractor/generic.py:_real_extract,youtube_dl/extractor/generic.py,_real_extract,1212,209,7,2,148,550,87,0,3,0,4,0.0,0.00018626824776832307,0
youtube-dl_14_562de77f41d0_youtube_dl/extractor/cbc.py__real_extract_0,youtube-dl,14,562de77f41d0c08df9dbb08cfa86ba6c7d239c5a,youtube_dl/extractor/cbc.py:_real_extract,youtube_dl/extractor/cbc.py,_real_extract,29,6,3,2,1,14,8,0,3,0,4,0.0,0.00016177128696346033,0
youtube-dl_14_562de77f41d0_youtube_dl/extractor/flickr.py__real_extract_0,youtube-dl,14,562de77f41d0c08df9dbb08cfa86ba6c7d239c5a,youtube_dl/extractor/flickr.py:_real_extract,youtube_dl/extractor/flickr.py,_real_extract,49,4,2,2,1,32,4,0,1,0,2,0.0,0.00021002287642758386,0
youtube-dl_15_e7f3529f68ee_youtube_dl/utils.py_js_to_json_1,youtube-dl,15,e7f3529f68ee7c8ca78366d37f851cb31fa00f31,youtube_dl/utils.py:js_to_json,youtube_dl/utils.py,js_to_json,39,7,2,1,5,16,41,0,0,0,1,0.0,0.0001608650321202572,1
youtube-dl_15_e7f3529f68ee_youtube_dl/extractor/common.py__merge_subtitles_0,youtube-dl,15,e7f3529f68ee7c8ca78366d37f851cb31fa00f31,youtube_dl/extractor/common.py:_merge_subtitles,youtube_dl/extractor/common.py,_merge_subtitles,6,2,1,3,1,3,17,0,1,0,2,0.0,0.0001615488454184355,0
youtube-dl_15_e7f3529f68ee_youtube_dl/extractor/vlive.py__real_extract_0,youtube-dl,15,e7f3529f68ee7c8ca78366d37f851cb31fa00f31,youtube_dl/extractor/vlive.py:_real_extract,youtube_dl/extractor/vlive.py,_real_extract,37,2,1,2,2,15,7,0,2,0,3,0.0,0.00018369507155262005,0
youtube-dl_15_e7f3529f68ee_youtube_dl/extractor/common.py__find_jwplayer_data_0,youtube-dl,15,e7f3529f68ee7c8ca78366d37f851cb31fa00f31,youtube_dl/extractor/common.py:_find_jwplayer_data,youtube_dl/extractor/common.py,_find_jwplayer_data,14,5,3,4,1,4,17,1,1,0,3,0.0,0.00025688307601511566,0
youtube-dl_16_68d43a61b552_youtube_dl/utils.py_dfxp2srt_1,youtube-dl,16,68d43a61b552007a718894967b869c0f1d8ff00f,youtube_dl/utils.py:dfxp2srt,youtube_dl/utils.py,dfxp2srt,155,37,9,1,3,62,41,0,4,0,5,0.0,0.00016298513030762275,1
youtube-dl_16_68d43a61b552_youtube_dl/postprocessor/ffmpeg.py_run_1,youtube-dl,16,68d43a61b552007a718894967b869c0f1d8ff00f,youtube_dl/postprocessor/ffmpeg.py:run,youtube_dl/postprocessor/ffmpeg.py,run,56,10,3,2,2,19,9,0,3,0,4,0.0,0.00016977221523041707,1
youtube-dl_16_68d43a61b552_youtube_dl/extractor/urplay.py__real_extract_0,youtube-dl,16,68d43a61b552007a718894967b869c0f1d8ff00f,youtube_dl/extractor/urplay.py:_real_extract,youtube_dl/extractor/urplay.py,_real_extract,35,5,2,2,1,19,2,0,0,0,1,0.0,0.0002591028069599122,0
youtube-dl_16_68d43a61b552_devscripts/lazy_load_template.py___new___0,youtube-dl,16,68d43a61b552007a718894967b869c0f1d8ff00f,devscripts/lazy_load_template.py:__new__,devscripts/lazy_load_template.py,__new__,6,1,0,3,1,4,2,0,0,0,1,0.0,0.00022673665053618203,0
youtube-dl_16_68d43a61b552_youtube_dl/extractor/tagesschau.py__extract_formats_0,youtube-dl,16,68d43a61b552007a718894967b869c0f1d8ff00f,youtube_dl/extractor/tagesschau.py:_extract_formats,youtube_dl/extractor/tagesschau.py,_extract_formats,51,7,4,3,1,30,4,1,0,0,2,0.0,0.00038856743265483257,0
youtube-dl_16_68d43a61b552_youtube_dl/downloader/fragment.py__start_frag_download_0,youtube-dl,16,68d43a61b552007a718894967b869c0f1d8ff00f,youtube_dl/downloader/fragment.py:_start_frag_download,youtube_dl/downloader/fragment.py,_start_frag_download,55,5,2,2,2,9,7,1,0,0,2,0.0,0.00027204926952940423,0
youtube-dl_16_68d43a61b552_youtube_dl/cache.py__get_root_dir_0,youtube-dl,16,68d43a61b552007a718894967b869c0f1d8ff00f,youtube_dl/cache.py:_get_root_dir,youtube_dl/cache.py,_get_root_dir,6,2,1,1,1,4,10,2,0,0,3,0.0,0.0005746728320912807,0
youtube-dl_16_68d43a61b552_youtube_dl/extractor/cbc.py__real_extract_0,youtube-dl,16,68d43a61b552007a718894967b869c0f1d8ff00f,youtube_dl/extractor/cbc.py:_real_extract,youtube_dl/extractor/cbc.py,_real_extract,13,1,0,2,1,10,5,0,3,0,4,0.0,0.00017965860482893826,0
